number;group;p1;p2;p3;extra;final_type;ekp35;scenario;main_service;notify_count;notify_services
1010101;пожар на улице;на улице;мусор;открытое пламя;;пожар: мусор;пожар: мусор;MCHS;пожар: мусор;21;Классификатор МЧС | Классификатор МВД | Классификатор МВД | Классификатор СМП | Классификатор МОСГАЗ | ЦЭМП | ЦЭМП | ЦЭМП | ЦЭМП | Гор. Хозяйство | ЦОДД | Аппарат МЭРА | ОАТИ | Территориальные ОИВ | Территориальные ОИВ    ТиНАО | Департамент культуры | ГКУ НТУ | ФСО | ГУП МСР | ЦУКБ Министерство обороны | ГПБУ Мосэкомониторинг
1010102;;на улице;мусор;дым;;задымление: мусор;пожар: мусор;MCHS;пожар: мусор;18;Классификатор МЧС | Классификатор МВД | Классификатор МВД | Классификатор СМП | Классификатор МОСГАЗ | ЦЭМП | ЦЭМП | ЦЭМП | ЦЭМП | Гор. Хозяйство | Аппарат МЭРА | Территориальные ОИВ | Территориальные ОИВ    ТиНАО | Департамент культуры | ГКУ НТУ | ГУП МСР | ЦУКБ Министерство обороны | ГПБУ Мосэкомониторинг
1010201;;на улице;Трава;открытое пламя;;пожар: трава;пожар: трава, пух;MCHS;пожар: трава, пух;19;Классификатор МЧС | Классификатор МВД | Классификатор МВД | Классификатор СМП | Классификатор МОСГАЗ | ЦЭМП | ЦЭМП | ЦЭМП | ЦЭМП | Гор. Хозяйство | ЦОДД | Аппарат МЭРА | Территориальные ОИВ | Территориальные ОИВ    ТиНАО | Департамент культуры | ГКУ НТУ | ФСО | ГУП МСР | ЦУКБ Министерство обороны
1010202;;на улице;Трава;дым;;задымление: трава;пожар: трава, пух;MCHS;пожар: трава, пух;17;Классификатор МЧС | Классификатор МВД | Классификатор МВД | Классификатор СМП | Классификатор МОСГАЗ | ЦЭМП | ЦЭМП | ЦЭМП | ЦЭМП | Гор. Хозяйство | Аппарат МЭРА | Территориальные ОИВ | Территориальные ОИВ    ТиНАО | Департамент культуры | ГКУ НТУ | ГУП МСР | ЦУКБ Министерство обороны
1010301;;на улице;Пух;открытое пламя;;пожар: пух;пожар: трава, пух;MCHS;пожар: трава, пух;20;Классификатор МЧС | Классификатор МВД | Классификатор МВД | Классификатор СМП | Классификатор МОСГАЗ | ЦЭМП | ЦЭМП | ЦЭМП | ЦЭМП | Гор. Хозяйство | ЦОДД | Аппарат МЭРА | Территориальные ОИВ | Территориальные ОИВ    ТиНАО | Департамент культуры | ГКУ НТУ | ФСО | ГУП МСР | ЦУКБ Министерство обороны | ООО Ситиэнерго
1010302;;на улице;Пух;дым;;задымление: пух;пожар: трава, пух;MCHS;пожар: трава, пух;17;Классификатор МЧС | Классификатор МВД | Классификатор МВД | Классификатор СМП | Классификатор МОСГАЗ | ЦЭМП | ЦЭМП | ЦЭМП | ЦЭМП | Гор. Хозяйство | Аппарат МЭРА | Территориальные ОИВ | Территориальные ОИВ    ТиНАО | Департамент культуры | ГКУ НТУ | ГУП МСР | ЦУКБ Министерство обороны
1010401;;на улице;Парк;открытое пламя;;пожар: парк;пожар: лесопосадки;MCHS;пожар: лесопосадки;23;Классификатор МЧС | Классификатор МВД | Классификатор МВД | Классификатор МВД | Классификатор СМП | Классификатор МОСГАЗ | ЦЭМП | ЦЭМП | ЦЭМП | ЦЭМП | Мосгортранс | Гор. Хозяйство | ЦОДД | Аппарат МЭРА | ОАТИ | Территориальные ОИВ | Территориальные ОИВ    ТиНАО | Департамент культуры | ГКУ НТУ | ФСО | ГУП МСР | ЦУКБ Министерство обороны | ГПБУ Мосэкомониторинг
1010402;;на улице;Парк;дым;;задымление: парк;пожар: лесопосадки;MCHS;пожар: лесопосадки;19;Классификатор МЧС | Классификатор МВД | Классификатор МВД | Классификатор СМП | Классификатор МОСГАЗ | ЦЭМП | ЦЭМП | ЦЭМП | ЦЭМП | Мосгортранс | Гор. Хозяйство | Аппарат МЭРА | Территориальные ОИВ | Территориальные ОИВ    ТиНАО | Департамент культуры | ГКУ НТУ | ГУП МСР | ЦУКБ Министерство обороны | ГПБУ Мосэкомониторинг
1010501;;на улице;Лес;открытое пламя;;пожар: лес;пожар: лесопосадки;MCHS;пожар: лесопосадки;21;Классификатор МЧС | Классификатор МВД | Классификатор СМП | Классификатор МОСГАЗ | ЦЭМП | ЦЭМП | ЦЭМП | ЦЭМП | Мосгортранс | Гор. Хозяйство | ЦОДД | Аппарат МЭРА | ОАТИ | Территориальные ОИВ | Территориальные ОИВ    ТиНАО | Департамент культуры | ГКУ НТУ | ФСО | ГУП МСР | ЦУКБ Министерство обороны | ГПБУ Мосэкомониторинг
1010502;;на улице;Лес;дым;;задымление: лес;пожар: лесопосадки;MCHS;пожар: лесопосадки;19;Классификатор МЧС | Классификатор МВД | Классификатор МВД | Классификатор СМП | Классификатор МОСГАЗ | ЦЭМП | ЦЭМП | ЦЭМП | ЦЭМП | Мосгортранс | Гор. Хозяйство | Аппарат МЭРА | Территориальные ОИВ | Территориальные ОИВ    ТиНАО | Департамент культуры | ГКУ НТУ | ГУП МСР | ЦУКБ Министерство обороны | ГПБУ Мосэкомониторинг
1010601;;на улице;торф;открытое пламя;;пожар: торф;пожар: торф;MCHS;пожар: торф;21;Классификатор МЧС | Классификатор МВД | Классификатор МВД | Классификатор МВД | Классификатор СМП | Классификатор МОСГАЗ | ЦЭМП | ЦЭМП | ЦЭМП | ЦЭМП | Гор. Хозяйство | ЦОДД | Аппарат МЭРА | ОАТИ | Территориальные ОИВ | Территориальные ОИВ    ТиНАО | Департамент культуры | ГКУ НТУ | ФСО | ГУП МСР | ГПБУ Мосэкомониторинг
1010602;;на улице;торф;дым;;задымление: торф;пожар: торф;MCHS;пожар: торф;17;Классификатор МЧС | Классификатор МВД | Классификатор МВД | Классификатор СМП | Классификатор МОСГАЗ | ЦЭМП | ЦЭМП | ЦЭМП | ЦЭМП | Гор. Хозяйство | Аппарат МЭРА | Территориальные ОИВ | Территориальные ОИВ    ТиНАО | Департамент культуры | ГКУ НТУ | ГУП МСР | ГПБУ Мосэкомониторинг
1010701;;на улице;Мачта освещения;открытое пламя;;пожар: мачта освещения;пожар: электрические сети;MCHS;пожар: электрические сети;21;Классификатор МЧС | Классификатор МВД | Классификатор СМП | Классификатор МОСГАЗ | ЦЭМП | ЦЭМП | ЦЭМП | ЦЭМП | Мосгортранс | Гор. Хозяйство | ОЭК | ЦОДД | Аппарат МЭРА | ОАТИ | Территориальные ОИВ | Территориальные ОИВ    ТиНАО | Департамент культуры | ГКУ НТУ | ФСО | ГУП МСР | ЦУКБ Министерство обороны
1010702;;на улице;Мачта освещения;дым;;задымление: мачта освещения;пожар: электрические сети;MCHS;пожар: электрические сети;19;Классификатор МЧС | Классификатор МВД | Классификатор МВД | Классификатор СМП | Классификатор МОСГАЗ | ЦЭМП | ЦЭМП | ЦЭМП | ЦЭМП | Мосгортранс | Гор. Хозяйство | ОЭК | Аппарат МЭРА | Территориальные ОИВ | Территориальные ОИВ    ТиНАО | Департамент культуры | ГКУ НТУ | ГУП МСР | ЦУКБ Министерство обороны
1010801;;на улице;опора контактной сети;открытое пламя;;пожар: опора контактной сети;НЕТ в ЕКП;MCHS;пожар: электрические сети;20;Классификатор МЧС | Классификатор МВД | Классификатор СМП | Классификатор МОСГАЗ | ЦЭМП | ЦЭМП | ЦЭМП | ЦЭМП | Мосгортранс | Гор. Хозяйство | ЦОДД | Аппарат МЭРА | ОАТИ | Территориальные ОИВ | Территориальные ОИВ    ТиНАО | Департамент культуры | ГКУ НТУ | ФСО | ГУП МСР | ЦУКБ Министерство обороны
1010802;;на улице;опора контактной сети;дым;;задымление: опора контактной сети;НЕТ в ЕКП;MCHS;пожар: электрические сети;19;Классификатор МЧС | Классификатор МВД | Классификатор МВД | Классификатор СМП | Классификатор МОСГАЗ | ЦЭМП | ЦЭМП | ЦЭМП | ЦЭМП | Мосгортранс | Гор. Хозяйство | ЦОДД | Аппарат МЭРА | Территориальные ОИВ | Территориальные ОИВ    ТиНАО | Департамент культуры | ГКУ НТУ | ГУП МСР | ЦУКБ Министерство обороны
1010901;;на улице;ЛЭП;открытое пламя;;пожар: ЛЭП;пожар: электрические сети;MCHS;пожар: электрические сети;23;"Классификатор МЧС | Классификатор МВД | Классификатор СМП | Классификатор МОСГАЗ | ЦЭМП | ЦЭМП | ЦЭМП | ЦЭМП | Мосгортранс | Гор. Хозяйство | МОЭСК (ПАО ""Россети Московский регион"") | ОЭК | ЦОДД | Департамент РБиПК             (ГКУ МОСБЕЗ) | Департамент РБиПК             (ГКУ МОСБЕЗ) | Аппарат МЭРА | ОАТИ | Территориальные ОИВ | Территориальные ОИВ    ТиНАО | Департамент культуры | ГКУ НТУ | ФСО | ГУП МСР"
1010902;;на улице;ЛЭП;дым;;задымление: ЛЭП;пожар: электрические сети;MCHS;пожар: электрические сети;19;"Классификатор МЧС | Классификатор МВД | Классификатор МВД | Классификатор СМП | Классификатор МОСГАЗ | ЦЭМП | ЦЭМП | ЦЭМП | ЦЭМП | Мосгортранс | Гор. Хозяйство | МОЭСК (ПАО ""Россети Московский регион"") | ОЭК | Аппарат МЭРА | Территориальные ОИВ | Территориальные ОИВ    ТиНАО | Департамент культуры | ГКУ НТУ | ГУП МСР"
1011001;;на улице;Провода;открытое пламя;;пожар: провода на улице;пожар: электрические сети;MCHS;пожар: электрические сети;25;"Классификатор МЧС | Классификатор МВД | Классификатор МВД | Классификатор МВД | Классификатор СМП | Классификатор МОСГАЗ | ЦЭМП | ЦЭМП | ЦЭМП | ЦЭМП | Мосгортранс | Гор. Хозяйство | ГОРМОСТ | МОЭСК (ПАО ""Россети Московский регион"") | ОЭК | ЦОДД | Аппарат МЭРА | ОАТИ | Территориальные ОИВ | Территориальные ОИВ    ТиНАО | Департамент культуры | ГКУ НТУ | ФСО | ГУП МСР | ЦУКБ Министерство обороны"
1011002;;на улице;Провода;дым;;задымление: провода на улице;пожар: электрические сети;MCHS;пожар: электрические сети;21;"Классификатор МЧС | Классификатор МВД | Классификатор МВД | Классификатор СМП | Классификатор МОСГАЗ | ЦЭМП | ЦЭМП | ЦЭМП | ЦЭМП | Мосгортранс | Гор. Хозяйство | ГОРМОСТ | МОЭСК (ПАО ""Россети Московский регион"") | ОЭК | Аппарат МЭРА | Территориальные ОИВ | Территориальные ОИВ    ТиНАО | Департамент культуры | ГКУ НТУ | ГУП МСР | ЦУКБ Министерство обороны"
1011100;;на улице;запах гари;;;запах гари на улице;НЕТ в ЕКП;MCHS;пожар: другое;8;Классификатор МЧС | Классификатор СМП | Гор. Хозяйство | Аппарат МЭРА | Территориальные ОИВ | Территориальные ОИВ    ТиНАО | Департамент культуры | ГКУ НТУ
1011201;;на улице;дерево, деревья;открытое пламя;;пожар: дерево, деревья;пожар: дерево;MCHS;пожар: дерево;20;Классификатор МЧС | Классификатор МВД | Классификатор МВД | Классификатор СМП | Классификатор МОСГАЗ | ЦЭМП | ЦЭМП | ЦЭМП | ЦЭМП | Гор. Хозяйство | ЦОДД | Аппарат МЭРА | ОАТИ | Территориальные ОИВ | Территориальные ОИВ    ТиНАО | Департамент культуры | ГКУ НТУ | ФСО | ГУП МСР | ЦУКБ Министерство обороны
1011202;;на улице;дерево, деревья;дым;;задымление: дерево, деревья;пожар: дерево;MCHS;пожар: дерево;17;Классификатор МЧС | Классификатор МВД | Классификатор МВД | Классификатор СМП | Классификатор МОСГАЗ | ЦЭМП | ЦЭМП | ЦЭМП | ЦЭМП | Гор. Хозяйство | Аппарат МЭРА | Территориальные ОИВ | Территориальные ОИВ    ТиНАО | Департамент культуры | ГКУ НТУ | ГУП МСР | ЦУКБ Министерство обороны
1020101;горит транспорт;транспорт;общественный транспорт;открытое пламя;;пожар: автобус;пожар: автобус;MCHS;Пожар: Общественный транспорт;22;Классификатор МЧС | Классификатор МВД | Классификатор СМП | ЦЭМП | ЦЭМП | ЦЭМП | ЦЭМП | Мосгортранс | Гор. Хозяйство | ГОРМОСТ | ЦОДД | Департамент РБиПК             (ГКУ МОСБЕЗ) | Департамент РБиПК             (ГКУ МОСБЕЗ) | Аппарат МЭРА | ОАТИ | Территориальные ОИВ | Территориальные ОИВ    ТиНАО | Департамент культуры | ГКУ НТУ | ФСО | ЦУКБ Министерство обороны | ГКУ Организатор перевозок
1020102;;транспорт;общественный транспорт;дым;;задымление: автобус;пожар: автобус;MCHS;Пожар: Общественный транспорт;20;Классификатор МЧС | Классификатор МВД | Классификатор СМП | ЦЭМП | ЦЭМП | ЦЭМП | ЦЭМП | Мосгортранс | Гор. Хозяйство | ГОРМОСТ | ЦОДД | Департамент РБиПК             (ГКУ МОСБЕЗ) | Департамент РБиПК             (ГКУ МОСБЕЗ) | Аппарат МЭРА | Территориальные ОИВ | Территориальные ОИВ    ТиНАО | Департамент культуры | ГКУ НТУ | ЦУКБ Министерство обороны | ГКУ Организатор перевозок
1020201;;транспорт;автомашина;открытое пламя;;пожар: машина;Пожар: машина;MCHS;Пожар: Транспортное средство;21;Классификатор МЧС | Классификатор МВД | Классификатор СМП | ЦЭМП | ЦЭМП | ЦЭМП | ЦЭМП | Мосгортранс | Гор. Хозяйство | ГОРМОСТ | ЦОДД | Департамент РБиПК             (ГКУ МОСБЕЗ) | Департамент РБиПК             (ГКУ МОСБЕЗ) | Аппарат МЭРА | Территориальные ОИВ | Территориальные ОИВ    ТиНАО | Департамент культуры | ГКУ НТУ | ФСО | ЦУКБ Министерство обороны | ГКУ Организатор перевозок
1020202;;транспорт;автомашина;дым;;задымление: машина;Пожар: машина;MCHS;Пожар: Транспортное средство;20;Классификатор МЧС | Классификатор МВД | Классификатор СМП | ЦЭМП | ЦЭМП | ЦЭМП | ЦЭМП | Мосгортранс | Гор. Хозяйство | ГОРМОСТ | ЦОДД | Департамент РБиПК             (ГКУ МОСБЕЗ) | Департамент РБиПК             (ГКУ МОСБЕЗ) | Аппарат МЭРА | Территориальные ОИВ | Территориальные ОИВ    ТиНАО | Департамент культуры | ГКУ НТУ | ЦУКБ Министерство обороны | ГКУ Организатор перевозок
1020301;;транспорт;ДТП с пожаром;открытое пламя;;пожар при ДТП;ДТП с пожаром;MCHS;Пожар: Транспортное средство;21;Классификатор МЧС | Классификатор МВД | Классификатор СМП | ЦЭМП | ЦЭМП | ЦЭМП | ЦЭМП | Мосгортранс | Гор. Хозяйство | ГОРМОСТ | ЦОДД | Департамент РБиПК             (ГКУ МОСБЕЗ) | Департамент РБиПК             (ГКУ МОСБЕЗ) | Аппарат МЭРА | Территориальные ОИВ | Территориальные ОИВ    ТиНАО | Департамент культуры | ГКУ НТУ | ФСО | ЦУКБ Министерство обороны | ГКУ Организатор перевозок
1020302;;транспорт;ДТП с пожаром;дым;;задымление при ДТП;ДТП с пожаром;MCHS;Пожар: Транспортное средство;21;Классификатор МЧС | Классификатор МВД | Классификатор СМП | ЦЭМП | ЦЭМП | ЦЭМП | ЦЭМП | Мосгортранс | Гор. Хозяйство | ГОРМОСТ | ЦОДД | Департамент РБиПК             (ГКУ МОСБЕЗ) | Департамент РБиПК             (ГКУ МОСБЕЗ) | Аппарат МЭРА | Территориальные ОИВ | Территориальные ОИВ    ТиНАО | Департамент культуры | ГКУ НТУ | ФСО | ЦУКБ Министерство обороны | ГКУ Организатор перевозок
1020401;;транспорт;опасный груз;открытое пламя;;пожар: опасный груз;Пожар: машина;MCHS;Пожар: Транспортное средство;26;Классификатор МЧС | Классификатор МВД | Классификатор СМП | ЦЭМП | ЦЭМП | ЦЭМП | ЦЭМП | Мосгортранс | Гор. Хозяйство | ГОРМОСТ | ЦОДД | Департамент РБиПК             (ГКУ МОСБЕЗ) | Департамент РБиПК             (ГКУ МОСБЕЗ) | Аппарат МЭРА | Территориальные ОИВ | Территориальные ОИВ    ТиНАО | Департамент культуры | ГКУ НТУ | ФСО | ГУП МСР | ЦУКБ Министерство обороны | ГКУ Организатор перевозок | ГПБУ Мосэкомониторинг | Министерство обороны РХБЗ | Министерство обороны РХБЗ | ООО Ситиэнерго
1020402;;транспорт;опасный груз;дым;;задымление: опасный груз;Пожар: машина;MCHS;Пожар: Транспортное средство;25;Классификатор МЧС | Классификатор МВД | Классификатор СМП | ЦЭМП | ЦЭМП | ЦЭМП | ЦЭМП | Мосгортранс | Гор. Хозяйство | ГОРМОСТ | ЦОДД | Департамент РБиПК             (ГКУ МОСБЕЗ) | Департамент РБиПК             (ГКУ МОСБЕЗ) | Аппарат МЭРА | Территориальные ОИВ | Территориальные ОИВ    ТиНАО | Департамент культуры | ГКУ НТУ | ФСО | ГУП МСР | ЦУКБ Министерство обороны | ГКУ Организатор перевозок | ГПБУ Мосэкомониторинг | Министерство обороны РХБЗ | Министерство обороны РХБЗ
1020501;;транспорт;воздушный транспорт;открытое пламя;;пожар: воздушный транспорт;НЕТ В ЕКП;MCHS;Пожар: Воздушное судно;21;Классификатор МЧС | Классификатор МВД | Классификатор СМП | ЦЭМП | ЦЭМП | ЦЭМП | ЦЭМП | ЦЭМП | Классификатор ФСБ | Мосгортранс | Гор. Хозяйство | ЦОДД | Департамент РБиПК             (ГКУ МОСБЕЗ) | Аппарат МЭРА | ОАТИ | Территориальные ОИВ | Территориальные ОИВ    ТиНАО | Департамент культуры | ГКУ НТУ | ФСО | ГУП МСР
1020502;;транспорт;воздушный транспорт;дым;;задымление: воздушный транспорт;НЕТ В ЕКП;MCHS;Пожар: Воздушное судно;20;Классификатор МЧС | Классификатор МВД | Классификатор СМП | ЦЭМП | ЦЭМП | ЦЭМП | ЦЭМП | ЦЭМП | Классификатор ФСБ | Мосгортранс | Гор. Хозяйство | ЦОДД | Департамент РБиПК             (ГКУ МОСБЕЗ) | Аппарат МЭРА | Территориальные ОИВ | Территориальные ОИВ    ТиНАО | Департамент культуры | ГКУ НТУ | ФСО | ГУП МСР
1020601;;транспорт;Аэропорт;открытое пламя;;пожар: аэропорт;пожар: аэропорт;MCHS;пожар: аэропорт;24;Классификатор МЧС | Классификатор МВД | Классификатор СМП | Классификатор МОСГАЗ | ЦЭМП | ЦЭМП | ЦЭМП | ЦЭМП | ЦЭМП | Классификатор ФСБ | Мосгортранс | Гор. Хозяйство | ЦОДД | Департамент РБиПК             (ГКУ МОСБЕЗ) | Департамент РБиПК             (ГКУ МОСБЕЗ) | Аппарат МЭРА | ОАТИ | Росгвардия | Территориальные ОИВ | Территориальные ОИВ    ТиНАО | Департамент культуры | ГКУ НТУ | ФСО | ГУП МСР
1020602;;транспорт;Аэропорт;дым;;задымление: аэропорт;пожар: аэропорт;MCHS;пожар: аэропорт;22;Классификатор МЧС | Классификатор МВД | Классификатор СМП | Классификатор МОСГАЗ | ЦЭМП | ЦЭМП | ЦЭМП | ЦЭМП | ЦЭМП | Классификатор ФСБ | Мосгортранс | Гор. Хозяйство | ЦОДД | Департамент РБиПК             (ГКУ МОСБЕЗ) | Аппарат МЭРА | Росгвардия | Территориальные ОИВ | Территориальные ОИВ    ТиНАО | Департамент культуры | ГКУ НТУ | ФСО | ГУП МСР
1020701;;транспорт;ж/д транспорт;открытое пламя;;пожар: жд транспорт;пожар: ж-д транспорт;MCHS;пожар: ж-д транспорт;23;Классификатор МЧС | Классификатор МВД | Классификатор СМП | ЦЭМП | ЦЭМП | ЦЭМП | ЦЭМП | ЦЭМП | Классификатор ФСБ | Гор. Хозяйство | ГОРМОСТ | ЦОДД | Департамент РБиПК             (ГКУ МОСБЕЗ) | Департамент РБиПК             (ГКУ МОСБЕЗ) | Аппарат МЭРА | РЖД (МосковскаяЖД) | Росгвардия | Территориальные ОИВ | Территориальные ОИВ    ТиНАО | Департамент культуры | ГКУ НТУ | ФСО | ГУП МСР
1020702;;транспорт;ж/д транспорт;дым;;задымление: жд транспорт;пожар: ж-д транспорт;MCHS;пожар: ж-д транспорт;24;Классификатор МЧС | Классификатор МВД | Классификатор СМП | ЦЭМП | ЦЭМП | ЦЭМП | ЦЭМП | ЦЭМП | Гор. Хозяйство | ГОРМОСТ | ЦОДД | Департамент РБиПК             (ГКУ МОСБЕЗ) | Департамент РБиПК             (ГКУ МОСБЕЗ) | Аппарат МЭРА | РЖД (МосковскаяЖД) | ОАТИ | Росгвардия | Территориальные ОИВ | Территориальные ОИВ    ТиНАО | Департамент культуры | ГКУ НТУ | ФСО | ГУП МСР | ЦУКБ Министерство обороны
1020801;;транспорт;Вокзал ж/д, платформа жд;открытое пламя;;пожар: вокзал;пожар: вокзал;MCHS;пожар: вокзал;28;Классификатор МЧС | Классификатор МВД | Классификатор СМП | Классификатор МОСГАЗ | ЦЭМП | ЦЭМП | ЦЭМП | ЦЭМП | ЦЭМП | Классификатор ФСБ | Мосгортранс | Гор. Хозяйство | ОЭК | ЦОДД | Департамент РБиПК             (ГКУ МОСБЕЗ) | Департамент РБиПК             (ГКУ МОСБЕЗ) | Аппарат МЭРА | РЖД (МосковскаяЖД) | ОАТИ | ОД Департамент ТСЗН | Росгвардия | Территориальные ОИВ | Территориальные ОИВ    ТиНАО | Департамент культуры | ГКУ НТУ | ФСО | ГУП МСР | ЦУКБ Министерство обороны
1020802;;транспорт;Вокзал ж/д, платформа жд;дым;;задымление: вокзал;пожар: вокзал;MCHS;пожар: вокзал;25;Классификатор МЧС | Классификатор МВД | Классификатор СМП | Классификатор МОСГАЗ | ЦЭМП | ЦЭМП | ЦЭМП | ЦЭМП | ЦЭМП | Мосгортранс | Гор. Хозяйство | ОЭК | ЦОДД | Департамент РБиПК             (ГКУ МОСБЕЗ) | Департамент РБиПК             (ГКУ МОСБЕЗ) | Аппарат МЭРА | РЖД (МосковскаяЖД) | ОД Департамент ТСЗН | Территориальные ОИВ | Территориальные ОИВ    ТиНАО | Департамент культуры | ГКУ НТУ | ФСО | ГУП МСР | ЦУКБ Министерство обороны
1020901;;транспорт;транспорт прочее;открытое пламя;;пожар: транспорт (прочее);Пожар: машина;MCHS;Пожар: Транспортное средство;20;Классификатор МЧС | Классификатор МВД | Классификатор СМП | ЦЭМП | ЦЭМП | ЦЭМП | ЦЭМП | Мосгортранс | Гор. Хозяйство | ГОРМОСТ | ЦОДД | Департамент РБиПК             (ГКУ МОСБЕЗ) | Департамент РБиПК             (ГКУ МОСБЕЗ) | Аппарат МЭРА | Территориальные ОИВ | Территориальные ОИВ    ТиНАО | Департамент культуры | ГКУ НТУ | ЦУКБ Министерство обороны | ГКУ Организатор перевозок
1020902;;транспорт;транспорт прочее;дым;;задымление: транспорт (прочее);Пожар: машина;MCHS;Пожар: Транспортное средство;21;Классификатор МЧС | Классификатор МВД | Классификатор СМП | ЦЭМП | ЦЭМП | ЦЭМП | ЦЭМП | Мосгортранс | Гор. Хозяйство | ГОРМОСТ | ЦОДД | Департамент РБиПК             (ГКУ МОСБЕЗ) | Департамент РБиПК             (ГКУ МОСБЕЗ) | Аппарат МЭРА | Территориальные ОИВ | Территориальные ОИВ    ТиНАО | Департамент культуры | ГКУ НТУ | ФСО | ЦУКБ Министерство обороны | ГКУ Организатор перевозок
1021001;;транспорт;водный;открытое пламя;;пожар: водный транспорт;НЕТ в ЕКП;MCHS;Пожар: Морское/речное судно;24;Классификатор МЧС | Классификатор МЧС | Классификатор МВД | Классификатор СМП | ЦЭМП | ЦЭМП | ЦЭМП | ЦЭМП | Классификатор ФСБ | Мосгортранс | Гор. Хозяйство | Канал имени Москвы | ЦОДД | Департамент РБиПК             (ГКУ МОСБЕЗ) | Департамент РБиПК             (ГКУ МОСБЕЗ) | Аппарат МЭРА | Центррегионводхоз (Московско-Окское БВУ) | Территориальные ОИВ | Территориальные ОИВ    ТиНАО | Департамент культуры | ГКУ НТУ | ФСО | ЦУКБ Министерство обороны | ГКУ Организатор перевозок
1021002;;транспорт;водный;дым;;задымление: водный транспорт;НЕТ в ЕКП;MCHS;Пожар: Морское/речное судно;25;Классификатор МЧС | Классификатор МЧС | Классификатор МВД | Классификатор МВД | Классификатор СМП | ЦЭМП | ЦЭМП | ЦЭМП | ЦЭМП | Мосгортранс | Гор. Хозяйство | Канал имени Москвы | ЦОДД | Департамент РБиПК             (ГКУ МОСБЕЗ) | Департамент РБиПК             (ГКУ МОСБЕЗ) | Аппарат МЭРА | Центррегионводхоз (Московско-Окское БВУ) | ОАТИ | Территориальные ОИВ | Территориальные ОИВ    ТиНАО | Департамент культуры | ГКУ НТУ | ФСО | ЦУКБ Министерство обороны | ГКУ Организатор перевозок
1021101;;транспорт;мост;открытое пламя;;пожар: мост;НЕТ в ЕКП;MCHS;Пожар: Мост;25;Классификатор МВД | Классификатор МВД | Классификатор МВД | Классификатор СМП | Классификатор МОСГАЗ | ЦЭМП | ЦЭМП | ЦЭМП | ЦЭМП | Мосгортранс | Гор. Хозяйство | ГОРМОСТ | ЦОДД | Департамент РБиПК             (ГКУ МОСБЕЗ) | Департамент РБиПК             (ГКУ МОСБЕЗ) | Аппарат МЭРА | ОАТИ | Территориальные ОИВ | Территориальные ОИВ    ТиНАО | Департамент культуры | ГКУ НТУ | ФСО | ГУП МСР | ЦУКБ Министерство обороны | ГКУ Организатор перевозок
1021102;;транспорт;мост;дым;;задымление: мост;НЕТ в ЕКП;MCHS;Пожар: Мост;22;Классификатор МВД | Классификатор МВД | Классификатор СМП | Классификатор МОСГАЗ | ЦЭМП | ЦЭМП | ЦЭМП | ЦЭМП | Мосгортранс | Гор. Хозяйство | ГОРМОСТ | ЦОДД | Департамент РБиПК             (ГКУ МОСБЕЗ) | Департамент РБиПК             (ГКУ МОСБЕЗ) | Аппарат МЭРА | Территориальные ОИВ | Территориальные ОИВ    ТиНАО | Департамент культуры | ГКУ НТУ | ГУП МСР | ЦУКБ Министерство обороны | ГКУ Организатор перевозок
1021201;;транспорт;эстакада;открытое пламя;;пожар: эстакада;НЕТ в ЕКП;MCHS;Пожар: Мост;23;Классификатор МВД | Классификатор СМП | Классификатор МОСГАЗ | ЦЭМП | ЦЭМП | ЦЭМП | ЦЭМП | Мосгортранс | Гор. Хозяйство | ГОРМОСТ | ЦОДД | Департамент РБиПК             (ГКУ МОСБЕЗ) | Департамент РБиПК             (ГКУ МОСБЕЗ) | Аппарат МЭРА | ОАТИ | Территориальные ОИВ | Территориальные ОИВ    ТиНАО | Департамент культуры | ГКУ НТУ | ФСО | ГУП МСР | ЦУКБ Министерство обороны | ГКУ Организатор перевозок
1021202;;транспорт;эстакада;дым;;задымление: эстакада;НЕТ в ЕКП;MCHS;Пожар: Мост;22;Классификатор МВД | Классификатор МВД | Классификатор СМП | Классификатор МОСГАЗ | ЦЭМП | ЦЭМП | ЦЭМП | ЦЭМП | Мосгортранс | Гор. Хозяйство | ГОРМОСТ | ЦОДД | Департамент РБиПК             (ГКУ МОСБЕЗ) | Департамент РБиПК             (ГКУ МОСБЕЗ) | Аппарат МЭРА | Территориальные ОИВ | Территориальные ОИВ    ТиНАО | Департамент культуры | ГКУ НТУ | ГУП МСР | ЦУКБ Министерство обороны | ГКУ Организатор перевозок
1021301;;транспорт;тоннель;открытое пламя;;пожар: тоннель;пожар: тоннель;MCHS;Пожар: Тоннель;28;Классификатор МВД | Классификатор СМП | Классификатор МОСГАЗ | ЦЭМП | ЦЭМП | ЦЭМП | ЦЭМП | Классификатор ФСБ | Мосгортранс | Гор. Хозяйство | ГОРМОСТ | ГОРМОСТ | ГОРМОСТ | ГОРМОСТ | ОЭК | ЦОДД | Департамент РБиПК             (ГКУ МОСБЕЗ) | Департамент РБиПК             (ГКУ МОСБЕЗ) | Аппарат МЭРА | ОАТИ | Территориальные ОИВ | Территориальные ОИВ    ТиНАО | Департамент культуры | ГКУ НТУ | ФСО | ГУП МСР | ЦУКБ Министерство обороны | ГКУ Организатор перевозок
1021302;;транспорт;тоннель;дым;;задымление: тоннель;пожар: тоннель;MCHS;Пожар: Тоннель;27;Классификатор МВД | Классификатор СМП | Классификатор МОСГАЗ | ЦЭМП | ЦЭМП | ЦЭМП | ЦЭМП | Классификатор ФСБ | Мосгортранс | Гор. Хозяйство | ГОРМОСТ | ГОРМОСТ | ГОРМОСТ | ГОРМОСТ | ОЭК | ЦОДД | Департамент РБиПК             (ГКУ МОСБЕЗ) | Департамент РБиПК             (ГКУ МОСБЕЗ) | Аппарат МЭРА | Территориальные ОИВ | Территориальные ОИВ    ТиНАО | Департамент культуры | ГКУ НТУ | ФСО | ГУП МСР | ЦУКБ Министерство обороны | ГКУ Организатор перевозок
1021401;;транспорт;переход подземный / наземный;открытое пламя;;пожар: переход;пожар: пешеходный переход;MCHS;пожар: Другое;23;Классификатор МВД | Классификатор СМП | Классификатор МОСГАЗ | ЦЭМП | ЦЭМП | ЦЭМП | ЦЭМП | Мосгортранс | Гор. Хозяйство | ГОРМОСТ | ГОРМОСТ | ГОРМОСТ | ГОРМОСТ | ЦОДД | Аппарат МЭРА | ОАТИ | Территориальные ОИВ | Территориальные ОИВ    ТиНАО | Департамент культуры | ГКУ НТУ | ФСО | ГУП МСР | ЦУКБ Министерство обороны
1021402;;транспорт;переход подземный / наземный;дым;;задымление: переход;пожар: пешеходный переход;MCHS;пожар: Другое;21;Классификатор МВД | Классификатор СМП | Классификатор МОСГАЗ | ЦЭМП | ЦЭМП | ЦЭМП | ЦЭМП | Мосгортранс | Гор. Хозяйство | ГОРМОСТ | ГОРМОСТ | ГОРМОСТ | ГОРМОСТ | ЦОДД | Аппарат МЭРА | Территориальные ОИВ | Территориальные ОИВ    ТиНАО | Департамент культуры | ГКУ НТУ | ГУП МСР | ЦУКБ Министерство обороны
1030001;пожар в метро;метро;;открытое пламя;;пожар: метро;пожар: метро;MCHS;пожар: метро;26;Классификатор МВД | Классификатор СМП | Классификатор МОСГАЗ | ЦЭМП | ЦЭМП | ЦЭМП | ЦЭМП | ЦЭМП | Классификатор ФСБ | Мосгортранс | Гор. Хозяйство | Метро | ОЭК | ЦОДД | Департамент РБиПК             (ГКУ МОСБЕЗ) | Департамент РБиПК             (ГКУ МОСБЕЗ) | Аппарат МЭРА | ОАТИ | Росгвардия | Территориальные ОИВ | Территориальные ОИВ    ТиНАО | Департамент культуры | ГКУ НТУ | ФСО | ЦУКБ Министерство обороны | ГКУ Организатор перевозок
1030002;;метро;;дым;;задымление: метро;пожар: метро;MCHS;пожар: метро;25;Классификатор МВД | Классификатор СМП | Классификатор МОСГАЗ | ЦЭМП | ЦЭМП | ЦЭМП | ЦЭМП | ЦЭМП | Классификатор ФСБ | Мосгортранс | Гор. Хозяйство | Метро | ОЭК | ЦОДД | Департамент РБиПК             (ГКУ МОСБЕЗ) | Департамент РБиПК             (ГКУ МОСБЕЗ) | Аппарат МЭРА | Росгвардия | Территориальные ОИВ | Территориальные ОИВ    ТиНАО | Департамент культуры | ГКУ НТУ | ФСО | ЦУКБ Министерство обороны | ГКУ Организатор перевозок
1030101;;метро;вагон/поезд,;открытое пламя;;пожар: метро (вагон, поезд);пожар: подвижной состав метро;MCHS;пожар: метро;26;Классификатор МВД | Классификатор СМП | Классификатор МОСГАЗ | ЦЭМП | ЦЭМП | ЦЭМП | ЦЭМП | ЦЭМП | Классификатор ФСБ | Мосгортранс | Гор. Хозяйство | Метро | ЦОДД | Департамент РБиПК             (ГКУ МОСБЕЗ) | Департамент РБиПК             (ГКУ МОСБЕЗ) | Аппарат МЭРА | ОАТИ | Росгвардия | Территориальные ОИВ | Территориальные ОИВ    ТиНАО | Департамент культуры | ГКУ НТУ | ФСО | ГУП МСР | ЦУКБ Министерство обороны | ГКУ Организатор перевозок
1030102;;метро;вагон/поезд,;дым;;задымление: метро (вагон, поезд);пожар: подвижной состав метро;MCHS;пожар: метро;25;Классификатор МВД | Классификатор СМП | Классификатор МОСГАЗ | ЦЭМП | ЦЭМП | ЦЭМП | ЦЭМП | ЦЭМП | Классификатор ФСБ | Мосгортранс | Гор. Хозяйство | Метро | ЦОДД | Департамент РБиПК             (ГКУ МОСБЕЗ) | Департамент РБиПК             (ГКУ МОСБЕЗ) | Аппарат МЭРА | Росгвардия | Территориальные ОИВ | Территориальные ОИВ    ТиНАО | Департамент культуры | ГКУ НТУ | ФСО | ГУП МСР | ЦУКБ Министерство обороны | ГКУ Организатор перевозок
1030201;;метро;станция/вестибюль, тоннель / перегон, переход, платформа, эскалатор, прочее;открытое пламя;;пожар: метро (станция, тоннель);пожар: метро;MCHS;пожар: метро;27;Классификатор МВД | Классификатор СМП | Классификатор МОСГАЗ | ЦЭМП | ЦЭМП | ЦЭМП | ЦЭМП | ЦЭМП | Классификатор ФСБ | Мосгортранс | Гор. Хозяйство | Метро | ОЭК | ЦОДД | Департамент РБиПК             (ГКУ МОСБЕЗ) | Департамент РБиПК             (ГКУ МОСБЕЗ) | Аппарат МЭРА | ОАТИ | Росгвардия | Территориальные ОИВ | Территориальные ОИВ    ТиНАО | Департамент культуры | ГКУ НТУ | ФСО | ГУП МСР | ЦУКБ Министерство обороны | ГКУ Организатор перевозок
1030202;;метро;станция/вестибюль, тоннель / перегон, переход, платформа, эскалатор, прочее;дым;;задымление: метро (станция, тоннель);пожар: метро;MCHS;пожар: метро;26;Классификатор МВД | Классификатор СМП | Классификатор МОСГАЗ | ЦЭМП | ЦЭМП | ЦЭМП | ЦЭМП | ЦЭМП | Классификатор ФСБ | Мосгортранс | Гор. Хозяйство | Метро | ОЭК | ЦОДД | Департамент РБиПК             (ГКУ МОСБЕЗ) | Департамент РБиПК             (ГКУ МОСБЕЗ) | Аппарат МЭРА | Росгвардия | Территориальные ОИВ | Территориальные ОИВ    ТиНАО | Департамент культуры | ГКУ НТУ | ФСО | ГУП МСР | ЦУКБ Министерство обороны | ГКУ Организатор перевозок
1030300;;метро;сработала сигнализация;;;пожарная сигнализация (метро);пожар: сигнализация;MCHS;пожар: сигнализация;15;Классификатор МВД | Классификатор СМП | ЦЭМП | Мосгортранс | Гор. Хозяйство | Метро | ЦОДД | Департамент РБиПК             (ГКУ МОСБЕЗ) | Департамент РБиПК             (ГКУ МОСБЕЗ) | Аппарат МЭРА | Территориальные ОИВ | Территориальные ОИВ    ТиНАО | Департамент культуры | ГКУ НТУ | ФСО
1040001;пожар в МЦК;МЦК;;открытое пламя;;пожар: МЦК;пожар: метро;MCHS;Пожар: МЦК/МЦД;28;Классификатор МВД | Классификатор СМП | Классификатор МОСГАЗ | ЦЭМП | ЦЭМП | ЦЭМП | ЦЭМП | ЦЭМП | Классификатор ФСБ | Мосгортранс | Гор. Хозяйство | Метро | ОЭК | ЦОДД | Департамент РБиПК             (ГКУ МОСБЕЗ) | Департамент РБиПК             (ГКУ МОСБЕЗ) | Аппарат МЭРА | РЖД (МосковскаяЖД) | ОАТИ | Росгвардия | Территориальные ОИВ | Территориальные ОИВ    ТиНАО | Департамент культуры | ГКУ НТУ | ФСО | ГУП МСР | ЦУКБ Министерство обороны | ГКУ Организатор перевозок
1040002;;МЦК;;дым;;задымление: МЦК;пожар: метро;MCHS;Пожар: МЦК/МЦД;27;Классификатор МВД | Классификатор СМП | Классификатор МОСГАЗ | ЦЭМП | ЦЭМП | ЦЭМП | ЦЭМП | ЦЭМП | Классификатор ФСБ | Мосгортранс | Гор. Хозяйство | Метро | ОЭК | ЦОДД | Департамент РБиПК             (ГКУ МОСБЕЗ) | Департамент РБиПК             (ГКУ МОСБЕЗ) | Аппарат МЭРА | РЖД (МосковскаяЖД) | Росгвардия | Территориальные ОИВ | Территориальные ОИВ    ТиНАО | Департамент культуры | ГКУ НТУ | ФСО | ГУП МСР | ЦУКБ Министерство обороны | ГКУ Организатор перевозок
1040101;;МЦК;вагон/поезд,;открытое пламя;;пожар: МЦК (вагон, поезд);пожар: подвижной состав метро;MCHS;Пожар: МЦК/МЦД;27;Классификатор МВД | Классификатор СМП | Классификатор МОСГАЗ | ЦЭМП | ЦЭМП | ЦЭМП | ЦЭМП | ЦЭМП | Классификатор ФСБ | Мосгортранс | Гор. Хозяйство | Метро | ЦОДД | Департамент РБиПК             (ГКУ МОСБЕЗ) | Департамент РБиПК             (ГКУ МОСБЕЗ) | Аппарат МЭРА | РЖД (МосковскаяЖД) | ОАТИ | Росгвардия | Территориальные ОИВ | Территориальные ОИВ    ТиНАО | Департамент культуры | ГКУ НТУ | ФСО | ГУП МСР | ЦУКБ Министерство обороны | ГКУ Организатор перевозок
1040102;;МЦК;вагон/поезд,;дым;;задымление: МЦК (вагон, поезд);пожар: подвижной состав метро;MCHS;Пожар: МЦК/МЦД;26;Классификатор МВД | Классификатор СМП | Классификатор МОСГАЗ | ЦЭМП | ЦЭМП | ЦЭМП | ЦЭМП | ЦЭМП | Классификатор ФСБ | Мосгортранс | Гор. Хозяйство | Метро | ЦОДД | Департамент РБиПК             (ГКУ МОСБЕЗ) | Департамент РБиПК             (ГКУ МОСБЕЗ) | Аппарат МЭРА | РЖД (МосковскаяЖД) | Росгвардия | Территориальные ОИВ | Территориальные ОИВ    ТиНАО | Департамент культуры | ГКУ НТУ | ФСО | ГУП МСР | ЦУКБ Министерство обороны | ГКУ Организатор перевозок
1040201;;МЦК;станция/вестибюль, тоннель / перегон, переход, платформа, эскалатор, прочее;открытое пламя;;пожар: МЦК (станция, перегон);пожар: метро;MCHS;Пожар: МЦК/МЦД;28;Классификатор МВД | Классификатор СМП | Классификатор МОСГАЗ | ЦЭМП | ЦЭМП | ЦЭМП | ЦЭМП | ЦЭМП | Классификатор ФСБ | Мосгортранс | Гор. Хозяйство | Метро | ОЭК | ЦОДД | Департамент РБиПК             (ГКУ МОСБЕЗ) | Департамент РБиПК             (ГКУ МОСБЕЗ) | Аппарат МЭРА | РЖД (МосковскаяЖД) | ОАТИ | Росгвардия | Территориальные ОИВ | Территориальные ОИВ    ТиНАО | Департамент культуры | ГКУ НТУ | ФСО | ГУП МСР | ЦУКБ Министерство обороны | ГКУ Организатор перевозок
1040202;;МЦК;станция/вестибюль, тоннель / перегон, переход, платформа, эскалатор, прочее;дым;;задымление: МЦК (станция, перегон);пожар: метро;MCHS;Пожар: МЦК/МЦД;27;Классификатор МВД | Классификатор СМП | Классификатор МОСГАЗ | ЦЭМП | ЦЭМП | ЦЭМП | ЦЭМП | ЦЭМП | Классификатор ФСБ | Мосгортранс | Гор. Хозяйство | Метро | ОЭК | ЦОДД | Департамент РБиПК             (ГКУ МОСБЕЗ) | Департамент РБиПК             (ГКУ МОСБЕЗ) | Аппарат МЭРА | РЖД (МосковскаяЖД) | Росгвардия | Территориальные ОИВ | Территориальные ОИВ    ТиНАО | Департамент культуры | ГКУ НТУ | ФСО | ГУП МСР | ЦУКБ Министерство обороны | ГКУ Организатор перевозок
1040300;;МЦК;сработала сигнализация;;;пожарная сигнализация (МЦК);пожар: сигнализация;MCHS;пожар: сигнализация;17;Классификатор МВД | Классификатор СМП | Классификатор МОСГАЗ | ЦЭМП | Мосгортранс | Гор. Хозяйство | Метро | ЦОДД | Департамент РБиПК             (ГКУ МОСБЕЗ) | Департамент РБиПК             (ГКУ МОСБЕЗ) | Аппарат МЭРА | РЖД (МосковскаяЖД) | Территориальные ОИВ | Территориальные ОИВ    ТиНАО | Департамент культуры | ГКУ НТУ | ФСО
1050001;пожар в жилом доме;жилой дом;;открытое пламя;;пожар: жилой дом;пожар: квартира;MCHS;пожар: квартира;27;Классификатор МВД | Классификатор СМП | Классификатор МОСГАЗ | ЦЭМП | ЦЭМП | ЦЭМП | ЦЭМП | Классификатор Мособлгаз | Мосгортранс | Гор. Хозяйство | Мослифт | ЦОДД | Департамент РБиПК             (ГКУ МОСБЕЗ) | Департамент РБиПК             (ГКУ МОСБЕЗ) | Аппарат МЭРА | ОАТИ | ЭВАЖД | Территориальные ОИВ | Территориальные ОИВ    ТиНАО | Мосжилинспекция | Департамент культуры | ГКУ НТУ | ФСО | ДГП (Департамент градостроительной политики) | ДГП (Департамент градостроительной политики) | ЦУКБ Министерство обороны | ГКУ Организатор перевозок
1050101;;жилой дом;квартира;открытое пламя;;пожар: квартира;пожар: квартира;MCHS;пожар: квартира;26;Классификатор МВД | Классификатор СМП | Классификатор МОСГАЗ | ЦЭМП | ЦЭМП | ЦЭМП | ЦЭМП | Классификатор Мособлгаз | Мосгортранс | Гор. Хозяйство | Мослифт | ЦОДД | Департамент РБиПК             (ГКУ МОСБЕЗ) | Департамент РБиПК             (ГКУ МОСБЕЗ) | Аппарат МЭРА | ОАТИ | ЭВАЖД | Территориальные ОИВ | Территориальные ОИВ    ТиНАО | Мосжилинспекция | Департамент культуры | ГКУ НТУ | ФСО | ДГП (Департамент градостроительной политики) | ДГП (Департамент градостроительной политики) | ЦУКБ Министерство обороны
1050201;;жилой дом;балкон;открытое пламя;;пожар: балкон;пожар: балкон;MCHS;пожар: балкон;24;Классификатор МВД | Классификатор СМП | Классификатор МОСГАЗ | ЦЭМП | ЦЭМП | ЦЭМП | ЦЭМП | Классификатор Мособлгаз | Мосгортранс | Гор. Хозяйство | Мослифт | ЦОДД | Департамент РБиПК             (ГКУ МОСБЕЗ) | Департамент РБиПК             (ГКУ МОСБЕЗ) | Аппарат МЭРА | Территориальные ОИВ | Территориальные ОИВ    ТиНАО | Мосжилинспекция | Департамент культуры | ГКУ НТУ | ФСО | ДГП (Департамент градостроительной политики) | ДГП (Департамент градостроительной политики) | ЦУКБ Министерство обороны
1050301;;жилой дом;газовая колонка;открытое пламя;;пожар: газовая колонка;пожар: газовая колонка;MCHS;пожар: квартира;22;Классификатор МВД | Классификатор СМП | Классификатор МОСГАЗ | ЦЭМП | ЦЭМП | ЦЭМП | ЦЭМП | Классификатор Мособлгаз | Мосгортранс | Гор. Хозяйство | Мослифт | ЦОДД | Департамент РБиПК             (ГКУ МОСБЕЗ) | Департамент РБиПК             (ГКУ МОСБЕЗ) | Аппарат МЭРА | Территориальные ОИВ | Территориальные ОИВ    ТиНАО | Мосжилинспекция | Департамент культуры | ГКУ НТУ | ФСО | ЦУКБ Министерство обороны
1050401;;жилой дом;газовая плита;открытое пламя;;пожар: газовая плита;пожар: газовая плита;MCHS;пожар: квартира;22;Классификатор МВД | Классификатор СМП | Классификатор МОСГАЗ | ЦЭМП | ЦЭМП | ЦЭМП | ЦЭМП | Классификатор Мособлгаз | Мосгортранс | Гор. Хозяйство | Мослифт | ЦОДД | Департамент РБиПК             (ГКУ МОСБЕЗ) | Департамент РБиПК             (ГКУ МОСБЕЗ) | Аппарат МЭРА | Территориальные ОИВ | Территориальные ОИВ    ТиНАО | Мосжилинспекция | Департамент культуры | ГКУ НТУ | ФСО | ЦУКБ Министерство обороны
1050501;;жилой дом;лифт;открытое пламя;;пожар: лифт;пожар: лифт;MCHS;пожар: лифт;27;Классификатор МВД | Классификатор СМП | Классификатор МОСГАЗ | ЦЭМП | ЦЭМП | ЦЭМП | ЦЭМП | Классификатор Мособлгаз | Мосгортранс | Гор. Хозяйство | МГТС | Мослифт | ЦОДД | Департамент РБиПК             (ГКУ МОСБЕЗ) | Департамент РБиПК             (ГКУ МОСБЕЗ) | Аппарат МЭРА | ОАТИ | ЭВАЖД | Территориальные ОИВ | Территориальные ОИВ    ТиНАО | Мосжилинспекция | Департамент культуры | ГКУ НТУ | ФСО | ДГП (Департамент градостроительной политики) | ДГП (Департамент градостроительной политики) | ЦУКБ Министерство обороны
1050601;;жилой дом;мусоропровод;открытое пламя;;пожар: мусоропровод;пожар: мусоропровод;MCHS;пожар: мусоропровод;24;Классификатор МВД | Классификатор МВД | Классификатор МВД | Классификатор СМП | ЦЭМП | ЦЭМП | ЦЭМП | ЦЭМП | Классификатор Мособлгаз | Мосгортранс | Гор. Хозяйство | ЦОДД | Департамент РБиПК             (ГКУ МОСБЕЗ) | Департамент РБиПК             (ГКУ МОСБЕЗ) | Аппарат МЭРА | Территориальные ОИВ | Территориальные ОИВ    ТиНАО | Мосжилинспекция | Департамент культуры | ГКУ НТУ | ФСО | ДГП (Департамент градостроительной политики) | ДГП (Департамент градостроительной политики) | ЦУКБ Министерство обороны
1050701;;жилой дом;подъезд;открытое пламя;;пожар: подъезд;пожар: подъезд;MCHS;пожар: подъезд;24;Классификатор МВД | Классификатор СМП | Классификатор МОСГАЗ | ЦЭМП | ЦЭМП | ЦЭМП | ЦЭМП | Классификатор Мособлгаз | Мосгортранс | Гор. Хозяйство | ЦОДД | Департамент РБиПК             (ГКУ МОСБЕЗ) | Департамент РБиПК             (ГКУ МОСБЕЗ) | Аппарат МЭРА | ОАТИ | Территориальные ОИВ | Территориальные ОИВ    ТиНАО | Мосжилинспекция | Департамент культуры | ГКУ НТУ | ФСО | ДГП (Департамент градостроительной политики) | ДГП (Департамент градостроительной политики) | ЦУКБ Министерство обороны
1051600;;жилой дом;сигнализация;;;пожарная сигнализация (жилой дом);пожар: сигнализация;MCHS;пожар: сигнализация;17;Классификатор СМП | ЦЭМП | ЦЭМП | ЦЭМП | ЦЭМП | Гор. Хозяйство | Аппарат МЭРА | Территориальные ОИВ | Территориальные ОИВ    ТиНАО | Мосжилинспекция | Департамент культуры | ГКУ НТУ | ФСО | Комитет по туризму г.Москвы | ДГП (Департамент градостроительной политики) | ДГП (Департамент градостроительной политики) | ЦУКБ Министерство обороны
1050801;;жилой дом;счетчик электричества;открытое пламя;;пожар: счетчик электричества;пожар: счетчик электричества;MCHS;пожар: счетчик электричества;21;Классификатор МВД | Классификатор МВД | Классификатор МВД | Классификатор СМП | ЦЭМП | ЦЭМП | ЦЭМП | ЦЭМП | Мосгортранс | Гор. Хозяйство | ЦОДД | Аппарат МЭРА | Территориальные ОИВ | Территориальные ОИВ    ТиНАО | Мосжилинспекция | Департамент культуры | ГКУ НТУ | ФСО | ДГП (Департамент градостроительной политики) | ДГП (Департамент градостроительной политики) | ЦУКБ Министерство обороны
1050901;;жилой дом;частный дом;открытое пламя;;пожар: частный дом;пожар: частный дом;MCHS;пожар: частный дом;21;Классификатор МВД | Классификатор СМП | Классификатор МОСГАЗ | ЦЭМП | ЦЭМП | ЦЭМП | ЦЭМП | Классификатор Мособлгаз | Мосгортранс | Гор. Хозяйство | ЦОДД | Департамент РБиПК             (ГКУ МОСБЕЗ) | Департамент РБиПК             (ГКУ МОСБЕЗ) | Аппарат МЭРА | ОАТИ | Территориальные ОИВ | Территориальные ОИВ    ТиНАО | Департамент культуры | ГКУ НТУ | ФСО | ГУП МСР
1051001;;жилой дом;электрическая проводка;открытое пламя;;пожар: электрическая проводка;пожар: электрическая проводка;MCHS;пожар: электрическая проводка;25;Классификатор МВД | Классификатор МВД | Классификатор МВД | Классификатор СМП | ЦЭМП | ЦЭМП | ЦЭМП | ЦЭМП | Классификатор Мособлгаз | Мосгортранс | Гор. Хозяйство | ЦОДД | Департамент РБиПК             (ГКУ МОСБЕЗ) | Департамент РБиПК             (ГКУ МОСБЕЗ) | Аппарат МЭРА | Территориальные ОИВ | Территориальные ОИВ    ТиНАО | Мосжилинспекция | Департамент культуры | ГКУ НТУ | ФСО | ДГП (Департамент градостроительной политики) | ДГП (Департамент градостроительной политики) | ЦУКБ Министерство обороны | Депортамент гражданского строительства
1051101;;жилой дом;электрощит;открытое пламя;;пожар: электрощит;пожар: электрощит;MCHS;пожар: электрощит;26;Классификатор МВД | Классификатор МВД | Классификатор МВД | Классификатор СМП | ЦЭМП | ЦЭМП | ЦЭМП | ЦЭМП | Классификатор Мособлгаз | Мосгортранс | Гор. Хозяйство | ОЭК | ЦОДД | Департамент РБиПК             (ГКУ МОСБЕЗ) | Департамент РБиПК             (ГКУ МОСБЕЗ) | Аппарат МЭРА | Территориальные ОИВ | Территориальные ОИВ    ТиНАО | Мосжилинспекция | Департамент культуры | ГКУ НТУ | ФСО | ДГП (Департамент градостроительной политики) | ДГП (Департамент градостроительной политики) | ЦУКБ Министерство обороны | Депортамент гражданского строительства
1051201;;жилой дом;лестничная клетка;открытое пламя;;пожар: лестничная клетка;пожар: лестничная клетка;MCHS;пожар: лестничная клетка;25;Классификатор МВД | Классификатор МВД | Классификатор МВД | Классификатор СМП | Классификатор МОСГАЗ | ЦЭМП | ЦЭМП | ЦЭМП | ЦЭМП | Классификатор Мособлгаз | Мосгортранс | Гор. Хозяйство | ЦОДД | Департамент РБиПК             (ГКУ МОСБЕЗ) | Департамент РБиПК             (ГКУ МОСБЕЗ) | Аппарат МЭРА | Территориальные ОИВ | Территориальные ОИВ    ТиНАО | Мосжилинспекция | Департамент культуры | ГКУ НТУ | ФСО | ДГП (Департамент градостроительной политики) | ДГП (Департамент градостроительной политики) | ЦУКБ Министерство обороны
1051301;;жилой дом;подвал;открытое пламя;;пожар: подвал;пожар: подвал;MCHS;пожар: подвал;28;Классификатор МВД | Классификатор МВД | Классификатор МВД | Классификатор СМП | Классификатор МОСГАЗ | ЦЭМП | ЦЭМП | ЦЭМП | ЦЭМП | Классификатор Мособлгаз | Мосгортранс | Гор. Хозяйство | МОЭК | ЦОДД | Департамент РБиПК             (ГКУ МОСБЕЗ) | Департамент РБиПК             (ГКУ МОСБЕЗ) | Аппарат МЭРА | ОАТИ | Территориальные ОИВ | Территориальные ОИВ    ТиНАО | Мосжилинспекция | Департамент культуры | ГКУ НТУ | ФСО | ДГП (Департамент градостроительной политики) | ДГП (Департамент градостроительной политики) | ЦУКБ Министерство обороны | Депортамент гражданского строительства
1051401;;жилой дом;дача;открытое пламя;;пожар: дача;пожар: дача;MCHS;пожар: дача;20;Классификатор МВД | Классификатор СМП | Классификатор МОСГАЗ | ЦЭМП | ЦЭМП | ЦЭМП | ЦЭМП | Классификатор Мособлгаз | Мосгортранс | Гор. Хозяйство | ЦОДД | Департамент РБиПК             (ГКУ МОСБЕЗ) | Департамент РБиПК             (ГКУ МОСБЕЗ) | Аппарат МЭРА | Территориальные ОИВ | Территориальные ОИВ    ТиНАО | Департамент культуры | ГКУ НТУ | ФСО | ГУП МСР
1051501;;жилой дом;прочие внутридомовые объекты;открытое пламя;;пожар: жилой дом (прочее);пожар: квартира;MCHS;пожар: квартира;26;Классификатор МВД | Классификатор СМП | Классификатор МОСГАЗ | ЦЭМП | ЦЭМП | ЦЭМП | ЦЭМП | Классификатор Мособлгаз | Мосгортранс | Гор. Хозяйство | Мослифт | ЦОДД | Департамент РБиПК             (ГКУ МОСБЕЗ) | Департамент РБиПК             (ГКУ МОСБЕЗ) | Аппарат МЭРА | ЭВАЖД | Территориальные ОИВ | Территориальные ОИВ    ТиНАО | Мосжилинспекция | Департамент культуры | ГКУ НТУ | ФСО | ДГП (Департамент градостроительной политики) | ДГП (Департамент градостроительной политики) | ЦУКБ Министерство обороны | ГКУ Организатор перевозок
1050002;;жилой дом;;дым;;задымление: жилой дом;пожар: квартира;MCHS;пожар: квартира;24;Классификатор МВД | Классификатор СМП | Классификатор МОСГАЗ | ЦЭМП | ЦЭМП | ЦЭМП | ЦЭМП | Классификатор Мособлгаз | Мосгортранс | Гор. Хозяйство | Мослифт | ЦОДД | Департамент РБиПК             (ГКУ МОСБЕЗ) | Департамент РБиПК             (ГКУ МОСБЕЗ) | Аппарат МЭРА | ЭВАЖД | Территориальные ОИВ | Территориальные ОИВ    ТиНАО | Департамент культуры | ГКУ НТУ | ДГП (Департамент градостроительной политики) | ДГП (Департамент градостроительной политики) | ЦУКБ Министерство обороны | ГКУ Организатор перевозок
1050102;;жилой дом;квартира;дым;;задымление: квартира;пожар: квартира;MCHS;пожар: квартира;24;Классификатор МВД | Классификатор СМП | Классификатор МОСГАЗ | ЦЭМП | ЦЭМП | ЦЭМП | ЦЭМП | Классификатор Мособлгаз | Мосгортранс | Гор. Хозяйство | Мослифт | ЦОДД | Департамент РБиПК             (ГКУ МОСБЕЗ) | Департамент РБиПК             (ГКУ МОСБЕЗ) | Аппарат МЭРА | ЭВАЖД | Территориальные ОИВ | Территориальные ОИВ    ТиНАО | Мосжилинспекция | Департамент культуры | ГКУ НТУ | ДГП (Департамент градостроительной политики) | ДГП (Департамент градостроительной политики) | ЦУКБ Министерство обороны
1050202;;жилой дом;балкон;дым;;задымление: балкон;пожар: балкон;MCHS;пожар: балкон;23;Классификатор МВД | Классификатор СМП | Классификатор МОСГАЗ | ЦЭМП | ЦЭМП | ЦЭМП | ЦЭМП | Классификатор Мособлгаз | Мосгортранс | Гор. Хозяйство | Мослифт | ЦОДД | Департамент РБиПК             (ГКУ МОСБЕЗ) | Департамент РБиПК             (ГКУ МОСБЕЗ) | Аппарат МЭРА | Территориальные ОИВ | Территориальные ОИВ    ТиНАО | Мосжилинспекция | Департамент культуры | ГКУ НТУ | ДГП (Департамент градостроительной политики) | ДГП (Департамент градостроительной политики) | ЦУКБ Министерство обороны
1050302;;жилой дом;газовая колонка;дым;;задымление: газовая колонка;пожар: газовая колонка;MCHS;пожар: квартира;21;Классификатор МВД | Классификатор СМП | Классификатор МОСГАЗ | ЦЭМП | ЦЭМП | ЦЭМП | ЦЭМП | Классификатор Мособлгаз | Мосгортранс | Гор. Хозяйство | Мослифт | ЦОДД | Департамент РБиПК             (ГКУ МОСБЕЗ) | Департамент РБиПК             (ГКУ МОСБЕЗ) | Аппарат МЭРА | Территориальные ОИВ | Территориальные ОИВ    ТиНАО | Мосжилинспекция | Департамент культуры | ГКУ НТУ | ЦУКБ Министерство обороны
1050402;;жилой дом;газовая плита;дым;;задымление: газовая плита;пожар: газовая плита;MCHS;пожар: квартира;21;Классификатор МВД | Классификатор СМП | Классификатор МОСГАЗ | ЦЭМП | ЦЭМП | ЦЭМП | ЦЭМП | Классификатор Мособлгаз | Мосгортранс | Гор. Хозяйство | Мослифт | ЦОДД | Департамент РБиПК             (ГКУ МОСБЕЗ) | Департамент РБиПК             (ГКУ МОСБЕЗ) | Аппарат МЭРА | Территориальные ОИВ | Территориальные ОИВ    ТиНАО | Мосжилинспекция | Департамент культуры | ГКУ НТУ | ЦУКБ Министерство обороны
1050502;;жилой дом;лифт;дым;;задымление: лифт;пожар: лифт;MCHS;пожар: лифт;25;Классификатор МВД | Классификатор СМП | Классификатор МОСГАЗ | ЦЭМП | ЦЭМП | ЦЭМП | ЦЭМП | Классификатор Мособлгаз | Мосгортранс | Гор. Хозяйство | МГТС | Мослифт | ЦОДД | Департамент РБиПК             (ГКУ МОСБЕЗ) | Департамент РБиПК             (ГКУ МОСБЕЗ) | Аппарат МЭРА | ЭВАЖД | Территориальные ОИВ | Территориальные ОИВ    ТиНАО | Мосжилинспекция | Департамент культуры | ГКУ НТУ | ДГП (Департамент градостроительной политики) | ДГП (Департамент градостроительной политики) | ЦУКБ Министерство обороны
1050602;;жилой дом;мусоропровод;дым;;задымление: мусоропровод;пожар: мусоропровод;MCHS;пожар: мусоропровод;21;Классификатор МВД | Классификатор СМП | ЦЭМП | ЦЭМП | ЦЭМП | ЦЭМП | Классификатор Мособлгаз | Мосгортранс | Гор. Хозяйство | ЦОДД | Департамент РБиПК             (ГКУ МОСБЕЗ) | Департамент РБиПК             (ГКУ МОСБЕЗ) | Аппарат МЭРА | Территориальные ОИВ | Территориальные ОИВ    ТиНАО | Мосжилинспекция | Департамент культуры | ГКУ НТУ | ДГП (Департамент градостроительной политики) | ДГП (Департамент градостроительной политики) | ЦУКБ Министерство обороны
1050702;;жилой дом;подъезд;дым;;задымление: подъезд;пожар: подъезд;MCHS;пожар: подъезд;22;Классификатор МВД | Классификатор СМП | Классификатор МОСГАЗ | ЦЭМП | ЦЭМП | ЦЭМП | ЦЭМП | Классификатор Мособлгаз | Мосгортранс | Гор. Хозяйство | ЦОДД | Департамент РБиПК             (ГКУ МОСБЕЗ) | Департамент РБиПК             (ГКУ МОСБЕЗ) | Аппарат МЭРА | Территориальные ОИВ | Территориальные ОИВ    ТиНАО | Мосжилинспекция | Департамент культуры | ГКУ НТУ | ДГП (Департамент градостроительной политики) | ДГП (Департамент градостроительной политики) | ЦУКБ Министерство обороны
1050802;;жилой дом;счетчик электричества;дым;;задымление: счетчик электричества;пожар: счетчик электричества;MCHS;пожар: счетчик электричества;19;Классификатор МВД | Классификатор МВД | Классификатор СМП | ЦЭМП | ЦЭМП | ЦЭМП | ЦЭМП | Мосгортранс | Гор. Хозяйство | ЦОДД | Аппарат МЭРА | Территориальные ОИВ | Территориальные ОИВ    ТиНАО | Мосжилинспекция | Департамент культуры | ГКУ НТУ | ДГП (Департамент градостроительной политики) | ДГП (Департамент градостроительной политики) | ЦУКБ Министерство обороны
1050902;;жилой дом;частный дом;дым;;задымление: частный дом;пожар: частный дом;MCHS;пожар: частный дом;19;Классификатор МВД | Классификатор СМП | Классификатор МОСГАЗ | ЦЭМП | ЦЭМП | ЦЭМП | ЦЭМП | Классификатор Мособлгаз | Мосгортранс | Гор. Хозяйство | ЦОДД | Департамент РБиПК             (ГКУ МОСБЕЗ) | Департамент РБиПК             (ГКУ МОСБЕЗ) | Аппарат МЭРА | Территориальные ОИВ | Территориальные ОИВ    ТиНАО | Департамент культуры | ГКУ НТУ | ГУП МСР
1051002;;жилой дом;электрическая проводка;дым;;задымление: электрическая проводка;пожар: электрическая проводка;MCHS;пожар: электрическая проводка;22;Классификатор МВД | Классификатор МВД | Классификатор СМП | ЦЭМП | ЦЭМП | ЦЭМП | ЦЭМП | Классификатор Мособлгаз | Мосгортранс | Гор. Хозяйство | ЦОДД | Департамент РБиПК             (ГКУ МОСБЕЗ) | Департамент РБиПК             (ГКУ МОСБЕЗ) | Аппарат МЭРА | Территориальные ОИВ | Территориальные ОИВ    ТиНАО | Мосжилинспекция | Департамент культуры | ГКУ НТУ | ДГП (Департамент градостроительной политики) | ДГП (Департамент градостроительной политики) | ЦУКБ Министерство обороны
1051102;;жилой дом;электрощит;дым;;задымление: электрощит;пожар: электрощит;MCHS;пожар: электрощит;22;Классификатор МВД | Классификатор МВД | Классификатор СМП | ЦЭМП | ЦЭМП | ЦЭМП | ЦЭМП | Классификатор Мособлгаз | Мосгортранс | Гор. Хозяйство | ЦОДД | Департамент РБиПК             (ГКУ МОСБЕЗ) | Департамент РБиПК             (ГКУ МОСБЕЗ) | Аппарат МЭРА | Территориальные ОИВ | Территориальные ОИВ    ТиНАО | Мосжилинспекция | Департамент культуры | ГКУ НТУ | ДГП (Департамент градостроительной политики) | ДГП (Департамент градостроительной политики) | ЦУКБ Министерство обороны
1051202;;жилой дом;лестничная клетка;дым;;задымление: лестничная клетка;пожар: лестничная клетка;MCHS;пожар: лестничная клетка;21;Классификатор МВД | Классификатор СМП | ЦЭМП | ЦЭМП | ЦЭМП | ЦЭМП | Классификатор Мособлгаз | Мосгортранс | Гор. Хозяйство | ЦОДД | Департамент РБиПК             (ГКУ МОСБЕЗ) | Департамент РБиПК             (ГКУ МОСБЕЗ) | Аппарат МЭРА | Территориальные ОИВ | Территориальные ОИВ    ТиНАО | Мосжилинспекция | Департамент культуры | ГКУ НТУ | ДГП (Департамент градостроительной политики) | ДГП (Департамент градостроительной политики) | ЦУКБ Министерство обороны
1051302;;жилой дом;подвал;дым;;задымление: подвал;пожар: подвал;MCHS;пожар: подвал;23;Классификатор МВД | Классификатор СМП | Классификатор МОСГАЗ | ЦЭМП | ЦЭМП | ЦЭМП | ЦЭМП | Классификатор Мособлгаз | Мосгортранс | Гор. Хозяйство | МОЭК | ЦОДД | Департамент РБиПК             (ГКУ МОСБЕЗ) | Департамент РБиПК             (ГКУ МОСБЕЗ) | Аппарат МЭРА | Территориальные ОИВ | Территориальные ОИВ    ТиНАО | Мосжилинспекция | Департамент культуры | ГКУ НТУ | ДГП (Департамент градостроительной политики) | ДГП (Департамент градостроительной политики) | ЦУКБ Министерство обороны
1051402;;жилой дом;дача;дым;;задымление: дача;пожар: дача;MCHS;пожар: дача;19;Классификатор МВД | Классификатор СМП | Классификатор МОСГАЗ | ЦЭМП | ЦЭМП | ЦЭМП | ЦЭМП | Классификатор Мособлгаз | Мосгортранс | Гор. Хозяйство | ЦОДД | Департамент РБиПК             (ГКУ МОСБЕЗ) | Департамент РБиПК             (ГКУ МОСБЕЗ) | Аппарат МЭРА | Территориальные ОИВ | Территориальные ОИВ    ТиНАО | Департамент культуры | ГКУ НТУ | ГУП МСР
1051502;;жилой дом;прочие внутридомовые объекты;дым;;задымление: жилой дом (прочие);пожар: квартира;MCHS;пожар: квартира;25;Классификатор МВД | Классификатор СМП | Классификатор МОСГАЗ | ЦЭМП | ЦЭМП | ЦЭМП | ЦЭМП | Классификатор Мособлгаз | Мосгортранс | Гор. Хозяйство | Мослифт | ЦОДД | Департамент РБиПК             (ГКУ МОСБЕЗ) | Департамент РБиПК             (ГКУ МОСБЕЗ) | Аппарат МЭРА | ЭВАЖД | Территориальные ОИВ | Территориальные ОИВ    ТиНАО | Мосжилинспекция | Департамент культуры | ГКУ НТУ | ДГП (Департамент градостроительной политики) | ДГП (Департамент градостроительной политики) | ЦУКБ Министерство обороны | ГКУ Организатор перевозок
1050103;;жилой дом;квартира;запах гари;;запах гари в доме;запах гари в квартире;MCHS;пожар: квартира;10;Классификатор СМП | Гор. Хозяйство | Аппарат МЭРА | Территориальные ОИВ | Территориальные ОИВ    ТиНАО | Департамент культуры | ГКУ НТУ | ДГП (Департамент градостроительной политики) | ДГП (Департамент градостроительной политики) | ЦУКБ Министерство обороны
1050703;;жилой дом;подъезд;запах гари;;запах гари в подъезде;запах гари в подъезде;MCHS;пожар: подъезд;11;Классификатор СМП | Гор. Хозяйство | Аппарат МЭРА | Территориальные ОИВ | Территориальные ОИВ    ТиНАО | Мосжилинспекция | Департамент культуры | ГКУ НТУ | ДГП (Департамент градостроительной политики) | ДГП (Департамент градостроительной политики) | ЦУКБ Министерство обороны
1060101;пожар-опасный объект;объект;учебное;открытое пламя;;Пожар: учебное заведение;пожар: школа;MCHS;пожар: школа;23;Классификатор МВД | Классификатор СМП | Классификатор МОСГАЗ | ЦЭМП | ЦЭМП | ЦЭМП | ЦЭМП | Классификатор ФСБ | Мосгортранс | Гор. Хозяйство | ОЭК | ЦОДД | Департамент РБиПК             (ГКУ МОСБЕЗ) | Департамент РБиПК             (ГКУ МОСБЕЗ) | Аппарат МЭРА | Департамент образования | ОАТИ | Территориальные ОИВ | Территориальные ОИВ    ТиНАО | Департамент культуры | ГКУ НТУ | ЦУКБ Министерство обороны | ГКУ Организатор перевозок
1060102;;объект;учебное;дым;;задымление: учебное заведение;пожар: школа;MCHS;пожар: школа;22;Классификатор МВД | Классификатор СМП | Классификатор МОСГАЗ | ЦЭМП | ЦЭМП | ЦЭМП | ЦЭМП | Мосгортранс | Гор. Хозяйство | ОЭК | ЦОДД | Департамент РБиПК             (ГКУ МОСБЕЗ) | Департамент РБиПК             (ГКУ МОСБЕЗ) | Аппарат МЭРА | Департамент образования | ОАТИ | Территориальные ОИВ | Территориальные ОИВ    ТиНАО | Департамент культуры | ГКУ НТУ | ЦУКБ Министерство обороны | ГКУ Организатор перевозок
1060201;;объект;лечебное;открытое пламя;;пожар: лечебное заведение;пожар: больница;MCHS;пожар: больница;25;Классификатор МВД | Классификатор СМП | Классификатор СМП | Классификатор МОСГАЗ | ЦЭМП | ЦЭМП | ЦЭМП | ЦЭМП | ЦЭМП | Классификатор ФСБ | Мосгортранс | Гор. Хозяйство | ОЭК | ЦОДД | Департамент РБиПК             (ГКУ МОСБЕЗ) | Департамент РБиПК             (ГКУ МОСБЕЗ) | Аппарат МЭРА | ОАТИ | Территориальные ОИВ | Территориальные ОИВ    ТиНАО | Департамент культуры | ГКУ НТУ | ФСО | ЦУКБ Министерство обороны | ГКУ Организатор перевозок
1060202;;объект;лечебное;дым;;задымление: лечебное заведение;пожар: больница;MCHS;пожар: больница;24;Классификатор МВД | Классификатор СМП | Классификатор СМП | Классификатор МОСГАЗ | ЦЭМП | ЦЭМП | ЦЭМП | ЦЭМП | ЦЭМП | Классификатор ФСБ | Мосгортранс | Гор. Хозяйство | ОЭК | ЦОДД | Департамент РБиПК             (ГКУ МОСБЕЗ) | Департамент РБиПК             (ГКУ МОСБЕЗ) | Аппарат МЭРА | ОАТИ | Территориальные ОИВ | Территориальные ОИВ    ТиНАО | Департамент культуры | ГКУ НТУ | ЦУКБ Министерство обороны | ГКУ Организатор перевозок
1060301;;объект;административное;открытое пламя;;пожар: административное здание;пожар: административное здание;MCHS;пожар: административное здание;30;Классификатор МВД | Классификатор СМП | Классификатор МОСГАЗ | ЦЭМП | ЦЭМП | ЦЭМП | ЦЭМП | Классификатор ФСБ | Мосгортранс | Гор. Хозяйство | Канал имени Москвы | МГТС | МОЭК | ОЭК | ЦОДД | Департамент РБиПК             (ГКУ МОСБЕЗ) | Департамент РБиПК             (ГКУ МОСБЕЗ) | Аппарат МЭРА | Департамент образования | ОАТИ | Росгвардия | Территориальные ОИВ | Территориальные ОИВ    ТиНАО | Департамент культуры | ГКУ НТУ | ФСО | Комитет по туризму г.Москвы | ЦУКБ Министерство обороны | ГКУ Организатор перевозок | ООО Ситиэнерго
1060302;;объект;административное;дым;;задымление: административное здание;пожар: административное здание;MCHS;пожар: административное здание;26;Классификатор МВД | Классификатор СМП | Классификатор МОСГАЗ | ЦЭМП | ЦЭМП | ЦЭМП | ЦЭМП | Классификатор ФСБ | Мосгортранс | Гор. Хозяйство | Канал имени Москвы | МГТС | МОЭК | ОЭК | ЦОДД | Департамент РБиПК             (ГКУ МОСБЕЗ) | Департамент РБиПК             (ГКУ МОСБЕЗ) | Аппарат МЭРА | Департамент образования | Территориальные ОИВ | Территориальные ОИВ    ТиНАО | Департамент культуры | ГКУ НТУ | Комитет по туризму г.Москвы | ЦУКБ Министерство обороны | ГКУ Организатор перевозок
1060401;;объект;общестенное место;открытое пламя;;пожар: общественное место;пожар: гостиница;MCHS;пожар: административное здание;26;Классификатор МВД | Классификатор СМП | Классификатор МОСГАЗ | ЦЭМП | ЦЭМП | ЦЭМП | ЦЭМП | Классификатор ФСБ | Мосгортранс | Гор. Хозяйство | МОЭК | ОЭК | ЦОДД | Департамент РБиПК             (ГКУ МОСБЕЗ) | Департамент РБиПК             (ГКУ МОСБЕЗ) | Аппарат МЭРА | ОАТИ | ДТУ | Росгвардия | Территориальные ОИВ | Территориальные ОИВ    ТиНАО | Департамент культуры | ГКУ НТУ | ФСО | Комитет по туризму г.Москвы | ГКУ Организатор перевозок
1060402;;объект;общестенное место;дым;;задымление: общественное место;пожар: гостиница;MCHS;пожар: административное здание;23;Классификатор МВД | Классификатор СМП | Классификатор МОСГАЗ | ЦЭМП | ЦЭМП | ЦЭМП | ЦЭМП | Мосгортранс | Гор. Хозяйство | МОЭК | ОЭК | ЦОДД | Департамент РБиПК             (ГКУ МОСБЕЗ) | Департамент РБиПК             (ГКУ МОСБЕЗ) | Аппарат МЭРА | ДТУ | Росгвардия | Территориальные ОИВ | Территориальные ОИВ    ТиНАО | Департамент культуры | ГКУ НТУ | Комитет по туризму г.Москвы | ГКУ Организатор перевозок
1060501;;объект;опасный;открытое пламя;;пожар: опасный объект;пожар: завод;MCHS;пожар: завод;29;Классификатор МВД | Классификатор СМП | Классификатор МОСГАЗ | ЦЭМП | ЦЭМП | ЦЭМП | ЦЭМП | Классификатор ФСБ | Классификатор Мособлгаз | Мосгортранс | Гор. Хозяйство | МОЭК | ЦОДД | Департамент РБиПК             (ГКУ МОСБЕЗ) | Департамент РБиПК             (ГКУ МОСБЕЗ) | Аппарат МЭРА | ОАТИ | Росгвардия | Территориальные ОИВ | Территориальные ОИВ    ТиНАО | Департамент строительства города Москвы | Департамент культуры | ГКУ НТУ | ФСО | ГУП МСР | ГКУ Организатор перевозок | Министерство обороны РХБЗ | ООО Ситиэнерго | Депортамент гражданского строительства
1060502;;объект;опасный;дым;;задымление: опасный объект;пожар: завод;MCHS;пожар: завод;26;Классификатор МВД | Классификатор СМП | Классификатор МОСГАЗ | ЦЭМП | ЦЭМП | ЦЭМП | ЦЭМП | Классификатор ФСБ | Классификатор Мособлгаз | Мосгортранс | Гор. Хозяйство | МОЭК | ЦОДД | Департамент РБиПК             (ГКУ МОСБЕЗ) | Департамент РБиПК             (ГКУ МОСБЕЗ) | Аппарат МЭРА | Росгвардия | Территориальные ОИВ | Территориальные ОИВ    ТиНАО | Департамент культуры | ГКУ НТУ | ФСО | ГУП МСР | ГКУ Организатор перевозок | Министерство обороны РХБЗ | ООО Ситиэнерго
1060600;;объект;газопровод;;;пожар: газопровод;пожар: газопровод;MCHS;пожар: Другое;28;Классификатор МВД | Классификатор СМП | Классификатор МОСГАЗ | ЦЭМП | ЦЭМП | ЦЭМП | ЦЭМП | Классификатор ФСБ | Классификатор Мособлгаз | Мосгортранс | Гор. Хозяйство | МОЭК | ЦОДД | Деп. ЖКХ | Департамент РБиПК             (ГКУ МОСБЕЗ) | Департамент РБиПК             (ГКУ МОСБЕЗ) | Аппарат МЭРА | ОАТИ | Территориальные ОИВ | Территориальные ОИВ    ТиНАО | Департамент строительства города Москвы | Департамент культуры | ГКУ НТУ | ФСО | ГУП МСР | ГКУ Организатор перевозок | ООО Ситиэнерго | Депортамент гражданского строительства
1060700;;объект;газохранилище;;;пожар: газохранилище;пожар: газопровод;MCHS;пожар: Другое;26;Классификатор МВД | Классификатор СМП | Классификатор МОСГАЗ | ЦЭМП | ЦЭМП | ЦЭМП | ЦЭМП | Классификатор ФСБ | Классификатор Мособлгаз | Мосгортранс | Гор. Хозяйство | МОЭК | ЦОДД | Деп. ЖКХ | Департамент РБиПК             (ГКУ МОСБЕЗ) | Департамент РБиПК             (ГКУ МОСБЕЗ) | Аппарат МЭРА | ОАТИ | Территориальные ОИВ | Территориальные ОИВ    ТиНАО | Департамент культуры | ГКУ НТУ | ФСО | ГУП МСР | ГКУ Организатор перевозок | ООО Ситиэнерго
1060800;;объект;нефтепровод;;;пожар: нефтебаза;пожар: нефтебаза;MCHS;пожар: нефтебаза;25;Классификатор МВД | Классификатор СМП | Классификатор МОСГАЗ | ЦЭМП | ЦЭМП | ЦЭМП | ЦЭМП | Классификатор ФСБ | Классификатор Мособлгаз | Мосгортранс | Гор. Хозяйство | МОЭК | ЦОДД | Департамент РБиПК             (ГКУ МОСБЕЗ) | Департамент РБиПК             (ГКУ МОСБЕЗ) | Аппарат МЭРА | ОАТИ | Департамент ППиООС | Территориальные ОИВ | Территориальные ОИВ    ТиНАО | Департамент культуры | ГКУ НТУ | ФСО | ГУП МСР | ГКУ Организатор перевозок
1060900;;объект;нефтехранилище;;;пожар: нефтехранилище;пожар: нефтебаза;MCHS;пожар: нефтебаза;25;Классификатор МВД | Классификатор СМП | Классификатор МОСГАЗ | ЦЭМП | ЦЭМП | ЦЭМП | ЦЭМП | Классификатор ФСБ | Классификатор Мособлгаз | Мосгортранс | Гор. Хозяйство | МОЭК | ЦОДД | Департамент РБиПК             (ГКУ МОСБЕЗ) | Департамент РБиПК             (ГКУ МОСБЕЗ) | Аппарат МЭРА | ОАТИ | Департамент ППиООС | Территориальные ОИВ | Территориальные ОИВ    ТиНАО | Департамент культуры | ГКУ НТУ | ФСО | ГУП МСР | ГКУ Организатор перевозок
1061001;;объект;наземные коммуникации;открытое пламя;;пожар: наземные коммуникации;пожар: пешеходный переход;MCHS;пожар;27;Классификатор МВД | Классификатор МВД | Классификатор СМП | Классификатор МОСГАЗ | ЦЭМП | ЦЭМП | ЦЭМП | ЦЭМП | Мосгортранс | Гор. Хозяйство | ГОРМОСТ | ГОРМОСТ | МГТС | ЦОДД | Департамент РБиПК             (ГКУ МОСБЕЗ) | Департамент РБиПК             (ГКУ МОСБЕЗ) | Аппарат МЭРА | Территориальные ОИВ | Территориальные ОИВ    ТиНАО | Департамент строительства города Москвы | Департамент культуры | ГКУ НТУ | ФСО | ГУП МСР | ЦУКБ Министерство обороны | ГКУ Организатор перевозок | Депортамент гражданского строительства
1061002;;объект;наземные коммуникации;дым;;задымление: наземные коммуникации;пожар: пешеходный переход;MCHS;пожар;24;Классификатор МВД | Классификатор МВД | Классификатор СМП | Классификатор МОСГАЗ | ЦЭМП | ЦЭМП | ЦЭМП | ЦЭМП | Мосгортранс | Гор. Хозяйство | ГОРМОСТ | ГОРМОСТ | МГТС | ЦОДД | Департамент РБиПК             (ГКУ МОСБЕЗ) | Департамент РБиПК             (ГКУ МОСБЕЗ) | Аппарат МЭРА | Территориальные ОИВ | Территориальные ОИВ    ТиНАО | Департамент культуры | ГКУ НТУ | ЦУКБ Министерство обороны | ГКУ Организатор перевозок | ООО Ситиэнерго
1061101;;объект;подземные коммуникации;открытое пламя;;пожар: подземные коммуникации;пожар: подземные коммуникации;MCHS;пожар: подземные коммуникации;33;Классификатор МВД | Классификатор МВД | Классификатор МВД | Классификатор СМП | Классификатор МОСГАЗ | ЦЭМП | ЦЭМП | ЦЭМП | ЦЭМП | Мосгортранс | Гор. Хозяйство | ГОРМОСТ | ГОРМОСТ | МГТС | МОЭК | ОЭК | ЦОДД | Деп. ЖКХ | Департамент РБиПК             (ГКУ МОСБЕЗ) | Департамент РБиПК             (ГКУ МОСБЕЗ) | Аппарат МЭРА | Москоллектор | Росгвардия | Территориальные ОИВ | Территориальные ОИВ    ТиНАО | Департамент строительства города Москвы | Департамент культуры | ГКУ НТУ | ФСО | ЦУКБ Министерство обороны | ГКУ Организатор перевозок | ООО Ситиэнерго | Депортамент гражданского строительства
1061102;;объект;подземные коммуникации;дым;;задымление: подземные коммуникации;пожар: подземные коммуникации;MCHS;пожар: подземные коммуникации;29;Классификатор МВД | Классификатор СМП | Классификатор МОСГАЗ | ЦЭМП | ЦЭМП | ЦЭМП | ЦЭМП | Мосгортранс | Гор. Хозяйство | ГОРМОСТ | ГОРМОСТ | МГТС | МОЭК | ОЭК | ЦОДД | Деп. ЖКХ | Департамент РБиПК             (ГКУ МОСБЕЗ) | Департамент РБиПК             (ГКУ МОСБЕЗ) | Аппарат МЭРА | Москоллектор | Росгвардия | Территориальные ОИВ | Территориальные ОИВ    ТиНАО | Департамент культуры | ГКУ НТУ | ФСО | ЦУКБ Министерство обороны | ГКУ Организатор перевозок | ООО Ситиэнерго
1061201;;объект;гидросооружение;открытое пламя;;пожар: гидросооружение;НЕТ в ЕКП;MCHS;пожар;23;Классификатор МВД | Классификатор СМП | Классификатор МОСГАЗ | ЦЭМП | ЦЭМП | ЦЭМП | ЦЭМП | Классификатор ФСБ | Мосгортранс | Гор. Хозяйство | Канал имени Москвы | ЦОДД | Департамент РБиПК             (ГКУ МОСБЕЗ) | Департамент РБиПК             (ГКУ МОСБЕЗ) | Аппарат МЭРА | ОАТИ | Территориальные ОИВ | Территориальные ОИВ    ТиНАО | Департамент культуры | ГКУ НТУ | ФСО | ГУП МСР | ГКУ Организатор перевозок
1061202;;объект;гидросооружение;дым;;задымление:  гидросооружение;НЕТ в ЕКП;MCHS;пожар;21;Классификатор МВД | Классификатор СМП | Классификатор МОСГАЗ | ЦЭМП | ЦЭМП | ЦЭМП | ЦЭМП | Мосгортранс | Гор. Хозяйство | Канал имени Москвы | ЦОДД | Департамент РБиПК             (ГКУ МОСБЕЗ) | Департамент РБиПК             (ГКУ МОСБЕЗ) | Аппарат МЭРА | Территориальные ОИВ | Территориальные ОИВ    ТиНАО | Департамент культуры | ГКУ НТУ | ФСО | ГУП МСР | ГКУ Организатор перевозок
1061300;;объект;сигнализация;;;пожарная сигнализация на объекте;пожар: сигнализация;MCHS;пожар: сигнализация;18;Классификатор МВД | Классификатор МВД | Классификатор СМП | Классификатор МОСГАЗ | ЦЭМП | ЦЭМП | ЦЭМП | ЦЭМП | Гор. Хозяйство | Департамент РБиПК             (ГКУ МОСБЕЗ) | Департамент РБиПК             (ГКУ МОСБЕЗ) | Аппарат МЭРА | Территориальные ОИВ | Территориальные ОИВ    ТиНАО | Департамент культуры | ГКУ НТУ | ФСО | ЦУКБ Министерство обороны
1061401;;объект;производство;открытое пламя;;пожар: производство;Пожар: Производственный комплекс;MCHS;Пожар: Производственный комплекс;26;Классификатор МВД | Классификатор СМП | Классификатор МОСГАЗ | ЦЭМП | ЦЭМП | ЦЭМП | ЦЭМП | Классификатор ФСБ | Мосгортранс | Гор. Хозяйство | ЦОДД | Департамент РБиПК             (ГКУ МОСБЕЗ) | Департамент РБиПК             (ГКУ МОСБЕЗ) | Аппарат МЭРА | ОАТИ | Территориальные ОИВ | Территориальные ОИВ    ТиНАО | Департамент строительства города Москвы | Департамент культуры | ГКУ НТУ | ФСО | ГУП МСР | ГКУ Организатор перевозок | ГПБУ Мосэкомониторинг | ООО Ситиэнерго | Депортамент гражданского строительства
1061402;;объект;производство;дым;;задымление: производство;Пожар: Производственный комплекс;MCHS;Пожар: Производственный комплекс;22;Классификатор МВД | Классификатор СМП | Классификатор МОСГАЗ | ЦЭМП | ЦЭМП | ЦЭМП | ЦЭМП | Классификатор ФСБ | Мосгортранс | Гор. Хозяйство | ЦОДД | Департамент РБиПК             (ГКУ МОСБЕЗ) | Департамент РБиПК             (ГКУ МОСБЕЗ) | Аппарат МЭРА | Территориальные ОИВ | Территориальные ОИВ    ТиНАО | Департамент культуры | ГКУ НТУ | ГУП МСР | ГКУ Организатор перевозок | ГПБУ Мосэкомониторинг | ООО Ситиэнерго
1061501;;объект;АЗС;открытое пламя;;пожар: АЗС;Пожар: Азс;MCHS;Пожар: Азс;23;Классификатор МВД | Классификатор СМП | Классификатор МОСГАЗ | ЦЭМП | ЦЭМП | ЦЭМП | ЦЭМП | Классификатор ФСБ | Мосгортранс | Гор. Хозяйство | ЦОДД | Департамент РБиПК             (ГКУ МОСБЕЗ) | Департамент РБиПК             (ГКУ МОСБЕЗ) | Аппарат МЭРА | ОАТИ | Территориальные ОИВ | Территориальные ОИВ    ТиНАО | Департамент культуры | ГКУ НТУ | ФСО | ГУП МСР | ГКУ Организатор перевозок | ГПБУ Мосэкомониторинг
1061502;;объект;АЗС;дым;;задымление:  АЗС;Пожар: Азс;MCHS;Пожар: Азс;22;Классификатор МВД | Классификатор СМП | Классификатор МОСГАЗ | ЦЭМП | ЦЭМП | ЦЭМП | ЦЭМП | Мосгортранс | Гор. Хозяйство | ЦОДД | Департамент РБиПК             (ГКУ МОСБЕЗ) | Департамент РБиПК             (ГКУ МОСБЕЗ) | Аппарат МЭРА | Территориальные ОИВ | Территориальные ОИВ    ТиНАО | Департамент культуры | ГКУ НТУ | ФСО | ГУП МСР | ГКУ Организатор перевозок | ГПБУ Мосэкомониторинг | ООО Ситиэнерго
1061601;;объект;прочие объекты;открытое пламя;;Пожар: прочие объекты;Пожар;MCHS;Пожар;26;Классификатор МВД | Классификатор СМП | Классификатор МОСГАЗ | ЦЭМП | ЦЭМП | ЦЭМП | ЦЭМП | Классификатор ФСБ | Мосгортранс | Гор. Хозяйство | ЦОДД | Департамент РБиПК             (ГКУ МОСБЕЗ) | Департамент РБиПК             (ГКУ МОСБЕЗ) | Аппарат МЭРА | Территориальные ОИВ | Территориальные ОИВ    ТиНАО | Департамент культуры | ГКУ НТУ | ФСО | ГУП МСР | ДГП (Департамент градостроительной политики) | ДГП (Департамент градостроительной политики) | ЦУКБ Министерство обороны | ГКУ Организатор перевозок | ООО Ситиэнерго | Депортамент гражданского строительства
1061602;;объект;прочие объекты;дым;;задымление:  прочие объекты;Пожар;MCHS;Пожар;24;Классификатор МВД | Классификатор СМП | Классификатор МОСГАЗ | ЦЭМП | ЦЭМП | ЦЭМП | ЦЭМП | Классификатор ФСБ | Мосгортранс | Гор. Хозяйство | ЦОДД | Департамент РБиПК             (ГКУ МОСБЕЗ) | Департамент РБиПК             (ГКУ МОСБЕЗ) | Аппарат МЭРА | Территориальные ОИВ | Территориальные ОИВ    ТиНАО | Департамент культуры | ГКУ НТУ | ГУП МСР | ДГП (Департамент градостроительной политики) | ДГП (Департамент градостроительной политики) | ЦУКБ Министерство обороны | ГКУ Организатор перевозок | ООО Ситиэнерго
1990002;;Не отображается оператору 112;;;;Пожар: Автобаза;Пожар: Автобаза;MCHS;Пожар: Автобаза;23;Классификатор МВД | Классификатор СМП | Классификатор МОСГАЗ | ЦЭМП | ЦЭМП | ЦЭМП | ЦЭМП | Классификатор ФСБ | Мосгортранс | МГТС | ЦОДД | Департамент РБиПК             (ГКУ МОСБЕЗ) | Департамент РБиПК             (ГКУ МОСБЕЗ) | Аппарат МЭРА | ОАТИ | Территориальные ОИВ | Территориальные ОИВ    ТиНАО | Департамент культуры | ГКУ НТУ | ФСО | ГУП МСР | ГКУ Организатор перевозок | ГПБУ Мосэкомониторинг
1990004;;Не отображается оператору 112;;;;Пожар: Автовокзал;Пожар: Автовокзал;MCHS;Пожар: Автовокзал;23;Классификатор МВД | Классификатор СМП | Классификатор МОСГАЗ | ЦЭМП | ЦЭМП | ЦЭМП | ЦЭМП | Классификатор ФСБ | Мосгортранс | ОЭК | ЦОДД | Департамент РБиПК             (ГКУ МОСБЕЗ) | Департамент РБиПК             (ГКУ МОСБЕЗ) | Аппарат МЭРА | ОАТИ | Территориальные ОИВ | Территориальные ОИВ    ТиНАО | Департамент культуры | ГКУ НТУ | ФСО | ГУП МСР | ГКУ Организатор перевозок | Депортамент гражданского строительства
1990005;;Не отображается оператору 112;;;;Пожар: Автокомбинат;Пожар: Автокомбинат;MCHS;Пожар: Автокомбинат;22;Классификатор МВД | Классификатор СМП | Классификатор МОСГАЗ | ЦЭМП | ЦЭМП | ЦЭМП | ЦЭМП | Классификатор ФСБ | Классификатор Мособлгаз | Мосгортранс | ЦОДД | Департамент РБиПК             (ГКУ МОСБЕЗ) | Департамент РБиПК             (ГКУ МОСБЕЗ) | Аппарат МЭРА | ОАТИ | Территориальные ОИВ | Территориальные ОИВ    ТиНАО | Департамент культуры | ГКУ НТУ | ФСО | ГКУ Организатор перевозок | ГПБУ Мосэкомониторинг
1990006;;Не отображается оператору 112;;;;Пожар: Автосалон;Пожар: Автосалон;MCHS;Пожар: Автосалон;20;Классификатор МВД | Классификатор СМП | Классификатор МОСГАЗ | ЦЭМП | ЦЭМП | ЦЭМП | ЦЭМП | Мосгортранс | ЦОДД | Департамент РБиПК             (ГКУ МОСБЕЗ) | Департамент РБиПК             (ГКУ МОСБЕЗ) | Аппарат МЭРА | ОАТИ | ДТУ | Территориальные ОИВ | Территориальные ОИВ    ТиНАО | Департамент культуры | ГКУ НТУ | ФСО | ГКУ Организатор перевозок
1990007;;Не отображается оператору 112;;;;Пожар: Автосервис;Пожар: Автосервис;MCHS;Пожар: Автосервис;21;Классификатор МВД | Классификатор СМП | Классификатор МОСГАЗ | ЦЭМП | ЦЭМП | ЦЭМП | ЦЭМП | Мосгортранс | ЦОДД | Департамент РБиПК             (ГКУ МОСБЕЗ) | Департамент РБиПК             (ГКУ МОСБЕЗ) | Аппарат МЭРА | ОАТИ | ДТУ | Территориальные ОИВ | Территориальные ОИВ    ТиНАО | Департамент культуры | ГКУ НТУ | ФСО | ГКУ Организатор перевозок | ГПБУ Мосэкомониторинг
1990008;;Не отображается оператору 112;;;;Пожар: Автостоянка;Пожар: Автостоянка;MCHS;Пожар: Автостоянка;20;Классификатор МВД | Классификатор СМП | ЦЭМП | ЦЭМП | ЦЭМП | ЦЭМП | Мосгортранс | ЦОДД | Департамент РБиПК             (ГКУ МОСБЕЗ) | Департамент РБиПК             (ГКУ МОСБЕЗ) | Аппарат МЭРА | ОАТИ | Территориальные ОИВ | Территориальные ОИВ    ТиНАО | Департамент культуры | ГКУ НТУ | ФСО | ГУП МСР | ЦУКБ Министерство обороны | ГКУ Организатор перевозок
1990011;;Не отображается оператору 112;;;;Пожар: Ангар;Пожар: Ангар;MCHS;Пожар: Ангар;22;Классификатор МВД | Классификатор СМП | Классификатор МОСГАЗ | ЦЭМП | ЦЭМП | ЦЭМП | ЦЭМП | Мосгортранс | ЦОДД | Департамент РБиПК             (ГКУ МОСБЕЗ) | Департамент РБиПК             (ГКУ МОСБЕЗ) | Аппарат МЭРА | ОАТИ | Территориальные ОИВ | Территориальные ОИВ    ТиНАО | Департамент культуры | ГКУ НТУ | ФСО | ГУП МСР | ГКУ Организатор перевозок | ГПБУ Мосэкомониторинг | ООО Ситиэнерго
1990012;;Не отображается оператору 112;;;;Пожар: Аптека;Пожар: Аптека;MCHS;Пожар: Аптека;19;Классификатор МВД | Классификатор СМП | ЦЭМП | ЦЭМП | ЦЭМП | ЦЭМП | Мосгортранс | ЦОДД | Департамент РБиПК             (ГКУ МОСБЕЗ) | Департамент РБиПК             (ГКУ МОСБЕЗ) | Аппарат МЭРА | ОАТИ | Территориальные ОИВ | Территориальные ОИВ    ТиНАО | Департамент культуры | ГКУ НТУ | ФСО | ЦУКБ Министерство обороны | ГКУ Организатор перевозок
1990013;;Не отображается оператору 112;;;;Пожар: Ателье;Пожар: Ателье;MCHS;Пожар: Ателье;20;Классификатор МВД | Классификатор СМП | ЦЭМП | ЦЭМП | ЦЭМП | ЦЭМП | Мосгортранс | ЦОДД | Департамент РБиПК             (ГКУ МОСБЕЗ) | Департамент РБиПК             (ГКУ МОСБЕЗ) | Аппарат МЭРА | ОАТИ | ДТУ | Территориальные ОИВ | Территориальные ОИВ    ТиНАО | Департамент культуры | ГКУ НТУ | ФСО | ЦУКБ Министерство обороны | ГКУ Организатор перевозок
1990016;;Не отображается оператору 112;;;;Пожар: Аэродром;Пожар: Аэродром;MCHS;Пожар: Аэродром;19;Классификатор МВД | Классификатор СМП | Классификатор МОСГАЗ | ЦЭМП | ЦЭМП | ЦЭМП | ЦЭМП | Классификатор ФСБ | ЦОДД | Департамент РБиПК             (ГКУ МОСБЕЗ) | Департамент РБиПК             (ГКУ МОСБЕЗ) | Аппарат МЭРА | ОАТИ | Территориальные ОИВ | Территориальные ОИВ    ТиНАО | Департамент культуры | ГКУ НТУ | ФСО | ГУП МСР
1990015;;Не отображается оператору 112;;;;Пожар: Аэровокзал;Пожар: Аэровокзал;MCHS;Пожар: Аэровокзал;22;Классификатор МВД | Классификатор СМП | Классификатор МОСГАЗ | ЦЭМП | ЦЭМП | ЦЭМП | ЦЭМП | Классификатор ФСБ | ОЭК | ЦОДД | Департамент РБиПК             (ГКУ МОСБЕЗ) | Департамент РБиПК             (ГКУ МОСБЕЗ) | Аппарат МЭРА | ОАТИ | Росгвардия | Территориальные ОИВ | Территориальные ОИВ    ТиНАО | Департамент культуры | ГКУ НТУ | ФСО | ГУП МСР | Депортамент гражданского строительства
1990019;;Не отображается оператору 112;;;;Пожар: Баня;Пожар: Баня;MCHS;Пожар: Баня;20;Классификатор МВД | Классификатор СМП | Классификатор МОСГАЗ | ЦЭМП | ЦЭМП | ЦЭМП | ЦЭМП | ЦОДД | Департамент РБиПК             (ГКУ МОСБЕЗ) | Департамент РБиПК             (ГКУ МОСБЕЗ) | Аппарат МЭРА | ОАТИ | ДТУ | Территориальные ОИВ | Территориальные ОИВ    ТиНАО | Департамент культуры | ГКУ НТУ | ФСО | ГУП МСР | ЦУКБ Министерство обороны
1990020;;Не отображается оператору 112;;;;Пожар: Бар;Пожар: Бар;MCHS;Пожар: Бар;19;Классификатор МВД | Классификатор СМП | Классификатор МОСГАЗ | ЦЭМП | ЦЭМП | ЦЭМП | ЦЭМП | ЦОДД | Департамент РБиПК             (ГКУ МОСБЕЗ) | Департамент РБиПК             (ГКУ МОСБЕЗ) | Аппарат МЭРА | ОАТИ | ДТУ | Территориальные ОИВ | Территориальные ОИВ    ТиНАО | Департамент культуры | ГКУ НТУ | ФСО | ЦУКБ Министерство обороны
1990021;;Не отображается оператору 112;;;;Пожар: Бассейн;Пожар: Бассейн;MCHS;Пожар: Бассейн;17;Классификатор МВД | Классификатор СМП | Классификатор МОСГАЗ | ЦЭМП | ЦЭМП | ЦЭМП | ЦЭМП | ЦОДД | Департамент РБиПК             (ГКУ МОСБЕЗ) | Департамент РБиПК             (ГКУ МОСБЕЗ) | Аппарат МЭРА | Территориальные ОИВ | Территориальные ОИВ    ТиНАО | Департамент культуры | ГКУ НТУ | ФСО | ЦУКБ Министерство обороны
1990022;;Не отображается оператору 112;;;;Пожар: Башня;Пожар: Башня;MCHS;Пожар: Башня;18;Классификатор МВД | Классификатор СМП | Классификатор МОСГАЗ | ЦЭМП | ЦЭМП | ЦЭМП | ЦЭМП | ЦОДД | Департамент РБиПК             (ГКУ МОСБЕЗ) | Департамент РБиПК             (ГКУ МОСБЕЗ) | Аппарат МЭРА | ОАТИ | Территориальные ОИВ | Территориальные ОИВ    ТиНАО | Департамент культуры | ГКУ НТУ | ФСО | ГУП МСР
1990023;;Не отображается оператору 112;;;;Пожар: Беседка;Пожар: Беседка;MCHS;Пожар: Беседка;17;Классификатор СМП | Классификатор СМП | ЦЭМП | ЦЭМП | ЦЭМП | ЦЭМП | ЦОДД | Департамент РБиПК             (ГКУ МОСБЕЗ) | Департамент РБиПК             (ГКУ МОСБЕЗ) | Аппарат МЭРА | Территориальные ОИВ | Территориальные ОИВ    ТиНАО | Департамент культуры | ГКУ НТУ | ФСО | ГУП МСР | ООО Ситиэнерго
1990024;;Не отображается оператору 112;;;;Пожар: Библиотека;Пожар: Библиотека;MCHS;Пожар: Библиотека;19;Классификатор МВД | Классификатор СМП | Классификатор МОСГАЗ | ЦЭМП | ЦЭМП | ЦЭМП | ЦЭМП | Мосгортранс | ЦОДД | Департамент РБиПК             (ГКУ МОСБЕЗ) | Департамент РБиПК             (ГКУ МОСБЕЗ) | Аппарат МЭРА | ОАТИ | Территориальные ОИВ | Территориальные ОИВ    ТиНАО | Департамент культуры | ГКУ НТУ | ФСО | ГКУ Организатор перевозок
1990025;;Не отображается оператору 112;;;;Пожар: Биржа;Пожар: Биржа;MCHS;Пожар: Биржа;17;Классификатор МВД | Классификатор СМП | Классификатор МОСГАЗ | ЦЭМП | ЦЭМП | ЦЭМП | ЦЭМП | ЦОДД | Департамент РБиПК             (ГКУ МОСБЕЗ) | Департамент РБиПК             (ГКУ МОСБЕЗ) | Аппарат МЭРА | ОАТИ | Территориальные ОИВ | Территориальные ОИВ    ТиНАО | Департамент культуры | ГКУ НТУ | ФСО
1990026;;Не отображается оператору 112;;;;Пожар: Бойлерная;Пожар: Бойлерная;MCHS;Пожар: Бойлерная;19;Классификатор МВД | Классификатор СМП | Классификатор МОСГАЗ | ЦЭМП | ЦЭМП | ЦЭМП | ЦЭМП | МОЭК | ОЭК | ЦОДД | Департамент РБиПК             (ГКУ МОСБЕЗ) | Департамент РБиПК             (ГКУ МОСБЕЗ) | Аппарат МЭРА | Территориальные ОИВ | Территориальные ОИВ    ТиНАО | Департамент культуры | ГКУ НТУ | ФСО | ГУП МСР
1990028;;Не отображается оператору 112;;;;Пожар: Бомбоубежище;Пожар: Бомбоубежище;MCHS;Пожар: Бомбоубежище;20;Классификатор МВД | Классификатор СМП | Классификатор МОСГАЗ | ЦЭМП | ЦЭМП | ЦЭМП | ЦЭМП | ЦОДД | Департамент РБиПК             (ГКУ МОСБЕЗ) | Департамент РБиПК             (ГКУ МОСБЕЗ) | Аппарат МЭРА | Военная комендатура | ОАТИ | Территориальные ОИВ | Территориальные ОИВ    ТиНАО | Департамент культуры | ГКУ НТУ | ФСО | ГУП МСР | ЦУКБ Министерство обороны
1990029;;Не отображается оператору 112;;;;Пожар: Будка консъержки;Пожар: Будка консъержки;MCHS;Пожар: Будка консъержки;17;Классификатор МВД | Классификатор СМП | Классификатор МОСГАЗ | ЦЭМП | ЦЭМП | ЦЭМП | ЦЭМП | ЦОДД | Департамент РБиПК             (ГКУ МОСБЕЗ) | Департамент РБиПК             (ГКУ МОСБЕЗ) | Аппарат МЭРА | Территориальные ОИВ | Территориальные ОИВ    ТиНАО | Департамент культуры | ГКУ НТУ | ФСО | ЦУКБ Министерство обороны
1990030;;Не отображается оператору 112;;;;Пожар: Бытовка;Пожар: Бытовка;MCHS;Пожар: Бытовка;19;Классификатор МВД | Классификатор СМП | ЦЭМП | ЦЭМП | ЦЭМП | ЦЭМП | ЦОДД | Департамент РБиПК             (ГКУ МОСБЕЗ) | Департамент РБиПК             (ГКУ МОСБЕЗ) | Аппарат МЭРА | Территориальные ОИВ | Территориальные ОИВ    ТиНАО | Департамент строительства города Москвы | Департамент культуры | ГКУ НТУ | ФСО | ДГП (Департамент градостроительной политики) | ДГП (Департамент градостроительной политики) | Депортамент гражданского строительства
1990031;;Не отображается оператору 112;;;;Пожар: Вагон электрички (вагон электропоезда);Пожар: Вагон электрички (вагон электропоезда);MCHS;Пожар: Вагон электрички (вагон электропоезда);23;Классификатор МВД | Классификатор СМП | Классификатор МОСГАЗ | ЦЭМП | ЦЭМП | ЦЭМП | ЦЭМП | Классификатор ФСБ | ГОРМОСТ | ГОРМОСТ | ЦОДД | Департамент РБиПК             (ГКУ МОСБЕЗ) | Департамент РБиПК             (ГКУ МОСБЕЗ) | Аппарат МЭРА | РЖД (МосковскаяЖД) | ОАТИ | Территориальные ОИВ | Территориальные ОИВ    ТиНАО | Департамент культуры | ГКУ НТУ | ФСО | ГУП МСР | ЦУКБ Министерство обороны
1990032;;Не отображается оператору 112;;;;Пожар: Велотрек;Пожар: Велотрек;MCHS;Пожар: Велотрек;16;Классификатор МВД | Классификатор СМП | Классификатор МОСГАЗ | ЦЭМП | ЦЭМП | ЦЭМП | ЦЭМП | ЦОДД | Департамент РБиПК             (ГКУ МОСБЕЗ) | Департамент РБиПК             (ГКУ МОСБЕЗ) | Аппарат МЭРА | Территориальные ОИВ | Территориальные ОИВ    ТиНАО | Департамент культуры | ГКУ НТУ | ФСО
1990034;;Не отображается оператору 112;;;;Пожар: Войсковая часть;Пожар: Войсковая часть;MCHS;Пожар: Войсковая часть;23;Классификатор МВД | Классификатор СМП | Классификатор МОСГАЗ | ЦЭМП | ЦЭМП | ЦЭМП | ЦЭМП | Классификатор ФСБ | ЦОДД | Департамент РБиПК             (ГКУ МОСБЕЗ) | Департамент РБиПК             (ГКУ МОСБЕЗ) | Аппарат МЭРА | Военная комендатура | ОАТИ | Росгвардия | Территориальные ОИВ | Территориальные ОИВ    ТиНАО | Департамент культуры | ГКУ НТУ | ФСО | ГУП МСР | ЦУКБ Министерство обороны | Министерство обороны РХБЗ
1990036;;Не отображается оператору 112;;;;Пожар: Выселенное здание;Пожар: Выселенное здание;MCHS;Пожар: Выселенное здание;21;Классификатор МВД | Классификатор СМП | Классификатор МОСГАЗ | ЦЭМП | ЦЭМП | ЦЭМП | ЦЭМП | ЦОДД | Департамент РБиПК             (ГКУ МОСБЕЗ) | Департамент РБиПК             (ГКУ МОСБЕЗ) | Аппарат МЭРА | ОАТИ | Территориальные ОИВ | Территориальные ОИВ    ТиНАО | Департамент культуры | ГКУ НТУ | ФСО | ДГП (Департамент градостроительной политики) | ДГП (Департамент градостроительной политики) | ООО Ситиэнерго | Депортамент гражданского строительства
1990037;;Не отображается оператору 112;;;;Пожар: Вытрезвитель;Пожар: Вытрезвитель;MCHS;Пожар: Вытрезвитель;17;Классификатор МВД | Классификатор СМП | Классификатор МОСГАЗ | ЦЭМП | ЦЭМП | ЦЭМП | ЦЭМП | ЦОДД | Департамент РБиПК             (ГКУ МОСБЕЗ) | Департамент РБиПК             (ГКУ МОСБЕЗ) | Аппарат МЭРА | ОАТИ | Территориальные ОИВ | Территориальные ОИВ    ТиНАО | Департамент культуры | ГКУ НТУ | ФСО
1990040;;Не отображается оператору 112;;;;Пожар: Газовая тепловая станция;Пожар: Газовая тепловая станция;MCHS;Пожар: Газовая тепловая станция;24;Классификатор МВД | Классификатор СМП | Классификатор МОСГАЗ | ЦЭМП | ЦЭМП | ЦЭМП | ЦЭМП | Классификатор ФСБ | Мосгортранс | МОЭК | ЦОДД | Департамент РБиПК             (ГКУ МОСБЕЗ) | Департамент РБиПК             (ГКУ МОСБЕЗ) | Аппарат МЭРА | ОАТИ | Департамент ППиООС | Территориальные ОИВ | Территориальные ОИВ    ТиНАО | Департамент культуры | ГКУ НТУ | ФСО | ГУП МСР | ГКУ Организатор перевозок | ООО Ситиэнерго
1990042;;Не отображается оператору 112;;;;Пожар: Галерея;Пожар: Галерея;MCHS;Пожар: Галерея;17;Классификатор МВД | Классификатор СМП | Классификатор МОСГАЗ | ЦЭМП | ЦЭМП | ЦЭМП | ЦЭМП | ЦОДД | Департамент РБиПК             (ГКУ МОСБЕЗ) | Департамент РБиПК             (ГКУ МОСБЕЗ) | Аппарат МЭРА | ОАТИ | Территориальные ОИВ | Территориальные ОИВ    ТиНАО | Департамент культуры | ГКУ НТУ | ФСО
1990043;;Не отображается оператору 112;;;;Пожар: Гараж;Пожар: Гараж;MCHS;Пожар: Гараж;18;Классификатор МВД | Классификатор СМП | Классификатор МОСГАЗ | ЦЭМП | ЦЭМП | ЦЭМП | ЦЭМП | ЦОДД | Департамент РБиПК             (ГКУ МОСБЕЗ) | Департамент РБиПК             (ГКУ МОСБЕЗ) | Аппарат МЭРА | ОАТИ | Территориальные ОИВ | Территориальные ОИВ    ТиНАО | Департамент культуры | ГКУ НТУ | ФСО | ГУП МСР
1990044;;Не отображается оператору 112;;;;Пожар: Гимназия;Пожар: Гимназия;MCHS;Пожар: Гимназия;23;Классификатор МВД | Классификатор СМП | Классификатор МОСГАЗ | ЦЭМП | ЦЭМП | ЦЭМП | ЦЭМП | Классификатор ФСБ | Мосгортранс | ОЭК | ЦОДД | Департамент РБиПК             (ГКУ МОСБЕЗ) | Департамент РБиПК             (ГКУ МОСБЕЗ) | Аппарат МЭРА | Департамент образования | ОАТИ | Росгвардия | Территориальные ОИВ | Территориальные ОИВ    ТиНАО | Департамент культуры | ГКУ НТУ | ФСО | ГКУ Организатор перевозок
1990045;;Не отображается оператору 112;;;;Пожар: Голубятня;Пожар: Голубятня;MCHS;Пожар: Голубятня;13;Классификатор МВД | Классификатор СМП | ЦЭМП | ЦЭМП | ЦЭМП | ЦЭМП | ЦОДД | Аппарат МЭРА | Территориальные ОИВ | Территориальные ОИВ    ТиНАО | Департамент культуры | ГКУ НТУ | ФСО
1990046;;Не отображается оператору 112;;;;Пожар: Госпиталь;Пожар: Госпиталь;MCHS;Пожар: Госпиталь;25;Классификатор МВД | Классификатор СМП | Классификатор МОСГАЗ | ЦЭМП | ЦЭМП | ЦЭМП | ЦЭМП | Классификатор ФСБ | Мосгортранс | ОЭК | ЦОДД | Департамент РБиПК             (ГКУ МОСБЕЗ) | Департамент РБиПК             (ГКУ МОСБЕЗ) | Аппарат МЭРА | Военная комендатура | ОАТИ | Росгвардия | Территориальные ОИВ | Территориальные ОИВ    ТиНАО | Департамент культуры | ГКУ НТУ | ФСО | ЦУКБ Министерство обороны | ГКУ Организатор перевозок | Депортамент гражданского строительства
1990051;;Не отображается оператору 112;;;;Пожар: Детский сад;Пожар: Детский сад;MCHS;Пожар: Детский сад;27;Классификатор МВД | Классификатор СМП | Классификатор МОСГАЗ | ЦЭМП | ЦЭМП | ЦЭМП | ЦЭМП | Классификатор ФСБ | Мосгортранс | ОЭК | ЦОДД | Департамент РБиПК             (ГКУ МОСБЕЗ) | Департамент РБиПК             (ГКУ МОСБЕЗ) | Аппарат МЭРА | Департамент образования | ОАТИ | Росгвардия | Территориальные ОИВ | Территориальные ОИВ    ТиНАО | Департамент культуры | ГКУ НТУ | ФСО | ДГП (Департамент градостроительной политики) | ДГП (Департамент градостроительной политики) | ЦУКБ Министерство обороны | ГКУ Организатор перевозок | Депортамент гражданского строительства
1990052;;Не отображается оператору 112;;;;Пожар: Дом быта;Пожар: Дом быта;MCHS;Пожар: Дом быта;18;Классификатор МВД | Классификатор СМП | Классификатор МОСГАЗ | ЦЭМП | ЦЭМП | ЦЭМП | ЦЭМП | ЦОДД | Департамент РБиПК             (ГКУ МОСБЕЗ) | Департамент РБиПК             (ГКУ МОСБЕЗ) | Аппарат МЭРА | ОАТИ | ДТУ | Территориальные ОИВ | Территориальные ОИВ    ТиНАО | Департамент культуры | ГКУ НТУ | ФСО
1990053;;Не отображается оператору 112;;;;Пожар: Дом культуры;Пожар: Дом культуры;MCHS;Пожар: Дом культуры;21;Классификатор МВД | Классификатор СМП | Классификатор МОСГАЗ | ЦЭМП | ЦЭМП | ЦЭМП | ЦЭМП | Классификатор ФСБ | Мосгортранс | ЦОДД | Департамент РБиПК             (ГКУ МОСБЕЗ) | Департамент РБиПК             (ГКУ МОСБЕЗ) | Аппарат МЭРА | ОАТИ | Росгвардия | Территориальные ОИВ | Территориальные ОИВ    ТиНАО | Департамент культуры | ГКУ НТУ | ФСО | ГКУ Организатор перевозок
1990054;;Не отображается оператору 112;;;;Пожар: Дом отдыха;Пожар: Дом отдыха;MCHS;Пожар: Дом отдыха;19;Классификатор МВД | Классификатор СМП | Классификатор МОСГАЗ | ЦЭМП | ЦЭМП | ЦЭМП | ЦЭМП | Классификатор ФСБ | ЦОДД | Департамент РБиПК             (ГКУ МОСБЕЗ) | Департамент РБиПК             (ГКУ МОСБЕЗ) | Аппарат МЭРА | ОАТИ | Территориальные ОИВ | Территориальные ОИВ    ТиНАО | Департамент культуры | ГКУ НТУ | ФСО | ГУП МСР
1990055;;Не отображается оператору 112;;;;Пожар: Дом ребенка;Пожар: Дом ребенка;MCHS;Пожар: Дом ребенка;22;Классификатор МВД | Классификатор СМП | Классификатор МОСГАЗ | ЦЭМП | ЦЭМП | ЦЭМП | ЦЭМП | Классификатор ФСБ | Мосгортранс | ОЭК | ЦОДД | Департамент РБиПК             (ГКУ МОСБЕЗ) | Департамент РБиПК             (ГКУ МОСБЕЗ) | Аппарат МЭРА | ОАТИ | ОД Департамент ТСЗН | Территориальные ОИВ | Территориальные ОИВ    ТиНАО | Департамент культуры | ГКУ НТУ | ФСО | ГКУ Организатор перевозок
1990056;;Не отображается оператору 112;;;;Пожар: Дом-интернат;Пожар: Дом-интернат;MCHS;Пожар: Дом-интернат;22;Классификатор МВД | Классификатор СМП | Классификатор МОСГАЗ | ЦЭМП | ЦЭМП | ЦЭМП | ЦЭМП | Классификатор ФСБ | Мосгортранс | ОЭК | ЦОДД | Департамент РБиПК             (ГКУ МОСБЕЗ) | Департамент РБиПК             (ГКУ МОСБЕЗ) | Аппарат МЭРА | ОАТИ | ОД Департамент ТСЗН | Территориальные ОИВ | Территориальные ОИВ    ТиНАО | Департамент культуры | ГКУ НТУ | ФСО | ГКУ Организатор перевозок
1990059;;Не отображается оператору 112;;;;Пожар: Ж-д цистерна;Пожар: Ж-д цистерна;MCHS;Пожар: Ж-д цистерна;20;Классификатор МВД | Классификатор СМП | ЦЭМП | ЦЭМП | ЦЭМП | ЦЭМП | Классификатор ФСБ | ГОРМОСТ | ЦОДД | Департамент РБиПК             (ГКУ МОСБЕЗ) | Департамент РБиПК             (ГКУ МОСБЕЗ) | Аппарат МЭРА | РЖД (МосковскаяЖД) | Территориальные ОИВ | Территориальные ОИВ    ТиНАО | Департамент культуры | ГКУ НТУ | ФСО | ГУП МСР | Министерство обороны РХБЗ
1990061;;Не отображается оператору 112;;;;Пожар: Замыкание электропроводки;Пожар: Замыкание электропроводки;MCHS;Пожар: Замыкание электропроводки;18;Классификатор МВД | Классификатор СМП | Классификатор МОСГАЗ | ЦЭМП | ЦЭМП | ЦЭМП | ЦЭМП | ЦОДД | Аппарат МЭРА | Территориальные ОИВ | Территориальные ОИВ    ТиНАО | Департамент культуры | ГКУ НТУ | ФСО | ДГП (Департамент градостроительной политики) | ДГП (Департамент градостроительной политики) | ООО Ситиэнерго | Депортамент гражданского строительства
1990062;;Не отображается оператору 112;;;;Пожар: Зоопарк;Пожар: Зоопарк;MCHS;Пожар: Зоопарк;20;Классификатор МВД | Классификатор СМП | Классификатор МОСГАЗ | ЦЭМП | ЦЭМП | ЦЭМП | ЦЭМП | Мосгортранс | ЦОДД | Департамент РБиПК             (ГКУ МОСБЕЗ) | Департамент РБиПК             (ГКУ МОСБЕЗ) | Аппарат МЭРА | ОАТИ | Территориальные ОИВ | Территориальные ОИВ    ТиНАО | Департамент культуры | ГКУ НТУ | ФСО | ГУП МСР | ГКУ Организатор перевозок
1990063;;Не отображается оператору 112;;;;Пожар: Игровой клуб;Пожар: Игровой клуб;MCHS;Пожар: Игровой клуб;18;Классификатор МВД | Классификатор СМП | Классификатор МОСГАЗ | ЦЭМП | ЦЭМП | ЦЭМП | ЦЭМП | ЦОДД | Департамент РБиПК             (ГКУ МОСБЕЗ) | Департамент РБиПК             (ГКУ МОСБЕЗ) | Аппарат МЭРА | ОАТИ | ДТУ | Территориальные ОИВ | Территориальные ОИВ    ТиНАО | Департамент культуры | ГКУ НТУ | ФСО
1990064;;Не отображается оператору 112;;;;Пожар: Издательство;Пожар: Издательство;MCHS;Пожар: Издательство;19;Классификатор МВД | Классификатор СМП | Классификатор МОСГАЗ | ЦЭМП | ЦЭМП | ЦЭМП | ЦЭМП | Мосгортранс | ЦОДД | Департамент РБиПК             (ГКУ МОСБЕЗ) | Департамент РБиПК             (ГКУ МОСБЕЗ) | Аппарат МЭРА | ОАТИ | Территориальные ОИВ | Территориальные ОИВ    ТиНАО | Департамент культуры | ГКУ НТУ | ФСО | ГКУ Организатор перевозок
1990065;;Не отображается оператору 112;;;;Пожар: Институт;Пожар: Институт;MCHS;Пожар: Институт;22;Классификатор МВД | Классификатор СМП | Классификатор МОСГАЗ | ЦЭМП | ЦЭМП | ЦЭМП | ЦЭМП | Классификатор ФСБ | Мосгортранс | ОЭК | ЦОДД | Департамент РБиПК             (ГКУ МОСБЕЗ) | Департамент РБиПК             (ГКУ МОСБЕЗ) | Аппарат МЭРА | ОАТИ | Территориальные ОИВ | Территориальные ОИВ    ТиНАО | Департамент культуры | ГКУ НТУ | ФСО | ЦУКБ Министерство обороны | ГКУ Организатор перевозок
1990067;;Не отображается оператору 112;;;;Пожар: Кадетский корпус;Пожар: Кадетский корпус;MCHS;Пожар: Кадетский корпус;22;Классификатор МВД | Классификатор СМП | Классификатор МОСГАЗ | ЦЭМП | ЦЭМП | ЦЭМП | ЦЭМП | Классификатор ФСБ | Мосгортранс | ОЭК | ЦОДД | Департамент РБиПК             (ГКУ МОСБЕЗ) | Департамент РБиПК             (ГКУ МОСБЕЗ) | Аппарат МЭРА | Департамент образования | ОАТИ | Территориальные ОИВ | Территориальные ОИВ    ТиНАО | Департамент культуры | ГКУ НТУ | ФСО | ГКУ Организатор перевозок
1990068;;Не отображается оператору 112;;;;Пожар: Кафе;Пожар: Кафе;MCHS;Пожар: Кафе;21;Классификатор МВД | Классификатор СМП | Классификатор МОСГАЗ | ЦЭМП | ЦЭМП | ЦЭМП | ЦЭМП | Мосгортранс | ЦОДД | Департамент РБиПК             (ГКУ МОСБЕЗ) | Департамент РБиПК             (ГКУ МОСБЕЗ) | Аппарат МЭРА | ОАТИ | ДТУ | Территориальные ОИВ | Территориальные ОИВ    ТиНАО | Департамент культуры | ГКУ НТУ | ФСО | ЦУКБ Министерство обороны | ГКУ Организатор перевозок
1990070;;Не отображается оператору 112;;;;Пожар: Киностудия;Пожар: Киностудия;MCHS;Пожар: Киностудия;19;Классификатор МВД | Классификатор СМП | Классификатор МОСГАЗ | ЦЭМП | ЦЭМП | ЦЭМП | ЦЭМП | Мосгортранс | ЦОДД | Департамент РБиПК             (ГКУ МОСБЕЗ) | Департамент РБиПК             (ГКУ МОСБЕЗ) | Аппарат МЭРА | ОАТИ | Территориальные ОИВ | Территориальные ОИВ    ТиНАО | Департамент культуры | ГКУ НТУ | ФСО | ГКУ Организатор перевозок
1990071;;Не отображается оператору 112;;;;Пожар: Кинотеатр;Пожар: Кинотеатр;MCHS;Пожар: Кинотеатр;22;Классификатор МВД | Классификатор СМП | Классификатор МОСГАЗ | ЦЭМП | ЦЭМП | ЦЭМП | ЦЭМП | Классификатор ФСБ | Мосгортранс | ОЭК | ЦОДД | Департамент РБиПК             (ГКУ МОСБЕЗ) | Департамент РБиПК             (ГКУ МОСБЕЗ) | Аппарат МЭРА | ОАТИ | Территориальные ОИВ | Территориальные ОИВ    ТиНАО | Департамент культуры | ГКУ НТУ | ФСО | ГКУ Организатор перевозок | Депортамент гражданского строительства
1990072;;Не отображается оператору 112;;;;Пожар: Кладбище;Пожар: Кладбище;MCHS;Пожар: Кладбище;17;Классификатор МВД | Классификатор СМП | ЦЭМП | ЦЭМП | ЦЭМП | ЦЭМП | ЦОДД | Департамент РБиПК             (ГКУ МОСБЕЗ) | Департамент РБиПК             (ГКУ МОСБЕЗ) | Аппарат МЭРА | ДТУ | Территориальные ОИВ | Территориальные ОИВ    ТиНАО | Департамент культуры | ГКУ НТУ | ФСО | ГУП МСР
1990073;;Не отображается оператору 112;;;;Пожар: Клиника;Пожар: Клиника;MCHS;Пожар: Клиника;23;Классификатор МВД | Классификатор СМП | Классификатор МОСГАЗ | ЦЭМП | ЦЭМП | ЦЭМП | ЦЭМП | Классификатор ФСБ | Мосгортранс | ОЭК | ЦОДД | Департамент РБиПК             (ГКУ МОСБЕЗ) | Департамент РБиПК             (ГКУ МОСБЕЗ) | Аппарат МЭРА | ОАТИ | Территориальные ОИВ | Территориальные ОИВ    ТиНАО | Департамент культуры | ГКУ НТУ | ФСО | ЦУКБ Министерство обороны | ГКУ Организатор перевозок | Депортамент гражданского строительства
1990074;;Не отображается оператору 112;;;;Пожар: Клуб;Пожар: Клуб;MCHS;Пожар: Клуб;20;Классификатор МВД | Классификатор СМП | Классификатор МОСГАЗ | ЦЭМП | ЦЭМП | ЦЭМП | ЦЭМП | Мосгортранс | ЦОДД | Департамент РБиПК             (ГКУ МОСБЕЗ) | Департамент РБиПК             (ГКУ МОСБЕЗ) | Аппарат МЭРА | ОАТИ | ДТУ | Территориальные ОИВ | Территориальные ОИВ    ТиНАО | Департамент культуры | ГКУ НТУ | ФСО | ГКУ Организатор перевозок
1990075;;Не отображается оператору 112;;;;Пожар: Книгохранилище;Пожар: Книгохранилище;MCHS;Пожар: Книгохранилище;19;Классификатор МВД | Классификатор СМП | Классификатор МОСГАЗ | ЦЭМП | ЦЭМП | ЦЭМП | ЦЭМП | Мосгортранс | ЦОДД | Департамент РБиПК             (ГКУ МОСБЕЗ) | Департамент РБиПК             (ГКУ МОСБЕЗ) | Аппарат МЭРА | ОАТИ | Территориальные ОИВ | Территориальные ОИВ    ТиНАО | Департамент культуры | ГКУ НТУ | ФСО | ГКУ Организатор перевозок
1990076;;Не отображается оператору 112;;;;Пожар: Козырек подъезда;Пожар: Козырек подъезда;MCHS;Пожар: Козырек подъезда;16;Классификатор СМП | Классификатор МОСГАЗ | ЦЭМП | ЦЭМП | ЦЭМП | ЦЭМП | ЦОДД | Аппарат МЭРА | Территориальные ОИВ | Территориальные ОИВ    ТиНАО | Департамент культуры | ГКУ НТУ | ФСО | ДГП (Департамент градостроительной политики) | ДГП (Департамент градостроительной политики) | ЦУКБ Министерство обороны
1990077;;Не отображается оператору 112;;;;Пожар: Колледж;Пожар: Колледж;MCHS;Пожар: Колледж;22;Классификатор МВД | Классификатор СМП | Классификатор МОСГАЗ | ЦЭМП | ЦЭМП | ЦЭМП | ЦЭМП | Классификатор ФСБ | Мосгортранс | ОЭК | ЦОДД | Департамент РБиПК             (ГКУ МОСБЕЗ) | Департамент РБиПК             (ГКУ МОСБЕЗ) | Аппарат МЭРА | Департамент образования | ОАТИ | Территориальные ОИВ | Территориальные ОИВ    ТиНАО | Департамент культуры | ГКУ НТУ | ФСО | ГКУ Организатор перевозок
1990078;;Не отображается оператору 112;;;;Пожар: Комбинат;Пожар: Комбинат;MCHS;Пожар: Комбинат;23;Классификатор МВД | Классификатор СМП | Классификатор МОСГАЗ | ЦЭМП | ЦЭМП | ЦЭМП | ЦЭМП | Классификатор ФСБ | Классификатор Мособлгаз | Мосгортранс | ЦОДД | Департамент РБиПК             (ГКУ МОСБЕЗ) | Департамент РБиПК             (ГКУ МОСБЕЗ) | Аппарат МЭРА | ОАТИ | ДТУ | Территориальные ОИВ | Территориальные ОИВ    ТиНАО | Департамент культуры | ГКУ НТУ | ФСО | ГУП МСР | ГКУ Организатор перевозок
1990079;;Не отображается оператору 112;;;;Пожар: Консерватория;Пожар: Консерватория;MCHS;Пожар: Консерватория;21;Классификатор МВД | Классификатор СМП | Классификатор МОСГАЗ | ЦЭМП | ЦЭМП | ЦЭМП | ЦЭМП | Классификатор ФСБ | Мосгортранс | ОЭК | ЦОДД | Департамент РБиПК             (ГКУ МОСБЕЗ) | Департамент РБиПК             (ГКУ МОСБЕЗ) | Аппарат МЭРА | ОАТИ | Территориальные ОИВ | Территориальные ОИВ    ТиНАО | Департамент культуры | ГКУ НТУ | ФСО | ГКУ Организатор перевозок
1990080;;Не отображается оператору 112;;;;Пожар: Конюшня;Пожар: Конюшня;MCHS;Пожар: Конюшня;17;Классификатор МВД | Классификатор СМП | ЦЭМП | ЦЭМП | ЦЭМП | ЦЭМП | ЦОДД | Департамент РБиПК             (ГКУ МОСБЕЗ) | Департамент РБиПК             (ГКУ МОСБЕЗ) | Аппарат МЭРА | ОАТИ | Территориальные ОИВ | Территориальные ОИВ    ТиНАО | Департамент культуры | ГКУ НТУ | ФСО | ГУП МСР
1990081;;Не отображается оператору 112;;;;Пожар: Костер;Пожар: Костер;MCHS;Пожар: Костер;14;Классификатор СМП | ЦЭМП | ЦЭМП | ЦЭМП | ЦЭМП | ЦОДД | Аппарат МЭРА | Территориальные ОИВ | Территориальные ОИВ    ТиНАО | Департамент культуры | ГКУ НТУ | ФСО | ГУП МСР | ЦУКБ Министерство обороны
1990082;;Не отображается оператору 112;;;;Пожар: Котельная;Пожар: Котельная;MCHS;Пожар: Котельная;24;Классификатор МВД | Классификатор СМП | Классификатор МОСГАЗ | ЦЭМП | ЦЭМП | ЦЭМП | ЦЭМП | Классификатор Мособлгаз | Мосгортранс | МОЭК | ОЭК | ЦОДД | Деп. ЖКХ | Департамент РБиПК             (ГКУ МОСБЕЗ) | Департамент РБиПК             (ГКУ МОСБЕЗ) | Аппарат МЭРА | ОАТИ | Территориальные ОИВ | Территориальные ОИВ    ТиНАО | Департамент культуры | ГКУ НТУ | ФСО | ГУП МСР | ГКУ Организатор перевозок
1990083;;Не отображается оператору 112;;;;Пожар: Крыша;Пожар: Крыша;MCHS;Пожар: Крыша;26;Классификатор МВД | Классификатор СМП | Классификатор МОСГАЗ | ЦЭМП | ЦЭМП | ЦЭМП | ЦЭМП | Классификатор Мособлгаз | Мосгортранс | ЦОДД | Департамент РБиПК             (ГКУ МОСБЕЗ) | Департамент РБиПК             (ГКУ МОСБЕЗ) | Аппарат МЭРА | ОАТИ | ЭВАЖД | Территориальные ОИВ | Территориальные ОИВ    ТиНАО | Департамент культуры | ГКУ НТУ | ФСО | ДГП (Департамент градостроительной политики) | ДГП (Департамент градостроительной политики) | ЦУКБ Министерство обороны | ГКУ Организатор перевозок | ООО Ситиэнерго | Депортамент гражданского строительства
1990084;;Не отображается оператору 112;;;;Пожар: Лаборатория;Пожар: Лаборатория;MCHS;Пожар: Лаборатория;22;Классификатор МВД | Классификатор СМП | Классификатор МОСГАЗ | ЦЭМП | ЦЭМП | ЦЭМП | ЦЭМП | Классификатор ФСБ | Классификатор Мособлгаз | Мосгортранс | МОЭК | ЦОДД | Департамент РБиПК             (ГКУ МОСБЕЗ) | Департамент РБиПК             (ГКУ МОСБЕЗ) | Аппарат МЭРА | ОАТИ | Территориальные ОИВ | Территориальные ОИВ    ТиНАО | Департамент культуры | ГКУ НТУ | ФСО | ГКУ Организатор перевозок
1990087;;Не отображается оператору 112;;;;Пожар: Лицей;Пожар: Лицей;MCHS;Пожар: Лицей;22;Классификатор МВД | Классификатор СМП | Классификатор МОСГАЗ | ЦЭМП | ЦЭМП | ЦЭМП | ЦЭМП | Классификатор ФСБ | Мосгортранс | ОЭК | ЦОДД | Департамент РБиПК             (ГКУ МОСБЕЗ) | Департамент РБиПК             (ГКУ МОСБЕЗ) | Аппарат МЭРА | Департамент образования | ОАТИ | Территориальные ОИВ | Территориальные ОИВ    ТиНАО | Департамент культуры | ГКУ НТУ | ФСО | ГКУ Организатор перевозок
1990088;;Не отображается оператору 112;;;;Пожар: Магазин;Пожар: Магазин;MCHS;Пожар: Магазин;21;Классификатор МВД | Классификатор СМП | Классификатор МОСГАЗ | ЦЭМП | ЦЭМП | ЦЭМП | ЦЭМП | Мосгортранс | ЦОДД | Департамент РБиПК             (ГКУ МОСБЕЗ) | Департамент РБиПК             (ГКУ МОСБЕЗ) | Аппарат МЭРА | ОАТИ | ДТУ | Территориальные ОИВ | Территориальные ОИВ    ТиНАО | Департамент культуры | ГКУ НТУ | ФСО | ЦУКБ Министерство обороны | ГКУ Организатор перевозок
1990089;;Не отображается оператору 112;;;;Пожар: Манеж;Пожар: Манеж;MCHS;Пожар: Манеж;19;Классификатор МВД | Классификатор СМП | Классификатор МОСГАЗ | ЦЭМП | ЦЭМП | ЦЭМП | ЦЭМП | Мосгортранс | ЦОДД | Департамент РБиПК             (ГКУ МОСБЕЗ) | Департамент РБиПК             (ГКУ МОСБЕЗ) | Аппарат МЭРА | ОАТИ | Территориальные ОИВ | Территориальные ОИВ    ТиНАО | Департамент культуры | ГКУ НТУ | ФСО | ГКУ Организатор перевозок
1990090;;Не отображается оператору 112;;;;Пожар: Мастерская;Пожар: Мастерская;MCHS;Пожар: Мастерская;18;Классификатор МВД | Классификатор СМП | Классификатор МОСГАЗ | ЦЭМП | ЦЭМП | ЦЭМП | ЦЭМП | ЦОДД | Департамент РБиПК             (ГКУ МОСБЕЗ) | Департамент РБиПК             (ГКУ МОСБЕЗ) | Аппарат МЭРА | ОАТИ | ДТУ | Территориальные ОИВ | Территориальные ОИВ    ТиНАО | Департамент культуры | ГКУ НТУ | ФСО
1990092;;Не отображается оператору 112;;;;Пожар: Медсанчасть;Пожар: Медсанчасть;MCHS;Пожар: Медсанчасть;22;Классификатор МВД | Классификатор СМП | Классификатор МОСГАЗ | ЦЭМП | ЦЭМП | ЦЭМП | ЦЭМП | Классификатор ФСБ | Мосгортранс | ЦОДД | Департамент РБиПК             (ГКУ МОСБЕЗ) | Департамент РБиПК             (ГКУ МОСБЕЗ) | Аппарат МЭРА | Военная комендатура | ОАТИ | Территориальные ОИВ | Территориальные ОИВ    ТиНАО | Департамент культуры | ГКУ НТУ | ФСО | ЦУКБ Министерство обороны | ГКУ Организатор перевозок
1990094;;Не отображается оператору 112;;;;Пожар: Мечеть;Пожар: Мечеть;MCHS;Пожар: Мечеть;22;Классификатор МВД | Классификатор СМП | Классификатор МОСГАЗ | ЦЭМП | ЦЭМП | ЦЭМП | ЦЭМП | Классификатор ФСБ | Мосгортранс | ОЭК | ЦОДД | Департамент РБиПК             (ГКУ МОСБЕЗ) | Департамент РБиПК             (ГКУ МОСБЕЗ) | Аппарат МЭРА | ОАТИ | Территориальные ОИВ | Территориальные ОИВ    ТиНАО | Департамент культуры | ГКУ НТУ | ФСО | ГУП МСР | ГКУ Организатор перевозок
1990095;;Не отображается оператору 112;;;;Пожар: Монастырь;Пожар: Монастырь;MCHS;Пожар: Монастырь;22;Классификатор МВД | Классификатор СМП | Классификатор МОСГАЗ | ЦЭМП | ЦЭМП | ЦЭМП | ЦЭМП | Классификатор ФСБ | Мосгортранс | ОЭК | ЦОДД | Департамент РБиПК             (ГКУ МОСБЕЗ) | Департамент РБиПК             (ГКУ МОСБЕЗ) | Аппарат МЭРА | ОАТИ | Территориальные ОИВ | Территориальные ОИВ    ТиНАО | Департамент культуры | ГКУ НТУ | ФСО | ГУП МСР | ГКУ Организатор перевозок
1990096;;Не отображается оператору 112;;;;Пожар: Мототранспорт;Пожар: Мотоцикл;MCHS;Пожар: Мототранспорт;19;Классификатор МВД | Классификатор СМП | ЦЭМП | ЦЭМП | ЦЭМП | ЦЭМП | Мосгортранс | ГОРМОСТ | ЦОДД | Департамент РБиПК             (ГКУ МОСБЕЗ) | Департамент РБиПК             (ГКУ МОСБЕЗ) | Аппарат МЭРА | Территориальные ОИВ | Территориальные ОИВ    ТиНАО | Департамент культуры | ГКУ НТУ | ФСО | ЦУКБ Министерство обороны | ГКУ Организатор перевозок
1990097;;Не отображается оператору 112;;;;Пожар: Музей;Пожар: Музей;MCHS;Пожар: Музей;20;Классификатор МВД | Классификатор СМП | Классификатор МОСГАЗ | ЦЭМП | ЦЭМП | ЦЭМП | ЦЭМП | Классификатор ФСБ | Мосгортранс | ЦОДД | Департамент РБиПК             (ГКУ МОСБЕЗ) | Департамент РБиПК             (ГКУ МОСБЕЗ) | Аппарат МЭРА | ОАТИ | Территориальные ОИВ | Территориальные ОИВ    ТиНАО | Департамент культуры | ГКУ НТУ | ФСО | ГКУ Организатор перевозок
1990100;;Не отображается оператору 112;;;;Пожар: Нии;Пожар: Нии;MCHS;Пожар: Нии;21;Классификатор МВД | Классификатор СМП | Классификатор МОСГАЗ | ЦЭМП | ЦЭМП | ЦЭМП | ЦЭМП | Классификатор ФСБ | Мосгортранс | ОЭК | ЦОДД | Департамент РБиПК             (ГКУ МОСБЕЗ) | Департамент РБиПК             (ГКУ МОСБЕЗ) | Аппарат МЭРА | ОАТИ | Территориальные ОИВ | Территориальные ОИВ    ТиНАО | Департамент культуры | ГКУ НТУ | ФСО | ГКУ Организатор перевозок
1990101;;Не отображается оператору 112;;;;Пожар: Новостройка;Пожар: Новостройка;MCHS;Пожар: Новостройка;23;Классификатор МВД | Классификатор СМП | Классификатор МОСГАЗ | ЦЭМП | ЦЭМП | ЦЭМП | ЦЭМП | Мосгортранс | ЦОДД | Департамент РБиПК             (ГКУ МОСБЕЗ) | Департамент РБиПК             (ГКУ МОСБЕЗ) | Аппарат МЭРА | ОАТИ | Территориальные ОИВ | Территориальные ОИВ    ТиНАО | Департамент строительства города Москвы | Департамент культуры | ГКУ НТУ | ФСО | ДГП (Департамент градостроительной политики) | ДГП (Департамент градостроительной политики) | ГКУ Организатор перевозок | Депортамент гражданского строительства
1990102;;Не отображается оператору 112;;;;Пожар: Обмотка труб;Пожар: Обмотка труб;MCHS;Пожар: Обмотка труб;18;Классификатор МВД | Классификатор МВД | Классификатор СМП | ЦЭМП | ЦЭМП | ЦЭМП | ЦЭМП | ЦОДД | Аппарат МЭРА | Территориальные ОИВ | Территориальные ОИВ    ТиНАО | Департамент культуры | ГКУ НТУ | ГУП МСР | ДГП (Департамент градостроительной политики) | ДГП (Департамент градостроительной политики) | ЦУКБ Министерство обороны | ООО Ситиэнерго
1990103;;Не отображается оператору 112;;;;Пожар: Общежитие;Пожар: Общежитие;MCHS;Пожар: Общежитие;23;Классификатор МВД | Классификатор СМП | Классификатор МОСГАЗ | ЦЭМП | ЦЭМП | ЦЭМП | ЦЭМП | Классификатор ФСБ | Мосгортранс | ОЭК | ЦОДД | Департамент РБиПК             (ГКУ МОСБЕЗ) | Департамент РБиПК             (ГКУ МОСБЕЗ) | Аппарат МЭРА | ОАТИ | Территориальные ОИВ | Территориальные ОИВ    ТиНАО | Департамент культуры | ГКУ НТУ | ФСО | Комитет по туризму г.Москвы | ГКУ Организатор перевозок | Депортамент гражданского строительства
1990104;;Не отображается оператору 112;;;;Пожар: Офис;Пожар: Офис;MCHS;Пожар: Офис;22;Классификатор МВД | Классификатор СМП | Классификатор МОСГАЗ | ЦЭМП | ЦЭМП | ЦЭМП | ЦЭМП | Мосгортранс | МОЭК | ЦОДД | Департамент РБиПК             (ГКУ МОСБЕЗ) | Департамент РБиПК             (ГКУ МОСБЕЗ) | Аппарат МЭРА | ОАТИ | Территориальные ОИВ | Территориальные ОИВ    ТиНАО | Департамент культуры | ГКУ НТУ | ФСО | ЦУКБ Министерство обороны | ГКУ Организатор перевозок | Депортамент гражданского строительства
1990105;;Не отображается оператору 112;;;;Пожар: Палатка;Пожар: Палатка;MCHS;Пожар: Палатка;16;Классификатор МВД | Классификатор СМП | ЦЭМП | ЦЭМП | ЦЭМП | ЦЭМП | ЦОДД | Департамент РБиПК             (ГКУ МОСБЕЗ) | Департамент РБиПК             (ГКУ МОСБЕЗ) | Аппарат МЭРА | ДТУ | Территориальные ОИВ | Территориальные ОИВ    ТиНАО | Департамент культуры | ГКУ НТУ | ГУП МСР
1990106;;Не отображается оператору 112;;;;Пожар: Пансионат;Пожар: Пансионат;MCHS;Пожар: Пансионат;23;Классификатор МВД | Классификатор СМП | Классификатор МОСГАЗ | ЦЭМП | ЦЭМП | ЦЭМП | ЦЭМП | Классификатор ФСБ | МГТС | ОЭК | ЦОДД | Департамент РБиПК             (ГКУ МОСБЕЗ) | Департамент РБиПК             (ГКУ МОСБЕЗ) | Аппарат МЭРА | ОАТИ | ОД Департамент ТСЗН | Территориальные ОИВ | Территориальные ОИВ    ТиНАО | Департамент культуры | ГКУ НТУ | ФСО | ГУП МСР | Комитет по туризму г.Москвы
1990109;;Не отображается оператору 112;;;;Пожар: Планетарий;Пожар: Планетарий;MCHS;Пожар: Планетарий;18;Классификатор МВД | Классификатор СМП | Классификатор МОСГАЗ | ЦЭМП | ЦЭМП | ЦЭМП | ЦЭМП | Классификатор ФСБ | ЦОДД | Департамент РБиПК             (ГКУ МОСБЕЗ) | Департамент РБиПК             (ГКУ МОСБЕЗ) | Аппарат МЭРА | ОАТИ | Территориальные ОИВ | Территориальные ОИВ    ТиНАО | Департамент культуры | ГКУ НТУ | ФСО
1990066;;Не отображается оператору 112;;;;Пожар: кабельный коллектор;Пожар: кабельный коллектор;MCHS;Пожар: кабельный коллектор;28;Классификатор МВД | Классификатор СМП | Классификатор МОСГАЗ | ЦЭМП | ЦЭМП | ЦЭМП | ЦЭМП | Мосгортранс | ГОРМОСТ | ГОРМОСТ | МГТС | МОЭК | ОЭК | ЦОДД | Департамент РБиПК             (ГКУ МОСБЕЗ) | Департамент РБиПК             (ГКУ МОСБЕЗ) | Аппарат МЭРА | Москоллектор | ОАТИ | Территориальные ОИВ | Территориальные ОИВ    ТиНАО | Департамент культуры | ГКУ НТУ | ФСО | ЦУКБ Министерство обороны | ГКУ Организатор перевозок | ООО Ситиэнерго | Депортамент гражданского строительства
1990113;;Не отображается оператору 112;;;;Пожар: Подстанция;Пожар: Подстанция;MCHS;Пожар: Подстанция;32;"Классификатор МВД | Классификатор СМП | Классификатор МОСГАЗ | ЦЭМП | ЦЭМП | ЦЭМП | ЦЭМП | Классификатор ФСБ | Мосгортранс | ГОРМОСТ | ГОРМОСТ | ГОРМОСТ | МОЭСК (ПАО ""Россети Московский регион"") | ОЭК | ЦОДД | Деп. ЖКХ | Департамент РБиПК             (ГКУ МОСБЕЗ) | Департамент РБиПК             (ГКУ МОСБЕЗ) | Аппарат МЭРА | Москоллектор | ОАТИ | Территориальные ОИВ | Территориальные ОИВ    ТиНАО | Департамент культуры | ГКУ НТУ | ФСО | ГУП МСР | ДГП (Департамент градостроительной политики) | ДГП (Департамент градостроительной политики) | ЦУКБ Министерство обороны | ГКУ Организатор перевозок | Депортамент гражданского строительства"
1990115;;Не отображается оператору 112;;;;Пожар: Покрышки автомобильные;Пожар: Покрышки автомобильные;MCHS;Пожар: Покрышки автомобильные;15;Классификатор МВД | Классификатор МВД | Классификатор СМП | ЦЭМП | ЦЭМП | ЦЭМП | ЦЭМП | ЦОДД | Аппарат МЭРА | Территориальные ОИВ | Территориальные ОИВ    ТиНАО | Департамент культуры | ГКУ НТУ | ГУП МСР | ГПБУ Мосэкомониторинг
1990116;;Не отображается оператору 112;;;;Пожар: Полигон;Пожар: Полигон;MCHS;Пожар: Полигон;18;Классификатор МВД | Классификатор СМП | ЦЭМП | ЦЭМП | ЦЭМП | ЦЭМП | ЦОДД | Департамент РБиПК             (ГКУ МОСБЕЗ) | Департамент РБиПК             (ГКУ МОСБЕЗ) | Аппарат МЭРА | ОАТИ | Росгвардия | Территориальные ОИВ | Территориальные ОИВ    ТиНАО | Департамент культуры | ГКУ НТУ | ФСО | ГУП МСР
1990117;;Не отображается оператору 112;;;;Пожар: Поликлиника;Пожар: Поликлиника;MCHS;Пожар: Поликлиника;24;Классификатор МВД | Классификатор СМП | Классификатор МОСГАЗ | ЦЭМП | ЦЭМП | ЦЭМП | ЦЭМП | Классификатор ФСБ | Мосгортранс | ОЭК | ЦОДД | Департамент РБиПК             (ГКУ МОСБЕЗ) | Департамент РБиПК             (ГКУ МОСБЕЗ) | Аппарат МЭРА | ОАТИ | Росгвардия | Территориальные ОИВ | Территориальные ОИВ    ТиНАО | Департамент культуры | ГКУ НТУ | ФСО | ЦУКБ Министерство обороны | ГКУ Организатор перевозок | Депортамент гражданского строительства
1990118;;Не отображается оператору 112;;;;Пожар: Порт;Пожар: Порт;MCHS;Пожар: Порт;20;Классификатор МВД | Классификатор СМП | Классификатор МОСГАЗ | ЦЭМП | ЦЭМП | ЦЭМП | ЦЭМП | Классификатор ФСБ | Канал имени Москвы | ЦОДД | Департамент РБиПК             (ГКУ МОСБЕЗ) | Департамент РБиПК             (ГКУ МОСБЕЗ) | Аппарат МЭРА | ОАТИ | Территориальные ОИВ | Территориальные ОИВ    ТиНАО | Департамент культуры | ГКУ НТУ | ФСО | ГКУ Организатор перевозок
1990119;;Не отображается оператору 112;;;;Пожар: Посольство;Пожар: Посольство;MCHS;Пожар: Посольство;22;Классификатор МВД | Классификатор СМП | Классификатор МОСГАЗ | ЦЭМП | ЦЭМП | ЦЭМП | ЦЭМП | Классификатор ФСБ | Мосгортранс | ОЭК | ЦОДД | Департамент РБиПК             (ГКУ МОСБЕЗ) | Департамент РБиПК             (ГКУ МОСБЕЗ) | Аппарат МЭРА | ОАТИ | Росгвардия | Территориальные ОИВ | Территориальные ОИВ    ТиНАО | Департамент культуры | ГКУ НТУ | ФСО | ГКУ Организатор перевозок
1990120;;Не отображается оператору 112;;;;Пожар: Прачечная;Пожар: Прачечная;MCHS;Пожар: Прачечная;19;Классификатор МВД | Классификатор СМП | Классификатор МОСГАЗ | ЦЭМП | ЦЭМП | ЦЭМП | ЦЭМП | Мосгортранс | ЦОДД | Департамент РБиПК             (ГКУ МОСБЕЗ) | Департамент РБиПК             (ГКУ МОСБЕЗ) | Аппарат МЭРА | ДТУ | Территориальные ОИВ | Территориальные ОИВ    ТиНАО | Департамент культуры | ГКУ НТУ | ФСО | ГКУ Организатор перевозок
1990121;;Не отображается оператору 112;;;;Пожар: Префектура;Пожар: Префектура;MCHS;Пожар: Префектура;22;Классификатор МВД | Классификатор СМП | Классификатор МОСГАЗ | ЦЭМП | ЦЭМП | ЦЭМП | ЦЭМП | Классификатор ФСБ | Мосгортранс | МОЭК | ОЭК | ЦОДД | Департамент РБиПК             (ГКУ МОСБЕЗ) | Департамент РБиПК             (ГКУ МОСБЕЗ) | Аппарат МЭРА | ОАТИ | Территориальные ОИВ | Территориальные ОИВ    ТиНАО | Департамент культуры | ГКУ НТУ | ФСО | ГКУ Организатор перевозок
1990122;;Не отображается оператору 112;;;;Пожар: Приемник-распределитель;Пожар: Приемник-распределитель;MCHS;Пожар: Приемник-распределитель;19;Классификатор МВД | Классификатор СМП | Классификатор МОСГАЗ | ЦЭМП | ЦЭМП | ЦЭМП | ЦЭМП | Мосгортранс | ЦОДД | Департамент РБиПК             (ГКУ МОСБЕЗ) | Департамент РБиПК             (ГКУ МОСБЕЗ) | Аппарат МЭРА | ОАТИ | Территориальные ОИВ | Территориальные ОИВ    ТиНАО | Департамент культуры | ГКУ НТУ | ФСО | ГКУ Организатор перевозок
1990123;;Не отображается оператору 112;;;;Пожар: Пристройка;Пожар: Пристройка;MCHS;Пожар: Пристройка;18;Классификатор МВД | Классификатор СМП | Классификатор МОСГАЗ | ЦЭМП | ЦЭМП | ЦЭМП | ЦЭМП | ЦОДД | Департамент РБиПК             (ГКУ МОСБЕЗ) | Департамент РБиПК             (ГКУ МОСБЕЗ) | Аппарат МЭРА | ОАТИ | Территориальные ОИВ | Территориальные ОИВ    ТиНАО | Департамент культуры | ГКУ НТУ | ФСО | Депортамент гражданского строительства
1990124;;Не отображается оператору 112;;;;Пожар: Провода;Пожар: Провода;MCHS;Пожар: Провода;23;Классификатор МВД | Классификатор МВД | Классификатор МВД | Классификатор СМП | ЦЭМП | ЦЭМП | ЦЭМП | ЦЭМП | МГТС | ОЭК | ЦОДД | Департамент РБиПК             (ГКУ МОСБЕЗ) | Департамент РБиПК             (ГКУ МОСБЕЗ) | Аппарат МЭРА | Территориальные ОИВ | Территориальные ОИВ    ТиНАО | Департамент культуры | ГКУ НТУ | ФСО | ДГП (Департамент градостроительной политики) | ДГП (Департамент градостроительной политики) | ООО Ситиэнерго | Депортамент гражданского строительства
1990125;;Не отображается оператору 112;;;;Пожар: Производственно-складское здание;Пожар: Производственно-складское здание;MCHS;Пожар: Производственно-складское здание;28;Классификатор МВД | Классификатор СМП | Классификатор МОСГАЗ | ЦЭМП | ЦЭМП | ЦЭМП | ЦЭМП | Классификатор ФСБ | Классификатор Мособлгаз | Мосгортранс | Канал имени Москвы | МОЭК | ЦОДД | Департамент РБиПК             (ГКУ МОСБЕЗ) | Департамент РБиПК             (ГКУ МОСБЕЗ) | Аппарат МЭРА | ОАТИ | ДТУ | Территориальные ОИВ | Территориальные ОИВ    ТиНАО | Департамент культуры | ГКУ НТУ | ФСО | ГУП МСР | ГКУ Организатор перевозок | ГПБУ Мосэкомониторинг | ООО Ситиэнерго | Депортамент гражданского строительства
1990127;;Не отображается оператору 112;;;;Пожар: Прокуратура;Пожар: Прокуратура;MCHS;Пожар: Прокуратура;23;Классификатор МВД | Классификатор СМП | Классификатор МОСГАЗ | ЦЭМП | ЦЭМП | ЦЭМП | ЦЭМП | Классификатор ФСБ | Мосгортранс | МОЭК | ОЭК | ЦОДД | Департамент РБиПК             (ГКУ МОСБЕЗ) | Департамент РБиПК             (ГКУ МОСБЕЗ) | Аппарат МЭРА | ОАТИ | Росгвардия | Территориальные ОИВ | Территориальные ОИВ    ТиНАО | Департамент культуры | ГКУ НТУ | ФСО | ГКУ Организатор перевозок
1990128;;Не отображается оператору 112;;;;Пожар: Ресторан;Пожар: Ресторан;MCHS;Пожар: Ресторан;21;Классификатор МВД | Классификатор СМП | Классификатор МОСГАЗ | ЦЭМП | ЦЭМП | ЦЭМП | ЦЭМП | Классификатор ФСБ | Мосгортранс | ЦОДД | Департамент РБиПК             (ГКУ МОСБЕЗ) | Департамент РБиПК             (ГКУ МОСБЕЗ) | Аппарат МЭРА | ОАТИ | ДТУ | Территориальные ОИВ | Территориальные ОИВ    ТиНАО | Департамент культуры | ГКУ НТУ | ФСО | ГКУ Организатор перевозок
1990129;;Не отображается оператору 112;;;;Пожар: Роддом;Пожар: Роддом;MCHS;Пожар: Роддом;21;Классификатор МВД | Классификатор СМП | Классификатор МОСГАЗ | ЦЭМП | ЦЭМП | ЦЭМП | ЦЭМП | Классификатор ФСБ | Мосгортранс | ОЭК | ЦОДД | Департамент РБиПК             (ГКУ МОСБЕЗ) | Департамент РБиПК             (ГКУ МОСБЕЗ) | Аппарат МЭРА | ОАТИ | Территориальные ОИВ | Территориальные ОИВ    ТиНАО | Департамент культуры | ГКУ НТУ | ФСО | ГКУ Организатор перевозок
1990130;;Не отображается оператору 112;;;;Пожар: Рынок;Пожар: Рынок;MCHS;Пожар: Рынок;21;Классификатор МВД | Классификатор СМП | Классификатор МОСГАЗ | ЦЭМП | ЦЭМП | ЦЭМП | ЦЭМП | Классификатор ФСБ | Мосгортранс | ЦОДД | Департамент РБиПК             (ГКУ МОСБЕЗ) | Департамент РБиПК             (ГКУ МОСБЕЗ) | Аппарат МЭРА | ОАТИ | ДТУ | Территориальные ОИВ | Территориальные ОИВ    ТиНАО | Департамент культуры | ГКУ НТУ | ФСО | ГКУ Организатор перевозок
1990131;;Не отображается оператору 112;;;;Пожар: Салон;Пожар: Салон;MCHS;Пожар: Салон;20;Классификатор МВД | Классификатор СМП | Классификатор МОСГАЗ | ЦЭМП | ЦЭМП | ЦЭМП | ЦЭМП | Мосгортранс | ЦОДД | Департамент РБиПК             (ГКУ МОСБЕЗ) | Департамент РБиПК             (ГКУ МОСБЕЗ) | Аппарат МЭРА | ОАТИ | ДТУ | Территориальные ОИВ | Территориальные ОИВ    ТиНАО | Департамент культуры | ГКУ НТУ | ФСО | ГКУ Организатор перевозок
1990132;;Не отображается оператору 112;;;;Пожар: Санаторий;Пожар: Санаторий;MCHS;Пожар: Санаторий;22;Классификатор МВД | Классификатор СМП | Классификатор МОСГАЗ | ЦЭМП | ЦЭМП | ЦЭМП | ЦЭМП | Классификатор ФСБ | Мосгортранс | ЦОДД | Департамент РБиПК             (ГКУ МОСБЕЗ) | Департамент РБиПК             (ГКУ МОСБЕЗ) | Аппарат МЭРА | ОАТИ | Территориальные ОИВ | Территориальные ОИВ    ТиНАО | Департамент культуры | ГКУ НТУ | ФСО | ГУП МСР | Комитет по туризму г.Москвы | ГКУ Организатор перевозок
1990133;;Не отображается оператору 112;;;;Пожар: Сарай;Пожар: Сарай;MCHS;Пожар: Сарай;15;Классификатор МВД | Классификатор СМП | ЦЭМП | ЦЭМП | ЦЭМП | ЦЭМП | ЦОДД | Департамент РБиПК             (ГКУ МОСБЕЗ) | Департамент РБиПК             (ГКУ МОСБЕЗ) | Аппарат МЭРА | Территориальные ОИВ | Территориальные ОИВ    ТиНАО | Департамент культуры | ГКУ НТУ | ФСО
1990134;;Не отображается оператору 112;;;;Пожар: Сауна;Пожар: Сауна;MCHS;Пожар: Сауна;19;Классификатор МВД | Классификатор СМП | Классификатор МОСГАЗ | ЦЭМП | ЦЭМП | ЦЭМП | ЦЭМП | Мосгортранс | ЦОДД | Департамент РБиПК             (ГКУ МОСБЕЗ) | Департамент РБиПК             (ГКУ МОСБЕЗ) | Аппарат МЭРА | ОАТИ | ДТУ | Территориальные ОИВ | Территориальные ОИВ    ТиНАО | Департамент культуры | ГКУ НТУ | ФСО
1990135;;Не отображается оператору 112;;;;Пожар: Свалка;Пожар: Свалка;MCHS;Пожар: Свалка;19;Классификатор МВД | Классификатор МВД | Классификатор МВД | Классификатор СМП | ЦЭМП | ЦЭМП | ЦЭМП | ЦЭМП | ЦОДД | Департамент РБиПК             (ГКУ МОСБЕЗ) | Департамент РБиПК             (ГКУ МОСБЕЗ) | Аппарат МЭРА | Территориальные ОИВ | Территориальные ОИВ    ТиНАО | Департамент культуры | ГКУ НТУ | ФСО | ГУП МСР | ГПБУ Мосэкомониторинг
1990137;;Не отображается оператору 112;;;;Пожар: Склад;Пожар: Склад;MCHS;Пожар: Склад;28;Классификатор МВД | Классификатор СМП | Классификатор МОСГАЗ | ЦЭМП | ЦЭМП | ЦЭМП | ЦЭМП | Классификатор ФСБ | Классификатор Мособлгаз | Мосгортранс | Канал имени Москвы | МГТС | ЦОДД | Департамент РБиПК             (ГКУ МОСБЕЗ) | Департамент РБиПК             (ГКУ МОСБЕЗ) | Аппарат МЭРА | ОАТИ | ДТУ | Территориальные ОИВ | Территориальные ОИВ    ТиНАО | Департамент культуры | ГКУ НТУ | ФСО | ГУП МСР | ГКУ Организатор перевозок | ГПБУ Мосэкомониторинг | ООО Ситиэнерго | Депортамент гражданского строительства
1990138;;Не отображается оператору 112;;;;Пожар: Собор;Пожар: Собор;MCHS;Пожар: Собор;23;Классификатор МВД | Классификатор СМП | Классификатор МОСГАЗ | ЦЭМП | ЦЭМП | ЦЭМП | ЦЭМП | Классификатор ФСБ | Мосгортранс | ОЭК | ЦОДД | Департамент РБиПК             (ГКУ МОСБЕЗ) | Департамент РБиПК             (ГКУ МОСБЕЗ) | Аппарат МЭРА | ОАТИ | Территориальные ОИВ | Территориальные ОИВ    ТиНАО | Департамент культуры | ГКУ НТУ | ФСО | ГУП МСР | ГКУ Организатор перевозок | Депортамент гражданского строительства
1990139;;Не отображается оператору 112;;;;Пожар: Спортзал;Пожар: Спортзал;MCHS;Пожар: Спортзал;20;Классификатор МВД | Классификатор СМП | Классификатор МОСГАЗ | ЦЭМП | ЦЭМП | ЦЭМП | ЦЭМП | Мосгортранс | ЦОДД | Департамент РБиПК             (ГКУ МОСБЕЗ) | Департамент РБиПК             (ГКУ МОСБЕЗ) | Аппарат МЭРА | ОАТИ | Территориальные ОИВ | Территориальные ОИВ    ТиНАО | Департамент культуры | ГКУ НТУ | ФСО | ЦУКБ Министерство обороны | ГКУ Организатор перевозок
1990140;;Не отображается оператору 112;;;;Пожар: Спорткомплекс;Пожар: Спорткомплекс;MCHS;Пожар: Спорткомплекс;23;Классификатор МВД | Классификатор СМП | Классификатор МОСГАЗ | ЦЭМП | ЦЭМП | ЦЭМП | ЦЭМП | Классификатор ФСБ | Мосгортранс | ЦОДД | Департамент РБиПК             (ГКУ МОСБЕЗ) | Департамент РБиПК             (ГКУ МОСБЕЗ) | Аппарат МЭРА | ОАТИ | Территориальные ОИВ | Территориальные ОИВ    ТиНАО | Департамент культуры | ГКУ НТУ | ФСО | ГУП МСР | ЦУКБ Министерство обороны | ГКУ Организатор перевозок | Депортамент гражданского строительства
1990141;;Не отображается оператору 112;;;;Пожар: Стадион;Пожар: Стадион;MCHS;Пожар: Стадион;23;Классификатор МВД | Классификатор СМП | Классификатор МОСГАЗ | ЦЭМП | ЦЭМП | ЦЭМП | ЦЭМП | Классификатор ФСБ | Мосгортранс | ОЭК | ЦОДД | Департамент РБиПК             (ГКУ МОСБЕЗ) | Департамент РБиПК             (ГКУ МОСБЕЗ) | Аппарат МЭРА | ОАТИ | Росгвардия | Территориальные ОИВ | Территориальные ОИВ    ТиНАО | Департамент культуры | ГКУ НТУ | ФСО | ГУП МСР | ГКУ Организатор перевозок
1990143;;Не отображается оператору 112;;;;Пожар: Станция телефонная;Пожар: Станция телефонная;MCHS;Пожар: Станция телефонная;22;Классификатор МВД | Классификатор СМП | Классификатор МОСГАЗ | ЦЭМП | ЦЭМП | ЦЭМП | ЦЭМП | Классификатор ФСБ | Мосгортранс | МГТС | ЦОДД | Департамент РБиПК             (ГКУ МОСБЕЗ) | Департамент РБиПК             (ГКУ МОСБЕЗ) | Аппарат МЭРА | ОАТИ | Территориальные ОИВ | Территориальные ОИВ    ТиНАО | Департамент культуры | ГКУ НТУ | ФСО | ГКУ Организатор перевозок | Депортамент гражданского строительства
1990144;;Не отображается оператору 112;;;;Пожар: Столовая;Пожар: Столовая;MCHS;Пожар: Столовая;20;Классификатор МВД | Классификатор СМП | Классификатор МОСГАЗ | ЦЭМП | ЦЭМП | ЦЭМП | ЦЭМП | Мосгортранс | ЦОДД | Департамент РБиПК             (ГКУ МОСБЕЗ) | Департамент РБиПК             (ГКУ МОСБЕЗ) | Аппарат МЭРА | ОАТИ | ДТУ | Территориальные ОИВ | Территориальные ОИВ    ТиНАО | Департамент культуры | ГКУ НТУ | ФСО | ГКУ Организатор перевозок
1990145;;Не отображается оператору 112;;;;Пожар: Суд;Пожар: Суд;MCHS;Пожар: Суд;21;Классификатор МВД | Классификатор СМП | Классификатор МОСГАЗ | ЦЭМП | ЦЭМП | ЦЭМП | ЦЭМП | Классификатор ФСБ | Мосгортранс | ОЭК | ЦОДД | Департамент РБиПК             (ГКУ МОСБЕЗ) | Департамент РБиПК             (ГКУ МОСБЕЗ) | Аппарат МЭРА | ОАТИ | Территориальные ОИВ | Территориальные ОИВ    ТиНАО | Департамент культуры | ГКУ НТУ | ФСО | ГКУ Организатор перевозок
1990148;;Не отображается оператору 112;;;;Пожар: Таможня;Пожар: Таможня;MCHS;Пожар: Таможня;18;Классификатор МВД | Классификатор СМП | Классификатор МОСГАЗ | ЦЭМП | ЦЭМП | ЦЭМП | ЦЭМП | Классификатор ФСБ | ЦОДД | Департамент РБиПК             (ГКУ МОСБЕЗ) | Департамент РБиПК             (ГКУ МОСБЕЗ) | Аппарат МЭРА | ОАТИ | Территориальные ОИВ | Территориальные ОИВ    ТиНАО | Департамент культуры | ГКУ НТУ | ФСО
1990149;;Не отображается оператору 112;;;;Пожар: Телебашня;Пожар: Телебашня;MCHS;Пожар: Телебашня;23;Классификатор МВД | Классификатор СМП | ЦЭМП | ЦЭМП | ЦЭМП | ЦЭМП | Классификатор ФСБ | Мосгортранс | ОЭК | ЦОДД | Департамент РБиПК             (ГКУ МОСБЕЗ) | Департамент РБиПК             (ГКУ МОСБЕЗ) | Аппарат МЭРА | ОАТИ | Росгвардия | Территориальные ОИВ | Территориальные ОИВ    ТиНАО | Департамент культуры | ГКУ НТУ | ФСО | ГУП МСР | ГКУ Организатор перевозок | Депортамент гражданского строительства
1990150;;Не отображается оператору 112;;;;Пожар: Телецентр;Пожар: Телецентр;MCHS;Пожар: Телецентр;24;Классификатор МВД | Классификатор СМП | Классификатор МОСГАЗ | ЦЭМП | ЦЭМП | ЦЭМП | ЦЭМП | Классификатор ФСБ | Мосгортранс | ОЭК | ЦОДД | Департамент РБиПК             (ГКУ МОСБЕЗ) | Департамент РБиПК             (ГКУ МОСБЕЗ) | Аппарат МЭРА | ОАТИ | Росгвардия | Территориальные ОИВ | Территориальные ОИВ    ТиНАО | Департамент культуры | ГКУ НТУ | ФСО | ГУП МСР | ГКУ Организатор перевозок | Депортамент гражданского строительства
1990151;;Не отображается оператору 112;;;;Пожар: Техникум;Пожар: Техникум;MCHS;Пожар: Техникум;22;Классификатор МВД | Классификатор СМП | Классификатор МОСГАЗ | ЦЭМП | ЦЭМП | ЦЭМП | ЦЭМП | Классификатор ФСБ | Мосгортранс | ОЭК | ЦОДД | Департамент РБиПК             (ГКУ МОСБЕЗ) | Департамент РБиПК             (ГКУ МОСБЕЗ) | Аппарат МЭРА | Департамент образования | ОАТИ | Территориальные ОИВ | Территориальные ОИВ    ТиНАО | Департамент культуры | ГКУ НТУ | ФСО | ГКУ Организатор перевозок
1990152;;Не отображается оператору 112;;;;Пожар: Типография;Пожар: Типография;MCHS;Пожар: Типография;19;Классификатор МВД | Классификатор СМП | Классификатор МОСГАЗ | ЦЭМП | ЦЭМП | ЦЭМП | ЦЭМП | Мосгортранс | ЦОДД | Департамент РБиПК             (ГКУ МОСБЕЗ) | Департамент РБиПК             (ГКУ МОСБЕЗ) | Аппарат МЭРА | ОАТИ | Территориальные ОИВ | Территориальные ОИВ    ТиНАО | Департамент культуры | ГКУ НТУ | ФСО | ГКУ Организатор перевозок
1990154;;Не отображается оператору 112;;;;Пожар: Торговый центр;Пожар: Торговый центр;MCHS;Пожар: Торговый центр;23;Классификатор МВД | Классификатор СМП | Классификатор МОСГАЗ | ЦЭМП | ЦЭМП | ЦЭМП | ЦЭМП | Классификатор ФСБ | Мосгортранс | ОЭК | ЦОДД | Департамент РБиПК             (ГКУ МОСБЕЗ) | Департамент РБиПК             (ГКУ МОСБЕЗ) | Аппарат МЭРА | ОАТИ | ДТУ | Территориальные ОИВ | Территориальные ОИВ    ТиНАО | Департамент культуры | ГКУ НТУ | ФСО | ГКУ Организатор перевозок | Депортамент гражданского строительства
1990156;;Не отображается оператору 112;;;;Пожар: Трамвай;Пожар: Трамвай;MCHS;Пожар: Трамвай;19;Классификатор МВД | Классификатор СМП | ЦЭМП | ЦЭМП | ЦЭМП | ЦЭМП | Мосгортранс | Метро | ЦОДД | Департамент РБиПК             (ГКУ МОСБЕЗ) | Департамент РБиПК             (ГКУ МОСБЕЗ) | Аппарат МЭРА | ОАТИ | Территориальные ОИВ | Территориальные ОИВ    ТиНАО | Департамент культуры | ГКУ НТУ | ФСО | ГКУ Организатор перевозок
1990157;;Не отображается оператору 112;;;;Пожар: Трансформаторная будка;Пожар: Трансформаторная будка;MCHS;Пожар: Трансформаторная будка;24;Классификатор МВД | Классификатор СМП | Классификатор МОСГАЗ | ЦЭМП | ЦЭМП | ЦЭМП | ЦЭМП | Мосгортранс | ОЭК | ЦОДД | Департамент РБиПК             (ГКУ МОСБЕЗ) | Департамент РБиПК             (ГКУ МОСБЕЗ) | Аппарат МЭРА | ОАТИ | Территориальные ОИВ | Территориальные ОИВ    ТиНАО | Департамент культуры | ГКУ НТУ | ФСО | ДГП (Департамент градостроительной политики) | ДГП (Департамент градостроительной политики) | ГКУ Организатор перевозок | ООО Ситиэнерго | Депортамент гражданского строительства
1990158;;Не отображается оператору 112;;;;Пожар: Троллейбус;Пожар: Троллейбус;MCHS;Пожар: Троллейбус;19;Классификатор МВД | Классификатор СМП | ЦЭМП | ЦЭМП | ЦЭМП | ЦЭМП | Мосгортранс | ГОРМОСТ | ЦОДД | Департамент РБиПК             (ГКУ МОСБЕЗ) | Департамент РБиПК             (ГКУ МОСБЕЗ) | Аппарат МЭРА | ОАТИ | Территориальные ОИВ | Территориальные ОИВ    ТиНАО | Департамент культуры | ГКУ НТУ | ФСО | ГКУ Организатор перевозок
1990159;;Не отображается оператору 112;;;;Пожар: Тэц;Пожар: Тэц;MCHS;Пожар: Тэц;27;Классификатор МВД | Классификатор СМП | Классификатор МОСГАЗ | ЦЭМП | ЦЭМП | ЦЭМП | ЦЭМП | Классификатор ФСБ | Мосгортранс | МОЭК | ОЭК | ЦОДД | Деп. ЖКХ | Департамент РБиПК             (ГКУ МОСБЕЗ) | Департамент РБиПК             (ГКУ МОСБЕЗ) | Аппарат МЭРА | ОАТИ | Департамент ППиООС | Территориальные ОИВ | Территориальные ОИВ    ТиНАО | Департамент культуры | ГКУ НТУ | ФСО | ГУП МСР | ГКУ Организатор перевозок | ООО Ситиэнерго | Депортамент гражданского строительства
1990160;;Не отображается оператору 112;;;;Пожар: Тюрьма;Пожар: Тюрьма;MCHS;Пожар: Тюрьма;21;Классификатор МВД | Классификатор СМП | Классификатор МОСГАЗ | ЦЭМП | ЦЭМП | ЦЭМП | ЦЭМП | Классификатор ФСБ | Мосгортранс | ЦОДД | Департамент РБиПК             (ГКУ МОСБЕЗ) | Департамент РБиПК             (ГКУ МОСБЕЗ) | Аппарат МЭРА | ОАТИ | Росгвардия | Территориальные ОИВ | Территориальные ОИВ    ТиНАО | Департамент культуры | ГКУ НТУ | ФСО | ГКУ Организатор перевозок
1990161;;Не отображается оператору 112;;;;Пожар: Университет;Пожар: Университет;MCHS;Пожар: Университет;22;Классификатор МВД | Классификатор СМП | Классификатор МОСГАЗ | ЦЭМП | ЦЭМП | ЦЭМП | ЦЭМП | Классификатор ФСБ | Мосгортранс | ОЭК | ЦОДД | Департамент РБиПК             (ГКУ МОСБЕЗ) | Департамент РБиПК             (ГКУ МОСБЕЗ) | Аппарат МЭРА | Департамент образования | ОАТИ | Территориальные ОИВ | Территориальные ОИВ    ТиНАО | Департамент культуры | ГКУ НТУ | ФСО | ГКУ Организатор перевозок
1990162;;Не отображается оператору 112;;;;Пожар: Училище;Пожар: Училище;MCHS;Пожар: Училище;21;Классификатор МВД | Классификатор СМП | Классификатор МОСГАЗ | ЦЭМП | ЦЭМП | ЦЭМП | ЦЭМП | Классификатор ФСБ | Мосгортранс | ОЭК | ЦОДД | Департамент РБиПК             (ГКУ МОСБЕЗ) | Департамент РБиПК             (ГКУ МОСБЕЗ) | Аппарат МЭРА | ОАТИ | Территориальные ОИВ | Территориальные ОИВ    ТиНАО | Департамент культуры | ГКУ НТУ | ФСО | ГКУ Организатор перевозок
1990163;;Не отображается оператору 112;;;;Пожар: Фабрика;Пожар: Фабрика;MCHS;Пожар: Фабрика;22;Классификатор МВД | Классификатор СМП | Классификатор МОСГАЗ | ЦЭМП | ЦЭМП | ЦЭМП | ЦЭМП | Классификатор ФСБ | Классификатор Мособлгаз | Мосгортранс | ЦОДД | Департамент РБиПК             (ГКУ МОСБЕЗ) | Департамент РБиПК             (ГКУ МОСБЕЗ) | Аппарат МЭРА | ОАТИ | ДТУ | Территориальные ОИВ | Территориальные ОИВ    ТиНАО | Департамент культуры | ГКУ НТУ | ФСО | ГКУ Организатор перевозок
1990164;;Не отображается оператору 112;;;;Пожар: Хладокомбинат;Пожар: Хладокомбинат;MCHS;Пожар: Хладокомбинат;23;Классификатор МВД | Классификатор СМП | Классификатор МОСГАЗ | ЦЭМП | ЦЭМП | ЦЭМП | ЦЭМП | Классификатор ФСБ | Мосгортранс | ЦОДД | Департамент РБиПК             (ГКУ МОСБЕЗ) | Департамент РБиПК             (ГКУ МОСБЕЗ) | Аппарат МЭРА | ОАТИ | ДТУ | Территориальные ОИВ | Территориальные ОИВ    ТиНАО | Департамент культуры | ГКУ НТУ | ФСО | ГКУ Организатор перевозок | Министерство обороны РХБЗ | Депортамент гражданского строительства
1990165;;Не отображается оператору 112;;;;Пожар: Хлебозавод;Пожар: Хлебозавод;MCHS;Пожар: Хлебозавод;21;Классификатор МВД | Классификатор СМП | Классификатор МОСГАЗ | ЦЭМП | ЦЭМП | ЦЭМП | ЦЭМП | Классификатор ФСБ | Мосгортранс | ЦОДД | Департамент РБиПК             (ГКУ МОСБЕЗ) | Департамент РБиПК             (ГКУ МОСБЕЗ) | Аппарат МЭРА | ОАТИ | ДТУ | Территориальные ОИВ | Территориальные ОИВ    ТиНАО | Департамент культуры | ГКУ НТУ | ФСО | ГКУ Организатор перевозок
1990166;;Не отображается оператору 112;;;;Пожар: Холодильник;Пожар: Холодильник;MCHS;Пожар: Холодильник;17;Классификатор МВД | Классификатор СМП | ЦЭМП | ЦЭМП | ЦЭМП | ЦЭМП | ЦОДД | Департамент РБиПК             (ГКУ МОСБЕЗ) | Департамент РБиПК             (ГКУ МОСБЕЗ) | Аппарат МЭРА | Территориальные ОИВ | Территориальные ОИВ    ТиНАО | Департамент культуры | ГКУ НТУ | ФСО | ГПБУ Мосэкомониторинг | Министерство обороны РХБЗ
1990167;;Не отображается оператору 112;;;;Пожар: Храм;Пожар: Храм;MCHS;Пожар: Храм;23;Классификатор МВД | Классификатор СМП | Классификатор МОСГАЗ | ЦЭМП | ЦЭМП | ЦЭМП | ЦЭМП | Классификатор ФСБ | Мосгортранс | ОЭК | ЦОДД | Департамент РБиПК             (ГКУ МОСБЕЗ) | Департамент РБиПК             (ГКУ МОСБЕЗ) | Аппарат МЭРА | ОАТИ | Территориальные ОИВ | Территориальные ОИВ    ТиНАО | Департамент культуры | ГКУ НТУ | ФСО | ГУП МСР | ГКУ Организатор перевозок | Депортамент гражданского строительства
1990168;;Не отображается оператору 112;;;;Пожар: Хранилище;Пожар: Хранилище;MCHS;Пожар: Хранилище;25;Классификатор МВД | Классификатор СМП | Классификатор МОСГАЗ | ЦЭМП | ЦЭМП | ЦЭМП | ЦЭМП | Классификатор ФСБ | Классификатор Мособлгаз | Мосгортранс | МОЭК | ЦОДД | Департамент РБиПК             (ГКУ МОСБЕЗ) | Департамент РБиПК             (ГКУ МОСБЕЗ) | Аппарат МЭРА | ОАТИ | Территориальные ОИВ | Территориальные ОИВ    ТиНАО | Департамент культуры | ГКУ НТУ | ФСО | ГУП МСР | ГКУ Организатор перевозок | ГПБУ Мосэкомониторинг | ООО Ситиэнерго
1990169;;Не отображается оператору 112;;;;Пожар: Церковь;Пожар: Церковь;MCHS;Пожар: Церковь;23;Классификатор МВД | Классификатор СМП | Классификатор МОСГАЗ | ЦЭМП | ЦЭМП | ЦЭМП | ЦЭМП | Классификатор ФСБ | Мосгортранс | ОЭК | ЦОДД | Департамент РБиПК             (ГКУ МОСБЕЗ) | Департамент РБиПК             (ГКУ МОСБЕЗ) | Аппарат МЭРА | ОАТИ | Территориальные ОИВ | Территориальные ОИВ    ТиНАО | Департамент культуры | ГКУ НТУ | ФСО | ГУП МСР | ГКУ Организатор перевозок | Депортамент гражданского строительства
1990170;;Не отображается оператору 112;;;;Пожар: Цех;Пожар: Цех;MCHS;Пожар: Цех;19;Классификатор МВД | Классификатор СМП | Классификатор МОСГАЗ | ЦЭМП | ЦЭМП | ЦЭМП | ЦЭМП | Классификатор ФСБ | Классификатор Мособлгаз | ЦОДД | Департамент РБиПК             (ГКУ МОСБЕЗ) | Департамент РБиПК             (ГКУ МОСБЕЗ) | Аппарат МЭРА | ОАТИ | Территориальные ОИВ | Территориальные ОИВ    ТиНАО | Департамент культуры | ГКУ НТУ | ФСО
1990171;;Не отображается оператору 112;;;;Пожар: Цирк;Пожар: Цирк;MCHS;Пожар: Цирк;21;Классификатор МВД | Классификатор СМП | Классификатор МОСГАЗ | ЦЭМП | ЦЭМП | ЦЭМП | ЦЭМП | Классификатор ФСБ | Мосгортранс | ОЭК | ЦОДД | Департамент РБиПК             (ГКУ МОСБЕЗ) | Департамент РБиПК             (ГКУ МОСБЕЗ) | Аппарат МЭРА | ОАТИ | Территориальные ОИВ | Территориальные ОИВ    ТиНАО | Департамент культуры | ГКУ НТУ | ФСО | ГКУ Организатор перевозок
1990172;;Не отображается оператору 112;;;;Пожар: Часовня;Пожар: Часовня;MCHS;Пожар: Часовня;20;Классификатор МВД | Классификатор СМП | Классификатор МОСГАЗ | ЦЭМП | ЦЭМП | ЦЭМП | ЦЭМП | Мосгортранс | ЦОДД | Департамент РБиПК             (ГКУ МОСБЕЗ) | Департамент РБиПК             (ГКУ МОСБЕЗ) | Аппарат МЭРА | ОАТИ | Территориальные ОИВ | Территориальные ОИВ    ТиНАО | Департамент культуры | ГКУ НТУ | ФСО | ГКУ Организатор перевозок | Депортамент гражданского строительства
1990174;;Не отображается оператору 112;;;;Пожар: Чердак;Пожар: Чердак;MCHS;Пожар: Чердак;22;Классификатор МВД | Классификатор СМП | Классификатор МОСГАЗ | ЦЭМП | ЦЭМП | ЦЭМП | ЦЭМП | Мосгортранс | ЦОДД | Департамент РБиПК             (ГКУ МОСБЕЗ) | Департамент РБиПК             (ГКУ МОСБЕЗ) | Аппарат МЭРА | ОАТИ | Территориальные ОИВ | Территориальные ОИВ    ТиНАО | Департамент культуры | ГКУ НТУ | ФСО | ДГП (Департамент градостроительной политики) | ДГП (Департамент градостроительной политики) | ЦУКБ Министерство обороны | ГКУ Организатор перевозок
1990175;;Не отображается оператору 112;;;;Пожар: Шахта лифта;Пожар: Шахта лифта;MCHS;Пожар: Шахта лифта;28;Классификатор МВД | Классификатор МВД | Классификатор МВД | Классификатор СМП | Классификатор МОСГАЗ | ЦЭМП | ЦЭМП | ЦЭМП | ЦЭМП | ГОРМОСТ | ГОРМОСТ | ГОРМОСТ | МГТС | Мослифт | ЦОДД | Департамент РБиПК             (ГКУ МОСБЕЗ) | Департамент РБиПК             (ГКУ МОСБЕЗ) | Аппарат МЭРА | ОАТИ | Территориальные ОИВ | Территориальные ОИВ    ТиНАО | Департамент культуры | ГКУ НТУ | ФСО | ДГП (Департамент градостроительной политики) | ДГП (Департамент градостроительной политики) | ЦУКБ Министерство обороны | Депортамент гражданского строительства
1990176;;Не отображается оператору 112;;;;Пожар: Шахта метро вентиляционная;Пожар: Шахта метро вентиляционная;MCHS;Пожар: Шахта метро вентиляционная;21;Классификатор МВД | Классификатор СМП | Классификатор МОСГАЗ | ЦЭМП | ЦЭМП | ЦЭМП | ЦЭМП | Классификатор ФСБ | Метро | ЦОДД | Департамент РБиПК             (ГКУ МОСБЕЗ) | Департамент РБиПК             (ГКУ МОСБЕЗ) | Аппарат МЭРА | ОАТИ | Территориальные ОИВ | Территориальные ОИВ    ТиНАО | Департамент культуры | ГКУ НТУ | ФСО | ЦУКБ Министерство обороны | Депортамент гражданского строительства
1990177;;Не отображается оператору 112;;;;Пожар: Шиномонтаж авто;Пожар: Шиномонтаж авто;MCHS;Пожар: Шиномонтаж авто;19;Классификатор МВД | Классификатор СМП | ЦЭМП | ЦЭМП | ЦЭМП | ЦЭМП | Мосгортранс | ЦОДД | Департамент РБиПК             (ГКУ МОСБЕЗ) | Департамент РБиПК             (ГКУ МОСБЕЗ) | Аппарат МЭРА | ОАТИ | ДТУ | Территориальные ОИВ | Территориальные ОИВ    ТиНАО | Департамент культуры | ГКУ НТУ | ФСО | ГКУ Организатор перевозок
1990179;;Не отображается оператору 112;;;;Пожар: Школа-интернат;Пожар: Школа-интернат;MCHS;Пожар: Школа-интернат;23;Классификатор МВД | Классификатор СМП | Классификатор МОСГАЗ | ЦЭМП | ЦЭМП | ЦЭМП | ЦЭМП | Классификатор ФСБ | Мосгортранс | ОЭК | ЦОДД | Департамент РБиПК             (ГКУ МОСБЕЗ) | Департамент РБиПК             (ГКУ МОСБЕЗ) | Аппарат МЭРА | Департамент образования | ОАТИ | ОД Департамент ТСЗН | Территориальные ОИВ | Территориальные ОИВ    ТиНАО | Департамент культуры | ГКУ НТУ | ФСО | ГКУ Организатор перевозок
1990180;;Не отображается оператору 112;;;;Пожар: Шпалы;Пожар: Шпалы;MCHS;Пожар: Шпалы;16;Классификатор МВД | Классификатор СМП | ЦЭМП | ЦЭМП | ЦЭМП | ЦЭМП | ЦОДД | Департамент РБиПК             (ГКУ МОСБЕЗ) | Департамент РБиПК             (ГКУ МОСБЕЗ) | Аппарат МЭРА | Территориальные ОИВ | Территориальные ОИВ    ТиНАО | Департамент культуры | ГКУ НТУ | ФСО | ГУП МСР
1990181;;Не отображается оператору 112;;;;Пожар: Элеватор;Пожар: Элеватор;MCHS;Пожар: Элеватор;18;Классификатор МВД | Классификатор СМП | ЦЭМП | ЦЭМП | ЦЭМП | ЦЭМП | Классификатор ФСБ | ЦОДД | Департамент РБиПК             (ГКУ МОСБЕЗ) | Департамент РБиПК             (ГКУ МОСБЕЗ) | Аппарат МЭРА | ОАТИ | Территориальные ОИВ | Территориальные ОИВ    ТиНАО | Департамент культуры | ГКУ НТУ | ФСО | ГУП МСР
1990184;;Не отображается оператору 112;;;;Пожар: Электроподстанция;Пожар: Электроподстанция;MCHS;Пожар: Электроподстанция;29;"Классификатор МВД | Классификатор СМП | ЦЭМП | ЦЭМП | ЦЭМП | ЦЭМП | Классификатор ФСБ | Мосгортранс | ГОРМОСТ | ГОРМОСТ | ГОРМОСТ | МОЭК | МОЭСК (ПАО ""Россети Московский регион"") | ОЭК | ЦОДД | Деп. ЖКХ | Департамент РБиПК             (ГКУ МОСБЕЗ) | Департамент РБиПК             (ГКУ МОСБЕЗ) | Аппарат МЭРА | ОАТИ | Территориальные ОИВ | Территориальные ОИВ    ТиНАО | Департамент культуры | ГКУ НТУ | ФСО | ГУП МСР | ЦУКБ Министерство обороны | ГКУ Организатор перевозок | Депортамент гражданского строительства"
1990188;;Не отображается оператору 112;;;;Пожар: Вагончик для жилья;Пожар: Вагончик для жилья;MCHS;Пожар: Вагончик для жилья;21;Классификатор МВД | Классификатор СМП | ЦЭМП | ЦЭМП | ЦЭМП | ЦЭМП | ЦОДД | Департамент РБиПК             (ГКУ МОСБЕЗ) | Департамент РБиПК             (ГКУ МОСБЕЗ) | Аппарат МЭРА | ОАТИ | Территориальные ОИВ | Территориальные ОИВ    ТиНАО | Департамент строительства города Москвы | Департамент культуры | ГКУ НТУ | ФСО | ГУП МСР | ДГП (Департамент градостроительной политики) | ДГП (Департамент градостроительной политики) | Депортамент гражданского строительства
1990189;;Не отображается оператору 112;;;;Пожар: Корт;Пожар: Корт;MCHS;Пожар: Корт;19;Классификатор МВД | Классификатор МВД | Классификатор МВД | Классификатор СМП | ЦЭМП | ЦЭМП | ЦЭМП | ЦЭМП | МОЭК | ЦОДД | Департамент РБиПК             (ГКУ МОСБЕЗ) | Департамент РБиПК             (ГКУ МОСБЕЗ) | Аппарат МЭРА | ОАТИ | Территориальные ОИВ | Территориальные ОИВ    ТиНАО | Департамент культуры | ГКУ НТУ | ФСО
1990190;;Не отображается оператору 112;;;;Пожар: Санэпидстанция;Пожар: Санэпидстанция;MCHS;Пожар: Санэпидстанция;20;Классификатор МВД | Классификатор СМП | Классификатор МОСГАЗ | ЦЭМП | ЦЭМП | ЦЭМП | ЦЭМП | Мосгортранс | МОЭК | ЦОДД | Департамент РБиПК             (ГКУ МОСБЕЗ) | Департамент РБиПК             (ГКУ МОСБЕЗ) | Аппарат МЭРА | ОАТИ | Территориальные ОИВ | Территориальные ОИВ    ТиНАО | Департамент культуры | ГКУ НТУ | ФСО | ГКУ Организатор перевозок
1990193;;Не отображается оператору 112;;;;Пожар: Электропроводка в подъезде;Пожар: Электропроводка в подъезде;MCHS;Пожар: Электропроводка в подъезде;18;Классификатор МВД | Классификатор МВД | Классификатор МВД | Классификатор СМП | ЦЭМП | ЦЭМП | ЦЭМП | ЦЭМП | ЦОДД | Департамент РБиПК             (ГКУ МОСБЕЗ) | Департамент РБиПК             (ГКУ МОСБЕЗ) | Аппарат МЭРА | Территориальные ОИВ | Территориальные ОИВ    ТиНАО | Департамент культуры | ГКУ НТУ | ФСО | ЦУКБ Министерство обороны
2010000;Дорожно-транспортные происшествия без пострадавших;ДТП;;;;ДТП без пострадавших;ДТП без пострадаших;Police;;8;Классификатор МВД | Мосгортранс | ЦОДД | Аппарат МЭРА | ГКУ НТУ | ФСО | ЦУКБ Министерство обороны | ГКУ Организатор перевозок
2010100;;ДТП;Транспорт легковой;;;ДТП без пострадавших - легковой;ДТП без пострадаших;Police;;8;Классификатор МВД | Мосгортранс | ЦОДД | Аппарат МЭРА | ГКУ НТУ | ФСО | ЦУКБ Министерство обороны | ГКУ Организатор перевозок
2010200;;ДТП;Транспорт общественный;;;ДТП без пострадаших - общественный;ДТП без пострадаших;Police;;10;Классификатор МВД | Мосгортранс | ЦОДД | Аппарат МЭРА | Территориальные ОИВ | Территориальные ОИВ    ТиНАО | ГКУ НТУ | ФСО | ЦУКБ Министерство обороны | ГКУ Организатор перевозок
2010300;;ДТП;Транспорт служебный;;101, 102, 103, ФСБ, Росгвардия;ДТП без пострадавших - служебный;ДТП со служебным транспортом ГУВД;Police;;9;Классификатор МВД | Мосгортранс | ЦОДД | Аппарат МЭРА | Росгвардия | ГКУ НТУ | ФСО | ЦУКБ Министерство обороны | ГКУ Организатор перевозок
2010301;;ДТП;Транспорт служебный;104;;ДТП без пострадавших - служебный 104;ДТП со служебным транспортом ГУВД;Police;;10;Классификатор МВД | Классификатор МОСГАЗ | Мосгортранс | ЦОДД | Аппарат МЭРА | Росгвардия | ГКУ НТУ | ФСО | ЦУКБ Министерство обороны | ГКУ Организатор перевозок
2010400;;ДТП;Транспорт грузовой;;;ДТП без пострадавших - грузовой;ДТП без пострадаших;Police;;8;Классификатор МВД | Мосгортранс | ЦОДД | Аппарат МЭРА | ГКУ НТУ | ФСО | ЦУКБ Министерство обороны | ГКУ Организатор перевозок
2010500;Дорожно-транспортные происшествия без пострадавших с опасным грузом;ДТП;Опасный груз;;;ДТП без пострадаших - опасный груз;ДТП с перевозкой опасных грузов;MCHS;ДТП с перевозкой опасных грузов;17;Классификатор МЧС | Классификатор МВД | ЦЭМП | Мосгортранс | ЦОДД | Департамент РБиПК             (ГКУ МОСБЕЗ) | Аппарат МЭРА | Росгвардия | Территориальные ОИВ | Территориальные ОИВ    ТиНАО | ГКУ НТУ | ФСО | ЦУКБ Министерство обороны | ГКУ Организатор перевозок | ГПБУ Мосэкомониторинг | Министерство обороны РХБЗ | Министерство обороны РХБЗ
2010600;Дорожно-транспортные происшествия без пострадавших;ДТП;Драка;;;ДТП без пострадавших с дракой;ДТП с дракой;Police;;11;Классификатор МВД | Мосгортранс | ЦОДД | Департамент РБиПК             (ГКУ МОСБЕЗ) | Департамент РБиПК             (ГКУ МОСБЕЗ) | Аппарат МЭРА | Росгвардия | ГКУ НТУ | ФСО | ЦУКБ Министерство обороны | ГКУ Организатор перевозок
2010601;;ДТП;Драка;Пострадавшие в результате драки;;ДТП с дракой с пострадавшими;ДТП с дракой;Police;;12;Классификатор МВД | Классификатор СМП | Мосгортранс | ЦОДД | Департамент РБиПК             (ГКУ МОСБЕЗ) | Департамент РБиПК             (ГКУ МОСБЕЗ) | Аппарат МЭРА | Росгвардия | ГКУ НТУ | ФСО | ЦУКБ Министерство обороны | ГКУ Организатор перевозок
2010700;;ДТП;Разлив топлива;;;ДТП без пострадавших с разлитием;ДТП с разлитием горючих жидкостей;Police;ДТП легкового транспорта;12;Классификатор МВД | Мосгортранс | ЦОДД | Департамент РБиПК             (ГКУ МОСБЕЗ) | Департамент РБиПК             (ГКУ МОСБЕЗ) | Аппарат МЭРА | Территориальные ОИВ | Территориальные ОИВ    ТиНАО | ГКУ НТУ | ФСО | ЦУКБ Министерство обороны | ГКУ Организатор перевозок
2010800;;ДТП;Горит дымится;;;ДТП без пострадавших с пожаром;ДТП с пожаром;MCHS;Пожар: Транспортное средство;13;Классификатор МВД | ЦЭМП | Мосгортранс | ЦОДД | Департамент РБиПК             (ГКУ МОСБЕЗ) | Департамент РБиПК             (ГКУ МОСБЕЗ) | Аппарат МЭРА | Территориальные ОИВ | Территориальные ОИВ    ТиНАО | ГКУ НТУ | ФСО | ЦУКБ Министерство обороны | ГКУ Организатор перевозок
2010901;;ДТП;Наезд на препятствие;Столб мачта освещения;;ДТП наезд на опору освещения;ДТП наезд на препятствия, Сбита опора;Police;;13;Классификатор МВД | Автомобильные дороги | Мосгортранс | ОЭК | ЦОДД | Аппарат МЭРА | Территориальные ОИВ | Территориальные ОИВ    ТиНАО | Автомобильные дороги АО г.Москвы | ГКУ НТУ | ФСО | ЦУКБ Министерство обороны | ГКУ Организатор перевозок
2010902;;ДТП;Наезд на препятствие;Опора моста;;ДТП наезд на опору моста;ДТП наезд на препятствия;Police;;11;Классификатор МВД | Мосгортранс | ГОРМОСТ | ЦОДД | Аппарат МЭРА | Территориальные ОИВ | Территориальные ОИВ    ТиНАО | ГКУ НТУ | ФСО | ЦУКБ Министерство обороны | ГКУ Организатор перевозок
2010903;;ДТП;Наезд на препятствие;Светофор;;ДТП наезд на светофор;ДТП наезд на препятствия;Police;;10;Классификатор МВД | Мосгортранс | ЦОДД | Аппарат МЭРА | Территориальные ОИВ | Территориальные ОИВ    ТиНАО | ГКУ НТУ | ФСО | ЦУКБ Министерство обороны | ГКУ Организатор перевозок
2010904;;ДТП;Наезд на препятствие;Столб контактная сеть;;ДТП наезд на опору освещения - повреждена контактная сеть;ДТП наезд на препятствия, Сбита опора с повреждением контактной сети;Police;;11;Классификатор МВД | Мосгортранс | ОЭК | ЦОДД | Аппарат МЭРА | Территориальные ОИВ | Территориальные ОИВ    ТиНАО | ГКУ НТУ | ФСО | ЦУКБ Министерство обороны | ГКУ Организатор перевозок
2010905;;ДТП;Наезд на препятствие;Открытый люк;;ДТП наезд на открытый люк;ДТП наезд на препятствия;Police;;17;"Классификатор МВД | Классификатор МОСГАЗ | Мосгортранс | МГТС | Мосводоканал | МОЭК | МОЭСК (ПАО ""Россети Московский регион"") | ЦОДД | Аппарат МЭРА | Москоллектор | Мосводосток | Территориальные ОИВ | Территориальные ОИВ    ТиНАО | ГКУ НТУ | ФСО | ЦУКБ Министерство обороны | ГКУ Организатор перевозок"
2010906;;ДТП;Наезд на препятствие;Прочие посторонние предметы;;ДТП наезд на препятствия;ДТП наезд на препятствия;Police;;10;Классификатор МВД | Мосгортранс | ЦОДД | Аппарат МЭРА | Территориальные ОИВ | Территориальные ОИВ    ТиНАО | ГКУ НТУ | ФСО | ЦУКБ Министерство обороны | ГКУ Организатор перевозок
2011000;;ДТП;Тоннель эстакада путепровод;;;ДТП без пострадавших - тоннель путепровод;ДТП без пострадаших;Police;;14;Классификатор МВД | Мосгортранс | ГОРМОСТ | ГОРМОСТ | ЦОДД | Департамент РБиПК             (ГКУ МОСБЕЗ) | Департамент РБиПК             (ГКУ МОСБЕЗ) | Аппарат МЭРА | Территориальные ОИВ | Территориальные ОИВ    ТиНАО | ГКУ НТУ | ФСО | ЦУКБ Министерство обороны | ГКУ Организатор перевозок
2011100;;ДТП;Автоподстава;;;Автоподстава;Автоподстава;Police;;8;Классификатор МВД | Мосгортранс | ЦОДД | Аппарат МЭРА | ГКУ НТУ | ФСО | ЦУКБ Министерство обороны | ГКУ Организатор перевозок
2011200;;ДТП;Сход трамвая с рельс;;;Трамвай сход с рельс;Сход вагона (городской транспорт) трамвай;Police;;15;Классификатор МЧС | Классификатор МЧС | Классификатор МВД | Мосгортранс | Мосгортранс | Метро | ЦОДД | Департамент РБиПК             (ГКУ МОСБЕЗ) | Департамент РБиПК             (ГКУ МОСБЕЗ) | Аппарат МЭРА | Росгвардия | Территориальные ОИВ | Территориальные ОИВ    ТиНАО | ГКУ НТУ | ФСО
2011300;;ДТП;Разлитие негорючих жидкостей;;Тосол, антифриз и др.;ДТП без пострадавших с разлитием негорючих веществ;Нет в ЕКП;;;11;Классификатор МВД | Автомобильные дороги | Мосгортранс | ЦОДД | Аппарат МЭРА | Территориальные ОИВ    ТиНАО | Автомобильные дороги АО г.Москвы | ГКУ НТУ | ФСО | ЦУКБ Министерство обороны | ГКУ Организатор перевозок
2020000;Дорожно-транспортные происшествия с пострадавшими;ДТП пострадавшие;;;;ДТП с пострадавшими;ДТП с пострадавшими;Police;;16;Классификатор МЧС | Классификатор МЧС | Классификатор МВД | Классификатор СМП | Классификатор СМП | ЦЭМП | Мосгортранс | ЦОДД | Департамент РБиПК             (ГКУ МОСБЕЗ) | Департамент РБиПК             (ГКУ МОСБЕЗ) | Аппарат МЭРА | Росгвардия | ГКУ НТУ | ФСО | ЦУКБ Министерство обороны | ГКУ Организатор перевозок
2020100;;ДТП пострадавшие;Наезд на пешехода;;;ДТП наезд на пешехода;ДТП:наезд на пешехода;Police;;13;Классификатор МВД | Классификатор СМП | Классификатор СМП | ЦЭМП | Мосгортранс | ЦОДД | Департамент РБиПК             (ГКУ МОСБЕЗ) | Департамент РБиПК             (ГКУ МОСБЕЗ) | Аппарат МЭРА | ГКУ НТУ | ФСО | ЦУКБ Министерство обороны | ГКУ Организатор перевозок
2020200;;ДТП пострадавшие;Автомашина скрылась;;;ДТП с пострадавшими (автомашина скрылась);ДТП с пострадавшими (автомашина скрылась);Police;;16;Классификатор МЧС | Классификатор МЧС | Классификатор МВД | Классификатор СМП | Классификатор СМП | ЦЭМП | Мосгортранс | ЦОДД | Департамент РБиПК             (ГКУ МОСБЕЗ) | Департамент РБиПК             (ГКУ МОСБЕЗ) | Аппарат МЭРА | Росгвардия | ГКУ НТУ | ФСО | ЦУКБ Министерство обороны | ГКУ Организатор перевозок
2020300;;ДТП пострадавшие;Транспорт легковой;;;ДТП с пострадавшими - легковой;ДТП с пострадавшими, ДТП: легковой транспорт;Police;;16;Классификатор МЧС | Классификатор МЧС | Классификатор МВД | Классификатор СМП | Классификатор СМП | ЦЭМП | Мосгортранс | ЦОДД | Департамент РБиПК             (ГКУ МОСБЕЗ) | Департамент РБиПК             (ГКУ МОСБЕЗ) | Аппарат МЭРА | Росгвардия | ГКУ НТУ | ФСО | ЦУКБ Министерство обороны | ГКУ Организатор перевозок
2020400;;ДТП пострадавшие;Транспорт грузовой;;;ДТП с пострадавшими - грузовой;ДТП с пострадавшими, ДТП: грузовой транспорт;Police;;16;Классификатор МЧС | Классификатор МЧС | Классификатор МВД | Классификатор СМП | Классификатор СМП | ЦЭМП | Мосгортранс | ЦОДД | Департамент РБиПК             (ГКУ МОСБЕЗ) | Департамент РБиПК             (ГКУ МОСБЕЗ) | Аппарат МЭРА | Росгвардия | ГКУ НТУ | ФСО | ЦУКБ Министерство обороны | ГКУ Организатор перевозок
2020500;;ДТП пострадавшие;Транспорт общественный;;;ДТП с пострадавшими - общественный;ДТП с пострадавшими, ДТП: общественный транспорт;MCHS;ДТП общественного транспорта;17;Классификатор МЧС | Классификатор МВД | Классификатор СМП | Классификатор СМП | ЦЭМП | Мосгортранс | ЦОДД | Департамент РБиПК             (ГКУ МОСБЕЗ) | Департамент РБиПК             (ГКУ МОСБЕЗ) | Аппарат МЭРА | Росгвардия | Территориальные ОИВ | Территориальные ОИВ    ТиНАО | ГКУ НТУ | ФСО | ЦУКБ Министерство обороны | ГКУ Организатор перевозок
2020600;;ДТП пострадавшие;Транспорт служебный;;МВД МЧС ФСБ Росгвардия 103;ДТП с пострадавшими - служебный;ДТП с пострадавшими, ДТП: Служебный транспорт ГУ МВД;Police;;16;Классификатор МЧС | Классификатор МЧС | Классификатор МВД | Классификатор СМП | Классификатор СМП | ЦЭМП | Мосгортранс | ЦОДД | Департамент РБиПК             (ГКУ МОСБЕЗ) | Департамент РБиПК             (ГКУ МОСБЕЗ) | Аппарат МЭРА | Росгвардия | ГКУ НТУ | ФСО | ЦУКБ Министерство обороны | ГКУ Организатор перевозок
2020601;;ДТП пострадавшие;Транспорт служебный;104;;ДТП с пострадавшими - служебный 104;ДТП с пострадавшими, ДТП: Служебный транспорт ГУ МВД;Police;;12;Классификатор МВД | Классификатор СМП | Классификатор СМП | Классификатор МОСГАЗ | ЦОДД | Департамент РБиПК             (ГКУ МОСБЕЗ) | Департамент РБиПК             (ГКУ МОСБЕЗ) | Аппарат МЭРА | Росгвардия | ГКУ НТУ | ФСО | ЦУКБ Министерство обороны
2020700;Дорожно-транспортные происшествия с пострадавшими с опасным грузом;ДТП пострадавшие;Опасный груз;;;ДТП с пострадавшими - опасный груз;ДТП с пострадавшими ДТП с перевозкой опасных грузов;MCHS;ДТП с перевозкой опасных грузов;20;Классификатор МЧС | Классификатор МВД | Классификатор СМП | Классификатор СМП | ЦЭМП | Мосгортранс | ЦОДД | Департамент РБиПК             (ГКУ МОСБЕЗ) | Департамент РБиПК             (ГКУ МОСБЕЗ) | Аппарат МЭРА | Росгвардия | Территориальные ОИВ | Территориальные ОИВ    ТиНАО | ГКУ НТУ | ФСО | ЦУКБ Министерство обороны | ГКУ Организатор перевозок | ГПБУ Мосэкомониторинг | Министерство обороны РХБЗ | Министерство обороны РХБЗ
2020800;Дорожно-транспортные происшествия с пострадавшими;ДТП пострадавшие;Драка;;;ДТП с пострадавшими с дракой;ДТП с пострадавшими ДТП с дракой;Police;;16;Классификатор МЧС | Классификатор МЧС | Классификатор МВД | Классификатор СМП | Классификатор СМП | ЦЭМП | Мосгортранс | ЦОДД | Департамент РБиПК             (ГКУ МОСБЕЗ) | Департамент РБиПК             (ГКУ МОСБЕЗ) | Аппарат МЭРА | Росгвардия | ГКУ НТУ | ФСО | ЦУКБ Министерство обороны | ГКУ Организатор перевозок
2020900;;ДТП пострадавшие;Разлив топлива;;;ДТП с пострадавшими - разлитие горючих жидкостей;ДТП с пострадавшими, ДТП с разлитием горючих жидкостей;MCHS;ДТП легкового транспорта;19;Классификатор МЧС | Классификатор МВД | Классификатор СМП | Классификатор СМП | ЦЭМП | Автомобильные дороги | Мосгортранс | ЦОДД | Департамент РБиПК             (ГКУ МОСБЕЗ) | Департамент РБиПК             (ГКУ МОСБЕЗ) | Аппарат МЭРА | Росгвардия | Территориальные ОИВ | Территориальные ОИВ    ТиНАО | Автомобильные дороги АО г.Москвы | ГКУ НТУ | ФСО | ЦУКБ Министерство обороны | ГКУ Организатор перевозок
2021000;;ДТП пострадавшие;Горит дымится;;;ДТП с пострадавшими с пожаром;ДТП с пострадавшими ДТП с пожаром;MCHS;Пожар: Транспортное средство;17;Классификатор МЧС | Классификатор МВД | Классификатор СМП | Классификатор СМП | ЦЭМП | Мосгортранс | ЦОДД | Департамент РБиПК             (ГКУ МОСБЕЗ) | Департамент РБиПК             (ГКУ МОСБЕЗ) | Аппарат МЭРА | Росгвардия | Территориальные ОИВ | Территориальные ОИВ    ТиНАО | ГКУ НТУ | ФСО | ЦУКБ Министерство обороны | ГКУ Организатор перевозок
2021101;;ДТП пострадавшие;Наезд на препятствие;Столб мачта освещения;;ДТП с пострадавшими - опора освещения;ДТП с пострадавшими, Сбита опора;Police;;22;Классификатор МЧС | Классификатор МЧС | Классификатор МВД | Классификатор СМП | Классификатор СМП | ЦЭМП | Автомобильные дороги | Мосгортранс | Мосгортранс | ОЭК | ЦОДД | Департамент РБиПК             (ГКУ МОСБЕЗ) | Департамент РБиПК             (ГКУ МОСБЕЗ) | Аппарат МЭРА | Росгвардия | Территориальные ОИВ | Территориальные ОИВ    ТиНАО | Автомобильные дороги АО г.Москвы | ГКУ НТУ | ФСО | ЦУКБ Министерство обороны | ГКУ Организатор перевозок
2021102;;ДТП пострадавшие;Наезд на препятствие;Опора моста;;ДТП с пострадавшими - опора моста;ДТП с пострадавшими;Police;;18;Классификатор МЧС | Классификатор МЧС | Классификатор МВД | Классификатор СМП | Классификатор СМП | ЦЭМП | Мосгортранс | ЦОДД | Департамент РБиПК             (ГКУ МОСБЕЗ) | Департамент РБиПК             (ГКУ МОСБЕЗ) | Аппарат МЭРА | Росгвардия | Территориальные ОИВ | Территориальные ОИВ    ТиНАО | ГКУ НТУ | ФСО | ЦУКБ Министерство обороны | ГКУ Организатор перевозок
2021103;;ДТП пострадавшие;Наезд на препятствие;Светофор;;ДТП с пострадавшими - наезд на светофор;ДТП с пострадавшими;Police;;18;Классификатор МЧС | Классификатор МЧС | Классификатор МВД | Классификатор СМП | Классификатор СМП | ЦЭМП | Мосгортранс | ЦОДД | Департамент РБиПК             (ГКУ МОСБЕЗ) | Департамент РБиПК             (ГКУ МОСБЕЗ) | Аппарат МЭРА | Росгвардия | Территориальные ОИВ | Территориальные ОИВ    ТиНАО | ГКУ НТУ | ФСО | ЦУКБ Министерство обороны | ГКУ Организатор перевозок
2021104;;ДТП пострадавшие;Наезд на препятствие;Столб контактная сеть;;ДТП с пострадавшими - опора совещения, повреждена контактная сеть;ДТП с пострадавшими, Сбита опора с повреждением контактной сети;Police;;19;Классификатор МЧС | Классификатор МЧС | Классификатор МВД | Классификатор СМП | Классификатор СМП | ЦЭМП | Мосгортранс | Мосгортранс | ЦОДД | Департамент РБиПК             (ГКУ МОСБЕЗ) | Департамент РБиПК             (ГКУ МОСБЕЗ) | Аппарат МЭРА | Росгвардия | Территориальные ОИВ | Территориальные ОИВ    ТиНАО | ГКУ НТУ | ФСО | ЦУКБ Министерство обороны | ГКУ Организатор перевозок
2021105;;ДТП пострадавшие;Наезд на препятствие;Открытый люк;;ДТП с пострадавшими - наезд на открытый люк;ДТП с пострадавшими;Police;;19;Классификатор МЧС | Классификатор МЧС | Классификатор МВД | Классификатор СМП | Классификатор СМП | ЦЭМП | Мосгортранс | ЦОДД | Департамент РБиПК             (ГКУ МОСБЕЗ) | Департамент РБиПК             (ГКУ МОСБЕЗ) | Аппарат МЭРА | Москоллектор | Росгвардия | Территориальные ОИВ | Территориальные ОИВ    ТиНАО | ГКУ НТУ | ФСО | ЦУКБ Министерство обороны | ГКУ Организатор перевозок
2021106;;ДТП пострадавшие;Наезд на препятствие;Прочие посторонние предметы;;ДТП с пострадавшими - наезд на препятствие;ДТП с пострадавшими;Police;;18;Классификатор МЧС | Классификатор МЧС | Классификатор МВД | Классификатор СМП | Классификатор СМП | ЦЭМП | Мосгортранс | ЦОДД | Департамент РБиПК             (ГКУ МОСБЕЗ) | Департамент РБиПК             (ГКУ МОСБЕЗ) | Аппарат МЭРА | Росгвардия | Территориальные ОИВ | Территориальные ОИВ    ТиНАО | ГКУ НТУ | ФСО | ЦУКБ Министерство обороны | ГКУ Организатор перевозок
2021200;;ДТП пострадавшие;Движение перекрыто;;;ДТП с пострадавшими - перекрыто движение;ДТП с пострадавшими;Police;;18;Классификатор МЧС | Классификатор МЧС | Классификатор МВД | Классификатор СМП | Классификатор СМП | ЦЭМП | Мосгортранс | ЦОДД | Департамент РБиПК             (ГКУ МОСБЕЗ) | Департамент РБиПК             (ГКУ МОСБЕЗ) | Аппарат МЭРА | Росгвардия | Территориальные ОИВ | Территориальные ОИВ    ТиНАО | ГКУ НТУ | ФСО | ЦУКБ Министерство обороны | ГКУ Организатор перевозок
2021300;;ДТП пострадавшие;Тоннель эстакада путепровод;;;ДТП с пострадавшими - тоннель путепровод;ДТП с пострадавшими;Police;;18;Классификатор МЧС | Классификатор МЧС | Классификатор МВД | Классификатор СМП | Классификатор СМП | ЦЭМП | Мосгортранс | ЦОДД | Департамент РБиПК             (ГКУ МОСБЕЗ) | Департамент РБиПК             (ГКУ МОСБЕЗ) | Аппарат МЭРА | Росгвардия | Территориальные ОИВ | Территориальные ОИВ    ТиНАО | ГКУ НТУ | ФСО | ЦУКБ Министерство обороны | ГКУ Организатор перевозок
2021400;;ДТП пострадавшие;Падение с моста  в воду;;;Падение автомобиля в воду;Падение автомобиля в воду;MCHS;Извлечение транспортных средств;16;Классификатор МЧС | Классификатор МВД | Классификатор СМП | Классификатор СМП | ЦЭМП | Мосгортранс | ЦОДД | Департамент РБиПК             (ГКУ МОСБЕЗ) | Департамент РБиПК             (ГКУ МОСБЕЗ) | Аппарат МЭРА | Территориальные ОИВ | Территориальные ОИВ    ТиНАО | ГКУ НТУ | ФСО | ЦУКБ Министерство обороны | ГКУ Организатор перевозок
2021500;;ДТП пострадавшие;Падение с моста на проезжую часть;;;Падение автомобиля на проезжую часть;ДТП с заблокированными;Police;;17;Классификатор МЧС | Классификатор МЧС | Классификатор МВД | Классификатор СМП | Классификатор СМП | ЦЭМП | Мосгортранс | ЦОДД | Департамент РБиПК             (ГКУ МОСБЕЗ) | Департамент РБиПК             (ГКУ МОСБЕЗ) | Аппарат МЭРА | Территориальные ОИВ | Территориальные ОИВ    ТиНАО | ГКУ НТУ | ФСО | ЦУКБ Министерство обороны | ГКУ Организатор перевозок
2021600;;ДТП пострадавшие;Погибшие (до констатации смерти);;;ДТП с погибшими;ДТП с погибшими;Police;;17;Классификатор МЧС | Классификатор МЧС | Классификатор МВД | Классификатор СМП | Классификатор СМП | ЦЭМП | Классификатор ФСБ | Мосгортранс | ЦОДД | Департамент РБиПК             (ГКУ МОСБЕЗ) | Департамент РБиПК             (ГКУ МОСБЕЗ) | Аппарат МЭРА | Росгвардия | ГКУ НТУ | ФСО | ЦУКБ Министерство обороны | ГКУ Организатор перевозок
2021700;;ДТП пострадавшие;Блокированные;;;ДТП с заблокированными;ДТП с заблокированными;MCHS;ДТП легкового транспорта;14;Классификатор МЧС | Классификатор МВД | Классификатор СМП | Классификатор СМП | ЦЭМП | Мосгортранс | ЦОДД | Департамент РБиПК             (ГКУ МОСБЕЗ) | Департамент РБиПК             (ГКУ МОСБЕЗ) | Аппарат МЭРА | ГКУ НТУ | ФСО | ЦУКБ Министерство обороны | ГКУ Организатор перевозок
2021800;;ДТП пострадавшие;Сход трамвая с рельс;;;Трамвай сход с рельс (пострадавшие);Сход вагона (городской транспорт) трамвай;Police;;21;Классификатор МЧС | Классификатор МЧС | Классификатор МЧС | Классификатор МВД | Классификатор СМП | Классификатор СМП | ЦЭМП | ЦЭМП | Мосгортранс | Мосгортранс | Гор. Хозяйство | Метро | ЦОДД | Департамент РБиПК             (ГКУ МОСБЕЗ) | Департамент РБиПК             (ГКУ МОСБЕЗ) | Аппарат МЭРА | Росгвардия | Территориальные ОИВ | Территориальные ОИВ    ТиНАО | ГКУ НТУ | ФСО
2021900;;ДТП пострадавшие;Разлитие негорючих жидкостей;;Тосол, антифриз и др.;ДТП с пострадавшими - разлитие негорючих веществ;Нет в ЕКП;;;18;Классификатор МЧС | Классификатор МЧС | Классификатор МВД | Классификатор СМП | Классификатор СМП | ЦЭМП | Автомобильные дороги | Мосгортранс | ЦОДД | Департамент РБиПК             (ГКУ МОСБЕЗ) | Департамент РБиПК             (ГКУ МОСБЕЗ) | Аппарат МЭРА | Территориальные ОИВ    ТиНАО | Автомобильные дороги АО г.Москвы | ГКУ НТУ | ФСО | ЦУКБ Министерство обороны | ГКУ Организатор перевозок
3010100;Взрыв;Взрыв объект;Дом многоквартирный;;уточнять наличие магистального газа или газа в баллонах обязательно!;Взрыв жилое здание;Взрыв жилое здание;MCHS;Прочие взрывы;33;Классификатор МЧС | Классификатор МВД | Классификатор СМП | Классификатор СМП | Классификатор МОСГАЗ | ЦЭМП | ЦЭМП | ЦЭМП | ЦЭМП | Классификатор ФСБ | Классификатор Мособлгаз | Мосгортранс | Гор. Хозяйство | Мосводоканал | ОЭК | ЦОДД | Департамент РБиПК             (ГКУ МОСБЕЗ) | Департамент РБиПК             (ГКУ МОСБЕЗ) | Аппарат МЭРА | ОАТИ | Росгвардия | Территориальные ОИВ | Территориальные ОИВ    ТиНАО | Департамент строительства города Москвы | Мосжилинспекция | Департамент культуры | ГКУ НТУ | ФСО | ДГП (Департамент градостроительной политики) | ДГП (Департамент градостроительной политики) | ЦУКБ Министерство обороны | ГКУ Организатор перевозок | Депортамент гражданского строительства
3010200;;Взрыв объект;Дом частный;;уточнять наличие магистального газа или газа в баллонах обязательно!;Взрыв частный дом;Взрыв жилое здание;MCHS;Прочие взрывы;30;Классификатор МЧС | Классификатор МВД | Классификатор СМП | Классификатор СМП | Классификатор МОСГАЗ | ЦЭМП | ЦЭМП | ЦЭМП | ЦЭМП | Классификатор ФСБ | Классификатор Мособлгаз | Мосгортранс | Гор. Хозяйство | Мосводоканал | ОЭК | ЦОДД | Департамент РБиПК             (ГКУ МОСБЕЗ) | Департамент РБиПК             (ГКУ МОСБЕЗ) | Аппарат МЭРА | ОАТИ | Росгвардия | Территориальные ОИВ | Территориальные ОИВ    ТиНАО | Департамент строительства города Москвы | Департамент культуры | ГКУ НТУ | ФСО | ГУП МСР | ГКУ Организатор перевозок | Депортамент гражданского строительства
3010300;;Взрыв объект;Учебное заведение;;;Взрыв учебное заведение;Взрыв административное здание;MCHS;Прочие взрывы;29;Классификатор МЧС | Классификатор МВД | Классификатор СМП | Классификатор СМП | Классификатор МОСГАЗ | ЦЭМП | ЦЭМП | ЦЭМП | ЦЭМП | Классификатор ФСБ | Мосгортранс | Гор. Хозяйство | Мосводоканал | ОЭК | ЦОДД | Департамент РБиПК             (ГКУ МОСБЕЗ) | Департамент РБиПК             (ГКУ МОСБЕЗ) | Аппарат МЭРА | ОАТИ | Росгвардия | Территориальные ОИВ | Территориальные ОИВ    ТиНАО | Департамент строительства города Москвы | Департамент культуры | ГКУ НТУ | ФСО | ЦУКБ Министерство обороны | ГКУ Организатор перевозок | Депортамент гражданского строительства
3010400;;Взрыв объект;Административное здание;;;Взрыв административное здание;Взрыв административное здание;MCHS;Прочие взрывы;33;Классификатор МЧС | Классификатор МВД | Классификатор СМП | Классификатор СМП | Классификатор МОСГАЗ | ЦЭМП | ЦЭМП | ЦЭМП | ЦЭМП | Классификатор ФСБ | Мосгортранс | Гор. Хозяйство | ГОРМОСТ | ГОРМОСТ | МГТС | Мосводоканал | ОЭК | ЦОДД | Департамент РБиПК             (ГКУ МОСБЕЗ) | Департамент РБиПК             (ГКУ МОСБЕЗ) | Аппарат МЭРА | ОАТИ | Росгвардия | Территориальные ОИВ | Территориальные ОИВ    ТиНАО | Департамент строительства города Москвы | Департамент культуры | ГКУ НТУ | ФСО | ЦУКБ Министерство обороны | ГКУ Организатор перевозок | ООО Ситиэнерго | Депортамент гражданского строительства
3010500;;Взрыв объект;Лечебное заведение;;;Взрыв лечебное учреждение;Взрыв административное здание;MCHS;Прочие взрывы;32;Классификатор МЧС | Классификатор МВД | Классификатор СМП | Классификатор СМП | Классификатор МОСГАЗ | ЦЭМП | ЦЭМП | ЦЭМП | ЦЭМП | ЦЭМП | Классификатор ФСБ | Мосгортранс | Гор. Хозяйство | ГОРМОСТ | ГОРМОСТ | Мосводоканал | ОЭК | ЦОДД | Департамент РБиПК             (ГКУ МОСБЕЗ) | Департамент РБиПК             (ГКУ МОСБЕЗ) | Аппарат МЭРА | ОАТИ | Росгвардия | Территориальные ОИВ | Территориальные ОИВ    ТиНАО | Департамент строительства города Москвы | Департамент культуры | ГКУ НТУ | ФСО | ЦУКБ Министерство обороны | ГКУ Организатор перевозок | Депортамент гражданского строительства
3010600;;Взрыв объект;Общественное место;;;Взрыв общественное место;Взрыв;MCHS;Прочие взрывы;32;Классификатор МЧС | Классификатор МВД | Классификатор СМП | Классификатор СМП | Классификатор МОСГАЗ | ЦЭМП | ЦЭМП | ЦЭМП | ЦЭМП | Классификатор ФСБ | Мосгортранс | Гор. Хозяйство | ГОРМОСТ | ГОРМОСТ | МГТС | Мосводоканал | ОЭК | ЦОДД | Департамент РБиПК             (ГКУ МОСБЕЗ) | Департамент РБиПК             (ГКУ МОСБЕЗ) | Аппарат МЭРА | ОАТИ | Росгвардия | Территориальные ОИВ | Территориальные ОИВ    ТиНАО | Департамент строительства города Москвы | Департамент культуры | ГКУ НТУ | ФСО | ЦУКБ Министерство обороны | ГКУ Организатор перевозок | Депортамент гражданского строительства
3010700;;Взрыв объект;Объект связи;;;Взрыв объект связи;Взрыв;MCHS;Прочие взрывы;31;Классификатор МЧС | Классификатор МВД | Классификатор СМП | Классификатор СМП | Классификатор МОСГАЗ | ЦЭМП | ЦЭМП | ЦЭМП | ЦЭМП | Классификатор ФСБ | Классификатор Мособлгаз | Мосгортранс | Гор. Хозяйство | ГОРМОСТ | ГОРМОСТ | МГТС | ЦОДД | Департамент РБиПК             (ГКУ МОСБЕЗ) | Департамент РБиПК             (ГКУ МОСБЕЗ) | Аппарат МЭРА | ОАТИ | Росгвардия | Территориальные ОИВ | Территориальные ОИВ    ТиНАО | Департамент строительства города Москвы | Департамент культуры | ГКУ НТУ | ФСО | ЦУКБ Министерство обороны | ГКУ Организатор перевозок | Депортамент гражданского строительства
3010800;;Взрыв объект;Бытовой газ;;;Взрыв бытовой газ;Взрыв бытовой газ;MCHS;Взрывы бытового газа;33;Классификатор МЧС | Классификатор МВД | Классификатор СМП | Классификатор СМП | Классификатор МОСГАЗ | ЦЭМП | ЦЭМП | ЦЭМП | ЦЭМП | ЦЭМП | Классификатор ФСБ | Классификатор Мособлгаз | Мосгортранс | Гор. Хозяйство | ЦОДД | Деп. ЖКХ | Департамент РБиПК             (ГКУ МОСБЕЗ) | Департамент РБиПК             (ГКУ МОСБЕЗ) | Аппарат МЭРА | ОАТИ | Росгвардия | Территориальные ОИВ | Территориальные ОИВ    ТиНАО | Департамент строительства города Москвы | Департамент культуры | ГКУ НТУ | ФСО | ГУП МСР | ДГП (Департамент градостроительной политики) | ДГП (Департамент градостроительной политики) | ЦУКБ Министерство обороны | ГКУ Организатор перевозок | Депортамент гражданского строительства
3010900;;Взрыв объект;Газовый баллон;;где находится - балкон, кухня, частный дом и т.д.;Взрыв газовый баллон;Взрыв газовый баллон;MCHS;Взрывы бытового газа;26;Классификатор МЧС | Классификатор МВД | Классификатор СМП | Классификатор СМП | ЦЭМП | ЦЭМП | ЦЭМП | ЦЭМП | Мосгортранс | Гор. Хозяйство | ЦОДД | Департамент РБиПК             (ГКУ МОСБЕЗ) | Департамент РБиПК             (ГКУ МОСБЕЗ) | Аппарат МЭРА | ОАТИ | Росгвардия | Территориальные ОИВ | Территориальные ОИВ    ТиНАО | Департамент строительства города Москвы | Департамент культуры | ГКУ НТУ | ФСО | ГУП МСР | ЦУКБ Министерство обороны | ГКУ Организатор перевозок | Депортамент гражданского строительства
3011000;;Взрыв объект;АЗС;;;Взрыв АЗС;Взрыв;MCHS;Прочие взрывы;28;Классификатор МЧС | Классификатор МВД | Классификатор СМП | Классификатор СМП | Классификатор МОСГАЗ | ЦЭМП | ЦЭМП | ЦЭМП | ЦЭМП | Классификатор ФСБ | Классификатор Мособлгаз | Мосгортранс | Гор. Хозяйство | ЦОДД | Департамент РБиПК             (ГКУ МОСБЕЗ) | Департамент РБиПК             (ГКУ МОСБЕЗ) | Аппарат МЭРА | ОАТИ | Росгвардия | Территориальные ОИВ | Территориальные ОИВ    ТиНАО | Департамент культуры | ГКУ НТУ | ФСО | ГУП МСР | ГКУ Организатор перевозок | ГПБУ Мосэкомониторинг | Депортамент гражданского строительства
3011100;;Взрыв объект;Нефтепровод нефтехранилище;;;Взрыв нефтепровод (нефтехранилище);Взрыв;MCHS;Прочие взрывы;27;Классификатор МЧС | Классификатор МВД | Классификатор СМП | Классификатор СМП | Классификатор МОСГАЗ | ЦЭМП | ЦЭМП | ЦЭМП | ЦЭМП | Классификатор ФСБ | Мосгортранс | Гор. Хозяйство | ЦОДД | Департамент РБиПК             (ГКУ МОСБЕЗ) | Департамент РБиПК             (ГКУ МОСБЕЗ) | Аппарат МЭРА | ОАТИ | Росгвардия | Территориальные ОИВ | Территориальные ОИВ    ТиНАО | Департамент культуры | ГКУ НТУ | ФСО | ГУП МСР | ГКУ Организатор перевозок | ООО Ситиэнерго | Депортамент гражданского строительства
3011200;;Взрыв объект;Газопровод газохранилище;;;Взрыв газопровод (газохранилище);Взрыв;MCHS;Взрывы бытового газа;29;Классификатор МЧС | Классификатор МВД | Классификатор СМП | Классификатор СМП | Классификатор МОСГАЗ | ЦЭМП | ЦЭМП | ЦЭМП | ЦЭМП | Классификатор ФСБ | Классификатор Мособлгаз | Мосгортранс | Гор. Хозяйство | ЦОДД | Департамент РБиПК             (ГКУ МОСБЕЗ) | Департамент РБиПК             (ГКУ МОСБЕЗ) | Аппарат МЭРА | ОАТИ | Росгвардия | Территориальные ОИВ | Территориальные ОИВ    ТиНАО | Департамент культуры | ГКУ НТУ | ФСО | ГУП МСР | ГКУ Организатор перевозок | ГПБУ Мосэкомониторинг | ООО Ситиэнерго | Депортамент гражданского строительства
3011300;;Взрыв объект;Гидросооружение;;;Взрыв гидросооружение;Взрыв;MCHS;Прочие взрывы;26;Классификатор МЧС | Классификатор МВД | Классификатор СМП | Классификатор СМП | Классификатор МОСГАЗ | ЦЭМП | ЦЭМП | ЦЭМП | ЦЭМП | Классификатор ФСБ | Мосгортранс | Гор. Хозяйство | ЦОДД | Департамент РБиПК             (ГКУ МОСБЕЗ) | Департамент РБиПК             (ГКУ МОСБЕЗ) | Аппарат МЭРА | ОАТИ | Росгвардия | Территориальные ОИВ | Территориальные ОИВ    ТиНАО | Департамент культуры | ГКУ НТУ | ФСО | ГУП МСР | ГКУ Организатор перевозок | Депортамент гражданского строительства
3011400;;Взрыв объект;Опасный объект производство;;;Взрыв опасный объект (производство);Взрыв;MCHS;Прочие взрывы;32;Классификатор МЧС | Классификатор МВД | Классификатор СМП | Классификатор СМП | Классификатор МОСГАЗ | ЦЭМП | ЦЭМП | ЦЭМП | ЦЭМП | Классификатор ФСБ | Классификатор Мособлгаз | Мосгортранс | Гор. Хозяйство | ГОРМОСТ | ГОРМОСТ | ЦОДД | Департамент РБиПК             (ГКУ МОСБЕЗ) | Департамент РБиПК             (ГКУ МОСБЕЗ) | Аппарат МЭРА | ОАТИ | ДТУ | Росгвардия | Территориальные ОИВ | Территориальные ОИВ    ТиНАО | Департамент культуры | ГКУ НТУ | ФСО | ГУП МСР | ГКУ Организатор перевозок | Министерство обороны РХБЗ | Министерство обороны РХБЗ | Депортамент гражданского строительства
3011500;;Взрыв объект;Коммуникации подземные (Колодцы люки шахты)/наземные;;;Взрыв колодец (шахта, люк);Взрыв;MCHS;Прочие взрывы;29;Классификатор МЧС | Классификатор МВД | Классификатор СМП | Классификатор СМП | Классификатор МОСГАЗ | ЦЭМП | ЦЭМП | ЦЭМП | ЦЭМП | Классификатор ФСБ | Мосгортранс | Гор. Хозяйство | ГОРМОСТ | МГТС | ЦОДД | Департамент РБиПК             (ГКУ МОСБЕЗ) | Департамент РБиПК             (ГКУ МОСБЕЗ) | Аппарат МЭРА | Москоллектор | ОАТИ | Росгвардия | Территориальные ОИВ | Территориальные ОИВ    ТиНАО | Департамент культуры | ГКУ НТУ | ФСО | ЦУКБ Министерство обороны | ГКУ Организатор перевозок | Депортамент гражданского строительства
3011600;;Взрыв объект;Мачта освещения ЛЭП;;;Взрыв ЛЭП, мачта освещения;Взрыв;MCHS;Прочие взрывы;24;Классификатор МЧС | Классификатор МВД | Классификатор СМП | Классификатор СМП | ЦЭМП | ЦЭМП | ЦЭМП | ЦЭМП | Мосгортранс | Гор. Хозяйство | ОЭК | ЦОДД | Департамент РБиПК             (ГКУ МОСБЕЗ) | Департамент РБиПК             (ГКУ МОСБЕЗ) | Аппарат МЭРА | ОАТИ | Росгвардия | Территориальные ОИВ | Территориальные ОИВ    ТиНАО | Департамент культуры | ГКУ НТУ | ФСО | ГКУ Организатор перевозок | Депортамент гражданского строительства
3011700;;Взрыв объект;Мост эстакада подземный/ наземный переход тоннель;;;Взрыв мост (эстакада, подземный/ наземный переход, тоннель);Взрыв;MCHS;Прочие взрывы;32;Классификатор МЧС | Классификатор МВД | Классификатор СМП | Классификатор СМП | Классификатор МОСГАЗ | ЦЭМП | ЦЭМП | ЦЭМП | ЦЭМП | Классификатор ФСБ | Мосгортранс | Гор. Хозяйство | ГОРМОСТ | ГОРМОСТ | ГОРМОСТ | ГОРМОСТ | ЦОДД | Департамент РБиПК             (ГКУ МОСБЕЗ) | Департамент РБиПК             (ГКУ МОСБЕЗ) | Аппарат МЭРА | Москоллектор | ОАТИ | Росгвардия | Территориальные ОИВ | Территориальные ОИВ    ТиНАО | Департамент строительства города Москвы | Департамент культуры | ГКУ НТУ | ФСО | ЦУКБ Министерство обороны | ГКУ Организатор перевозок | Депортамент гражданского строительства
3011800;;Взрыв объект;Улица;;;Взрыв на улице;Взрыв;MCHS;Прочие взрывы;26;Классификатор МЧС | Классификатор МВД | Классификатор СМП | Классификатор СМП | Классификатор МОСГАЗ | ЦЭМП | ЦЭМП | ЦЭМП | ЦЭМП | Мосгортранс | Гор. Хозяйство | ЦОДД | Департамент РБиПК             (ГКУ МОСБЕЗ) | Департамент РБиПК             (ГКУ МОСБЕЗ) | Аппарат МЭРА | ОАТИ | Росгвардия | Территориальные ОИВ | Территориальные ОИВ    ТиНАО | Департамент культуры | ГКУ НТУ | ФСО | ЦУКБ Министерство обороны | ГКУ Организатор перевозок | ООО Ситиэнерго | Депортамент гражданского строительства
3011900;;Взрыв объект;Прочие объекты;;;Взрыв прочее;Взрыв;MCHS;Прочие взрывы;29;Классификатор МЧС | Классификатор МВД | Классификатор СМП | Классификатор СМП | Классификатор МОСГАЗ | ЦЭМП | ЦЭМП | ЦЭМП | ЦЭМП | ЦЭМП | Мосгортранс | Гор. Хозяйство | МГТС | ЦОДД | Департамент РБиПК             (ГКУ МОСБЕЗ) | Департамент РБиПК             (ГКУ МОСБЕЗ) | Аппарат МЭРА | ОАТИ | Росгвардия | Территориальные ОИВ | Территориальные ОИВ    ТиНАО | Департамент культуры | ГКУ НТУ | ФСО | ДГП (Департамент градостроительной политики) | ДГП (Департамент градостроительной политики) | ЦУКБ Министерство обороны | ГКУ Организатор перевозок | Депортамент гражданского строительства
3020100;Взрыв транспорт;Взрыв транспорт;Метро;;;Взрыв метро;Взрыв метро;MCHS;Прочие взрывы;25;Классификатор МЧС | Классификатор МВД | Классификатор СМП | Классификатор СМП | Классификатор МОСГАЗ | ЦЭМП | Классификатор ФСБ | Мосгортранс | Гор. Хозяйство | Метро | ОЭК | ЦОДД | Департамент РБиПК             (ГКУ МОСБЕЗ) | Департамент РБиПК             (ГКУ МОСБЕЗ) | Аппарат МЭРА | ОАТИ | Росгвардия | Территориальные ОИВ | Территориальные ОИВ    ТиНАО | Департамент культуры | ГКУ НТУ | ФСО | ЦУКБ Министерство обороны | ГКУ Организатор перевозок | Депортамент гражданского строительства
3020101;;Взрыв транспорт;Метро;Вагон/поезд;;Взрыв метро (поезд);Взрыв метро;MCHS;Прочие взрывы;25;Классификатор МЧС | Классификатор МВД | Классификатор СМП | Классификатор СМП | Классификатор МОСГАЗ | ЦЭМП | Классификатор ФСБ | Мосгортранс | Гор. Хозяйство | Метро | ОЭК | ЦОДД | Департамент РБиПК             (ГКУ МОСБЕЗ) | Департамент РБиПК             (ГКУ МОСБЕЗ) | Аппарат МЭРА | ОАТИ | Росгвардия | Территориальные ОИВ | Территориальные ОИВ    ТиНАО | Департамент культуры | ГКУ НТУ | ФСО | ЦУКБ Министерство обороны | ГКУ Организатор перевозок | Депортамент гражданского строительства
3020102;;Взрыв транспорт;Метро;Перегон /тоннель / вестибюль станции/ платформа/ переход/ эскалатор /депо;;Взрыв метро (станция, тоннель);Взрыв метро;MCHS;Прочие взрывы;25;Классификатор МЧС | Классификатор МВД | Классификатор СМП | Классификатор СМП | Классификатор МОСГАЗ | ЦЭМП | Классификатор ФСБ | Мосгортранс | Гор. Хозяйство | Метро | ОЭК | ЦОДД | Департамент РБиПК             (ГКУ МОСБЕЗ) | Департамент РБиПК             (ГКУ МОСБЕЗ) | Аппарат МЭРА | ОАТИ | Росгвардия | Территориальные ОИВ | Территориальные ОИВ    ТиНАО | Департамент культуры | ГКУ НТУ | ФСО | ЦУКБ Министерство обороны | ГКУ Организатор перевозок | Депортамент гражданского строительства
3020200;;Взрыв транспорт;МЦК;;;Взрыв МЦК;Взрыв жд транспорт;MCHS;Прочие взрывы;32;Классификатор МЧС | Классификатор МВД | Классификатор СМП | Классификатор СМП | Классификатор МОСГАЗ | ЦЭМП | ЦЭМП | ЦЭМП | ЦЭМП | ЦЭМП | Классификатор ФСБ | Мосгортранс | Мосгортранс | Гор. Хозяйство | ГОРМОСТ | Метро | ЦОДД | Департамент РБиПК             (ГКУ МОСБЕЗ) | Департамент РБиПК             (ГКУ МОСБЕЗ) | Аппарат МЭРА | РЖД (МосковскаяЖД) | ОАТИ | Росгвардия | Территориальные ОИВ | Территориальные ОИВ    ТиНАО | Департамент культуры | ГКУ НТУ | ФСО | ЦУКБ Министерство обороны | ГКУ Организатор перевозок | ГКУ Организатор перевозок | Депортамент гражданского строительства
3020201;;Взрыв транспорт;МЦК;Вагон/поезд;;Взрыв МЦК (поезд);Взрыв жд транспорт;MCHS;Прочие взрывы;32;Классификатор МЧС | Классификатор МВД | Классификатор СМП | Классификатор СМП | Классификатор МОСГАЗ | ЦЭМП | ЦЭМП | ЦЭМП | ЦЭМП | ЦЭМП | Классификатор ФСБ | Мосгортранс | Мосгортранс | Гор. Хозяйство | ГОРМОСТ | Метро | ЦОДД | Департамент РБиПК             (ГКУ МОСБЕЗ) | Департамент РБиПК             (ГКУ МОСБЕЗ) | Аппарат МЭРА | РЖД (МосковскаяЖД) | ОАТИ | Росгвардия | Территориальные ОИВ | Территориальные ОИВ    ТиНАО | Департамент культуры | ГКУ НТУ | ФСО | ЦУКБ Министерство обороны | ГКУ Организатор перевозок | ГКУ Организатор перевозок | Депортамент гражданского строительства
3020202;;Взрыв транспорт;МЦК;Перегон /тоннель / вестибюль станции/ платформа/ переход/ эскалатор /депо;;Взрыв МЦК (станция, тоннель);Взрыв жд транспорт;MCHS;Прочие взрывы;32;Классификатор МЧС | Классификатор МВД | Классификатор СМП | Классификатор СМП | Классификатор МОСГАЗ | ЦЭМП | ЦЭМП | ЦЭМП | ЦЭМП | ЦЭМП | Классификатор ФСБ | Мосгортранс | Мосгортранс | Гор. Хозяйство | ГОРМОСТ | Метро | ЦОДД | Департамент РБиПК             (ГКУ МОСБЕЗ) | Департамент РБиПК             (ГКУ МОСБЕЗ) | Аппарат МЭРА | РЖД (МосковскаяЖД) | ОАТИ | Росгвардия | Территориальные ОИВ | Территориальные ОИВ    ТиНАО | Департамент культуры | ГКУ НТУ | ФСО | ЦУКБ Министерство обороны | ГКУ Организатор перевозок | ГКУ Организатор перевозок | Депортамент гражданского строительства
3020300;;Взрыв транспорт;Транспорт автомашина (легковая, грузовая);;Опасный груз;Взрыв автомашина;Взрыв транспортное средство;MCHS;Прочие взрывы;29;Классификатор МЧС | Классификатор МВД | Классификатор СМП | Классификатор СМП | ЦЭМП | ЦЭМП | ЦЭМП | ЦЭМП | Классификатор ФСБ | Мосгортранс | Гор. Хозяйство | ГОРМОСТ | ЦОДД | Департамент РБиПК             (ГКУ МОСБЕЗ) | Департамент РБиПК             (ГКУ МОСБЕЗ) | Аппарат МЭРА | ОАТИ | Росгвардия | Территориальные ОИВ | Территориальные ОИВ    ТиНАО | Департамент культуры | ГКУ НТУ | ФСО | ЦУКБ Министерство обороны | ГКУ Организатор перевозок | Министерство обороны РХБЗ | Министерство обороны РХБЗ | ООО Ситиэнерго | Депортамент гражданского строительства
3020400;;Взрыв транспорт;Спецтранспорт (МВД, Росграврия, МЧС, 103, 104, МГТС);;Опасный груз;Взрыв спецтранспорт;Взрыв транспортное средство;MCHS;Прочие взрывы;29;Классификатор МЧС | Классификатор МВД | Классификатор СМП | Классификатор СМП | Классификатор МОСГАЗ | ЦЭМП | ЦЭМП | ЦЭМП | ЦЭМП | Классификатор ФСБ | Мосгортранс | Гор. Хозяйство | ГОРМОСТ | ЦОДД | Департамент РБиПК             (ГКУ МОСБЕЗ) | Департамент РБиПК             (ГКУ МОСБЕЗ) | Аппарат МЭРА | ОАТИ | Росгвардия | Территориальные ОИВ | Территориальные ОИВ    ТиНАО | Департамент культуры | ГКУ НТУ | ФСО | ЦУКБ Министерство обороны | ГКУ Организатор перевозок | Министерство обороны РХБЗ | Министерство обороны РХБЗ | Депортамент гражданского строительства
3020500;;Взрыв транспорт;Транспорт общественный;;;Взрыв общественный транспорт;Взрыв транспортное средство;MCHS;Прочие взрывы;26;Классификатор МЧС | Классификатор МВД | Классификатор СМП | Классификатор СМП | ЦЭМП | ЦЭМП | ЦЭМП | ЦЭМП | Классификатор ФСБ | Мосгортранс | Гор. Хозяйство | ГОРМОСТ | ЦОДД | Департамент РБиПК             (ГКУ МОСБЕЗ) | Департамент РБиПК             (ГКУ МОСБЕЗ) | Аппарат МЭРА | ОАТИ | Росгвардия | Территориальные ОИВ | Территориальные ОИВ    ТиНАО | Департамент культуры | ГКУ НТУ | ФСО | ЦУКБ Министерство обороны | ГКУ Организатор перевозок | Депортамент гражданского строительства
3020501;;Взрыв транспорт;Транспорт общественный;Автобус, троллейбус, трамвай, маршрутка;;Взрыв общественный транспорт (ТС);Взрыв транспортное средство;MCHS;Прочие взрывы;26;Классификатор МЧС | Классификатор МВД | Классификатор СМП | Классификатор СМП | ЦЭМП | ЦЭМП | ЦЭМП | ЦЭМП | Классификатор ФСБ | Мосгортранс | Гор. Хозяйство | ГОРМОСТ | ЦОДД | Департамент РБиПК             (ГКУ МОСБЕЗ) | Департамент РБиПК             (ГКУ МОСБЕЗ) | Аппарат МЭРА | ОАТИ | Росгвардия | Территориальные ОИВ | Территориальные ОИВ    ТиНАО | Департамент культуры | ГКУ НТУ | ФСО | ЦУКБ Министерство обороны | ГКУ Организатор перевозок | Депортамент гражданского строительства
3020502;;Взрыв транспорт;Транспорт общественный;Автовокзал;;Взрыв автовокзал;Взрыв административное здание;MCHS;Прочие взрывы;27;Классификатор МЧС | Классификатор МВД | Классификатор СМП | Классификатор СМП | Классификатор МОСГАЗ | ЦЭМП | ЦЭМП | ЦЭМП | ЦЭМП | Классификатор ФСБ | Мосгортранс | Гор. Хозяйство | Мосводоканал | ОЭК | ЦОДД | Департамент РБиПК             (ГКУ МОСБЕЗ) | Департамент РБиПК             (ГКУ МОСБЕЗ) | Аппарат МЭРА | ОАТИ | Росгвардия | Территориальные ОИВ | Территориальные ОИВ    ТиНАО | Департамент культуры | ГКУ НТУ | ФСО | ГКУ Организатор перевозок | Депортамент гражданского строительства
3020503;;Взрыв транспорт;Транспорт общественный;Остановка / конечная станция;;Взрыв на остановке, конечной станции;взрыв;MCHS;Прочие взрывы;26;Классификатор МЧС | Классификатор МВД | Классификатор СМП | Классификатор СМП | Классификатор МОСГАЗ | ЦЭМП | ЦЭМП | ЦЭМП | ЦЭМП | Классификатор ФСБ | Мосгортранс | Гор. Хозяйство | ЦОДД | Департамент РБиПК             (ГКУ МОСБЕЗ) | Департамент РБиПК             (ГКУ МОСБЕЗ) | Аппарат МЭРА | ОАТИ | Росгвардия | Территориальные ОИВ | Территориальные ОИВ    ТиНАО | Департамент культуры | ГКУ НТУ | ФСО | ЦУКБ Министерство обороны | ГКУ Организатор перевозок | Депортамент гражданского строительства
3020600;;Взрыв транспорт;Мост эстакада подземный/ наземный переход тоннель;;;Взрыв транспорт мост (эстакада, подземный/ наземный переход, тоннель);Взрыв;MCHS;Прочие взрывы;31;Классификатор МЧС | Классификатор МВД | Классификатор СМП | Классификатор СМП | Классификатор МОСГАЗ | ЦЭМП | ЦЭМП | ЦЭМП | ЦЭМП | Классификатор ФСБ | Мосгортранс | Гор. Хозяйство | ГОРМОСТ | ГОРМОСТ | ГОРМОСТ | ГОРМОСТ | ЦОДД | Департамент РБиПК             (ГКУ МОСБЕЗ) | Департамент РБиПК             (ГКУ МОСБЕЗ) | Аппарат МЭРА | Москоллектор | ОАТИ | Росгвардия | Территориальные ОИВ | Территориальные ОИВ    ТиНАО | Департамент культуры | ГКУ НТУ | ФСО | ЦУКБ Министерство обороны | ГКУ Организатор перевозок | Депортамент гражданского строительства
3020700;;Взрыв транспорт;Улица;;;Взрыв транспорт на улице;Взрыв;MCHS;Прочие взрывы;26;Классификатор МЧС | Классификатор МВД | Классификатор СМП | Классификатор СМП | Классификатор МОСГАЗ | ЦЭМП | ЦЭМП | ЦЭМП | ЦЭМП | Классификатор ФСБ | Мосгортранс | Гор. Хозяйство | ЦОДД | Департамент РБиПК             (ГКУ МОСБЕЗ) | Департамент РБиПК             (ГКУ МОСБЕЗ) | Аппарат МЭРА | ОАТИ | Росгвардия | Территориальные ОИВ | Территориальные ОИВ    ТиНАО | Департамент культуры | ГКУ НТУ | ФСО | ЦУКБ Министерство обороны | ГКУ Организатор перевозок | Депортамент гражданского строительства
3020800;;Взрыв транспорт;Транспорт жд;;Опасный груз;Взрыв жд транспорт;Взрыв жд транспорт;MCHS;Прочие взрывы;29;Классификатор МЧС | Классификатор МВД | Классификатор СМП | Классификатор СМП | ЦЭМП | ЦЭМП | ЦЭМП | ЦЭМП | Классификатор ФСБ | Мосгортранс | Гор. Хозяйство | ГОРМОСТ | ЦОДД | Департамент РБиПК             (ГКУ МОСБЕЗ) | Департамент РБиПК             (ГКУ МОСБЕЗ) | Аппарат МЭРА | ОАТИ | Росгвардия | Территориальные ОИВ | Территориальные ОИВ    ТиНАО | Департамент культуры | ГКУ НТУ | ФСО | ЦУКБ Министерство обороны | ГКУ Организатор перевозок | ГПБУ Мосэкомониторинг | Министерство обороны РХБЗ | Министерство обороны РХБЗ | Депортамент гражданского строительства
3020801;;Взрыв транспорт;Транспорт жд;Пассажирский, грузовой;Опасный груз;Взрыв жд транспорт (состав);Взрыв жд транспорт;MCHS;Прочие взрывы;28;Классификатор МЧС | Классификатор МВД | Классификатор СМП | Классификатор СМП | ЦЭМП | ЦЭМП | ЦЭМП | ЦЭМП | Классификатор ФСБ | Мосгортранс | Гор. Хозяйство | ГОРМОСТ | ЦОДД | Департамент РБиПК             (ГКУ МОСБЕЗ) | Департамент РБиПК             (ГКУ МОСБЕЗ) | Аппарат МЭРА | ОАТИ | Росгвардия | Территориальные ОИВ | Территориальные ОИВ    ТиНАО | Департамент культуры | ГКУ НТУ | ФСО | ЦУКБ Министерство обороны | ГКУ Организатор перевозок | Министерство обороны РХБЗ | Министерство обороны РХБЗ | Депортамент гражданского строительства
3020802;;Взрыв транспорт;Транспорт жд;Вокзал жд платформа жд станция;Опасный груз;Взрыв вокзал платформа жд;Взрыв жд транспорт;MCHS;Прочие взрывы;29;Классификатор МЧС | Классификатор МВД | Классификатор СМП | Классификатор СМП | Классификатор МОСГАЗ | ЦЭМП | ЦЭМП | ЦЭМП | ЦЭМП | Классификатор ФСБ | Мосгортранс | Гор. Хозяйство | ГОРМОСТ | ЦОДД | Департамент РБиПК             (ГКУ МОСБЕЗ) | Департамент РБиПК             (ГКУ МОСБЕЗ) | Аппарат МЭРА | ОАТИ | Росгвардия | Территориальные ОИВ | Территориальные ОИВ    ТиНАО | Департамент культуры | ГКУ НТУ | ФСО | ЦУКБ Министерство обороны | ГКУ Организатор перевозок | Министерство обороны РХБЗ | Министерство обороны РХБЗ | Депортамент гражданского строительства
3020803;;Взрыв транспорт;Транспорт жд;жд пути депо;Опасный груз;Взрыв жд транспорт (пути, депо);Взрыв жд транспорт;MCHS;Прочие взрывы;29;Классификатор МЧС | Классификатор МВД | Классификатор СМП | Классификатор СМП | Классификатор МОСГАЗ | ЦЭМП | ЦЭМП | ЦЭМП | ЦЭМП | Классификатор ФСБ | Мосгортранс | Гор. Хозяйство | ГОРМОСТ | ЦОДД | Департамент РБиПК             (ГКУ МОСБЕЗ) | Департамент РБиПК             (ГКУ МОСБЕЗ) | Аппарат МЭРА | ОАТИ | Росгвардия | Территориальные ОИВ | Территориальные ОИВ    ТиНАО | Департамент культуры | ГКУ НТУ | ФСО | ЦУКБ Министерство обороны | ГКУ Организатор перевозок | Министерство обороны РХБЗ | Министерство обороны РХБЗ | Депортамент гражданского строительства
3020900;;Взрыв транспорт;Транспорт воздушный;;Опасный груз;Взрыв воздушный транспорт;Взрыв транспортное средство;MCHS;Прочие взрывы;26;Классификатор МЧС | Классификатор МВД | Классификатор СМП | Классификатор СМП | ЦЭМП | ЦЭМП | ЦЭМП | ЦЭМП | Классификатор ФСБ | Мосгортранс | Гор. Хозяйство | ЦОДД | Департамент РБиПК             (ГКУ МОСБЕЗ) | Департамент РБиПК             (ГКУ МОСБЕЗ) | Аппарат МЭРА | ОАТИ | Росгвардия | Территориальные ОИВ | Территориальные ОИВ    ТиНАО | Департамент культуры | ГКУ НТУ | ФСО | ЦУКБ Министерство обороны | Министерство обороны РХБЗ | Министерство обороны РХБЗ | Депортамент гражданского строительства
3020901;;Взрыв транспорт;Транспорт воздушный;Самолет, вертолет;Опасный груз;Взрыв воздушный транспорт (ТС);Взрыв транспортное средство;MCHS;Прочие взрывы;27;Классификатор МЧС | Классификатор МВД | Классификатор СМП | Классификатор СМП | ЦЭМП | ЦЭМП | ЦЭМП | ЦЭМП | Классификатор ФСБ | Мосгортранс | Гор. Хозяйство | ЦОДД | Департамент РБиПК             (ГКУ МОСБЕЗ) | Департамент РБиПК             (ГКУ МОСБЕЗ) | Аппарат МЭРА | ОАТИ | Росгвардия | Территориальные ОИВ | Территориальные ОИВ    ТиНАО | Департамент культуры | ГКУ НТУ | ФСО | ГУП МСР | ЦУКБ Министерство обороны | Министерство обороны РХБЗ | Министерство обороны РХБЗ | Депортамент гражданского строительства
3020902;;Взрыв транспорт;Транспорт воздушный;Аэропорт, взлетная полоса;Опасный груз;Взрыв Аэропорт;Взрыв;MCHS;Прочие взрывы;29;Классификатор МЧС | Классификатор МВД | Классификатор СМП | Классификатор СМП | Классификатор МОСГАЗ | ЦЭМП | ЦЭМП | ЦЭМП | ЦЭМП | Классификатор ФСБ | Классификатор Мособлгаз | Мосгортранс | Гор. Хозяйство | Мосводоканал | ЦОДД | Департамент РБиПК             (ГКУ МОСБЕЗ) | Департамент РБиПК             (ГКУ МОСБЕЗ) | Аппарат МЭРА | ОАТИ | Росгвардия | Территориальные ОИВ | Территориальные ОИВ    ТиНАО | Департамент культуры | ГКУ НТУ | ФСО | ГКУ Организатор перевозок | Министерство обороны РХБЗ | Министерство обороны РХБЗ | Депортамент гражданского строительства
3021000;;Взрыв транспорт;Транспорт водный;;Опасный груз;Взрыв водный транспорт;Взрыв транспортное средство;MCHS;Прочие взрывы;27;Классификатор МЧС | Классификатор МВД | Классификатор СМП | Классификатор СМП | ЦЭМП | ЦЭМП | ЦЭМП | ЦЭМП | Классификатор ФСБ | Мосгортранс | Гор. Хозяйство | ЦОДД | Департамент РБиПК             (ГКУ МОСБЕЗ) | Департамент РБиПК             (ГКУ МОСБЕЗ) | Аппарат МЭРА | ОАТИ | Росгвардия | Территориальные ОИВ | Территориальные ОИВ    ТиНАО | Департамент культуры | ГКУ НТУ | ФСО | ЦУКБ Министерство обороны | ГКУ Организатор перевозок | Министерство обороны РХБЗ | Министерство обороны РХБЗ | Депортамент гражданского строительства
3021001;;Взрыв транспорт;Транспорт водный;Пассажирский, грузовой;Опасный груз;Взрыв водный транспорт (судно);Взрыв транспортное средство;MCHS;Прочие взрывы;27;Классификатор МЧС | Классификатор МВД | Классификатор СМП | Классификатор СМП | ЦЭМП | ЦЭМП | ЦЭМП | ЦЭМП | Классификатор ФСБ | Мосгортранс | Гор. Хозяйство | ЦОДД | Департамент РБиПК             (ГКУ МОСБЕЗ) | Департамент РБиПК             (ГКУ МОСБЕЗ) | Аппарат МЭРА | ОАТИ | Росгвардия | Территориальные ОИВ | Территориальные ОИВ    ТиНАО | Департамент культуры | ГКУ НТУ | ФСО | ЦУКБ Министерство обороны | ГКУ Организатор перевозок | Министерство обороны РХБЗ | Министерство обороны РХБЗ | Депортамент гражданского строительства
3021002;;Взрыв транспорт;Транспорт водный;Порт, причал;Опасный груз;Взрыв порт /причал;Взрыв;MCHS;Прочие взрывы;30;Классификатор МЧС | Классификатор МВД | Классификатор СМП | Классификатор СМП | Классификатор МОСГАЗ | ЦЭМП | ЦЭМП | ЦЭМП | ЦЭМП | Классификатор ФСБ | Мосгортранс | Гор. Хозяйство | ГОРМОСТ | ЦОДД | Департамент РБиПК             (ГКУ МОСБЕЗ) | Департамент РБиПК             (ГКУ МОСБЕЗ) | Аппарат МЭРА | ОАТИ | Росгвардия | Территориальные ОИВ | Территориальные ОИВ    ТиНАО | Департамент культуры | ГКУ НТУ | ФСО | ЦУКБ Министерство обороны | ГКУ Организатор перевозок | ГКУ Организатор перевозок | Министерство обороны РХБЗ | Министерство обороны РХБЗ | Депортамент гражданского строительства
3021100;;Взрыв транспорт;Транспорт прочее;;Опасный груз;Взрыв транспорт прочее;Взрыв транспортное средство;MCHS;Прочие взрывы;28;Классификатор МЧС | Классификатор МВД | Классификатор СМП | Классификатор СМП | ЦЭМП | ЦЭМП | ЦЭМП | ЦЭМП | Классификатор ФСБ | Мосгортранс | Гор. Хозяйство | ГОРМОСТ | ЦОДД | Департамент РБиПК             (ГКУ МОСБЕЗ) | Департамент РБиПК             (ГКУ МОСБЕЗ) | Аппарат МЭРА | ОАТИ | Росгвардия | Территориальные ОИВ | Территориальные ОИВ    ТиНАО | Департамент культуры | ГКУ НТУ | ФСО | ЦУКБ Министерство обороны | ГКУ Организатор перевозок | Министерство обороны РХБЗ | Министерство обороны РХБЗ | Депортамент гражданского строительства
3030000;;Звуки похожие на взрыв, что взорвалось сообщить не может;;;;Звуки похожие на взрыв;Взрыв;MCHS;Прочие взрывы;22;Классификатор МЧС | Классификатор МВД | Классификатор СМП | ЦЭМП | ЦЭМП | ЦЭМП | ЦЭМП | Мосгортранс | Гор. Хозяйство | ЦОДД | Департамент РБиПК             (ГКУ МОСБЕЗ) | Департамент РБиПК             (ГКУ МОСБЕЗ) | Аппарат МЭРА | Росгвардия | Департамент культуры | ГКУ НТУ | ФСО | ДГП (Департамент градостроительной политики) | ДГП (Департамент градостроительной политики) | ЦУКБ Министерство обороны | ООО Ситиэнерго | Депортамент гражданского строительства
4010000;Угрозы взрывов и террористических актов;АЗС;;;;Угроза взрыва на АЗС;Угроза взрыва в общественном месте;MCHS;Угроза взрыва;24;Классификатор МЧС | Классификатор МВД | Классификатор СМП | Классификатор МОСГАЗ | ЦЭМП | ЦЭМП | ЦЭМП | ЦЭМП | ЦЭМП | Классификатор ФСБ | Мосгортранс | Гор. Хозяйство | ЦОДД | Департамент РБиПК             (ГКУ МОСБЕЗ) | Департамент РБиПК             (ГКУ МОСБЕЗ) | Аппарат МЭРА | Росгвардия | Территориальные ОИВ | Территориальные ОИВ    ТиНАО | Департамент культуры | ГКУ НТУ | ФСО | ГКУ Организатор перевозок | Депортамент гражданского строительства
4020000;;Аэропорт;;;;Угроза взрыва в аэропорту;Угроза взрыва в аэропорту;MCHS;Угроза взрыва;24;Классификатор МЧС | Классификатор МВД | Классификатор СМП | Классификатор МОСГАЗ | ЦЭМП | ЦЭМП | ЦЭМП | ЦЭМП | ЦЭМП | Классификатор ФСБ | Мосгортранс | Гор. Хозяйство | ЦОДД | Департамент РБиПК             (ГКУ МОСБЕЗ) | Департамент РБиПК             (ГКУ МОСБЕЗ) | Аппарат МЭРА | Росгвардия | Территориальные ОИВ | Территориальные ОИВ    ТиНАО | Департамент культуры | ГКУ НТУ | ФСО | ГКУ Организатор перевозок | Депортамент гражданского строительства
4030000;;Вокзал жд платформа жд переезд жд;;;;Угроза взрыва на вокзале, на ж/д платформе;Угроза взрыва на вокзале, на ж/д платформе;MCHS;Угроза взрыва;27;Классификатор МЧС | Классификатор МВД | Классификатор СМП | Классификатор МОСГАЗ | ЦЭМП | ЦЭМП | ЦЭМП | ЦЭМП | ЦЭМП | Классификатор ФСБ | Мосгортранс | Гор. Хозяйство | ГОРМОСТ | ЦОДД | Департамент РБиПК             (ГКУ МОСБЕЗ) | Департамент РБиПК             (ГКУ МОСБЕЗ) | Аппарат МЭРА | РЖД (МосковскаяЖД) | Росгвардия | Территориальные ОИВ | Территориальные ОИВ    ТиНАО | Департамент культуры | ГКУ НТУ | ФСО | ЦУКБ Министерство обороны | ГКУ Организатор перевозок | Депортамент гражданского строительства
4040000;;Транспорт воздушный;;;;Угроза взрыва на воздушном транспорте;Угроза взрыва в аэропорту;MCHS;Угроза взрыва;23;Классификатор МЧС | Классификатор МВД | Классификатор СМП | Классификатор МОСГАЗ | ЦЭМП | ЦЭМП | ЦЭМП | ЦЭМП | ЦЭМП | Классификатор ФСБ | Мосгортранс | Гор. Хозяйство | ЦОДД | Департамент РБиПК             (ГКУ МОСБЕЗ) | Департамент РБиПК             (ГКУ МОСБЕЗ) | Аппарат МЭРА | Росгвардия | Территориальные ОИВ | Территориальные ОИВ    ТиНАО | Департамент культуры | ГКУ НТУ | ФСО | Депортамент гражданского строительства
4050000;;Транспорт жд (вагон, поезд);;;;Угроза взрыва ж/д  транспорте;Угроза взрыва в вагоне поезда;MCHS;Угроза взрыва;26;Классификатор МЧС | Классификатор МВД | Классификатор СМП | Классификатор МОСГАЗ | ЦЭМП | ЦЭМП | ЦЭМП | ЦЭМП | ЦЭМП | Классификатор ФСБ | Мосгортранс | Гор. Хозяйство | ГОРМОСТ | ЦОДД | Департамент РБиПК             (ГКУ МОСБЕЗ) | Департамент РБиПК             (ГКУ МОСБЕЗ) | Аппарат МЭРА | РЖД (МосковскаяЖД) | Росгвардия | Территориальные ОИВ | Территориальные ОИВ    ТиНАО | Департамент культуры | ГКУ НТУ | ФСО | ЦУКБ Министерство обороны | Депортамент гражданского строительства
4060000;;Транспорт водный;;;;Угроза взрыва на водном транспорте;Угроза взрыва транспортное средство;MCHS;Угроза взрыва;25;Классификатор МЧС | Классификатор МВД | Классификатор СМП | ЦЭМП | ЦЭМП | ЦЭМП | ЦЭМП | ЦЭМП | Классификатор ФСБ | Мосгортранс | Гор. Хозяйство | ЦОДД | Департамент РБиПК             (ГКУ МОСБЕЗ) | Департамент РБиПК             (ГКУ МОСБЕЗ) | Аппарат МЭРА | Росгвардия | Территориальные ОИВ | Территориальные ОИВ    ТиНАО | Департамент культуры | ГКУ НТУ | ФСО | ЦУКБ Министерство обороны | ГКУ Организатор перевозок | ГКУ Организатор перевозок | Депортамент гражданского строительства
4070000;;Транспорт общественный;;;;Угроза взрыва на общественном транспорте;Угроза взрыва транспортное средство;MCHS;Угроза взрыва;25;Классификатор МЧС | Классификатор МВД | Классификатор СМП | ЦЭМП | ЦЭМП | ЦЭМП | ЦЭМП | ЦЭМП | Классификатор ФСБ | Мосгортранс | Гор. Хозяйство | ГОРМОСТ | ЦОДД | Департамент РБиПК             (ГКУ МОСБЕЗ) | Департамент РБиПК             (ГКУ МОСБЕЗ) | Аппарат МЭРА | Росгвардия | Территориальные ОИВ | Территориальные ОИВ    ТиНАО | Департамент культуры | ГКУ НТУ | ФСО | ЦУКБ Министерство обороны | ГКУ Организатор перевозок | Депортамент гражданского строительства
4080000;;Транспорт автомашина;;;;Угроза взрыва автомашина;Угроза взрыва транспортное средство;MCHS;Угроза взрыва;25;Классификатор МЧС | Классификатор МВД | Классификатор СМП | ЦЭМП | ЦЭМП | ЦЭМП | ЦЭМП | ЦЭМП | Классификатор ФСБ | Мосгортранс | Гор. Хозяйство | ГОРМОСТ | ЦОДД | Департамент РБиПК             (ГКУ МОСБЕЗ) | Департамент РБиПК             (ГКУ МОСБЕЗ) | Аппарат МЭРА | Росгвардия | Территориальные ОИВ | Территориальные ОИВ    ТиНАО | Департамент культуры | ГКУ НТУ | ФСО | ЦУКБ Министерство обороны | ГКУ Организатор перевозок | Депортамент гражданского строительства
4090000;;Транспорт прочее;;;;Угроза взрыва транспорт;Угроза взрыва транспортное средство;MCHS;Угроза взрыва;25;Классификатор МЧС | Классификатор МВД | Классификатор СМП | ЦЭМП | ЦЭМП | ЦЭМП | ЦЭМП | ЦЭМП | Классификатор ФСБ | Мосгортранс | Гор. Хозяйство | ГОРМОСТ | ЦОДД | Департамент РБиПК             (ГКУ МОСБЕЗ) | Департамент РБиПК             (ГКУ МОСБЕЗ) | Аппарат МЭРА | Росгвардия | Территориальные ОИВ | Территориальные ОИВ    ТиНАО | Департамент культуры | ГКУ НТУ | ФСО | ЦУКБ Министерство обороны | ГКУ Организатор перевозок | Депортамент гражданского строительства
4100000;;Метро (вагон, поезд);;;;Угроза взрыва в метро (вагон, поезд);Угроза взрыва в метро;MCHS;Угроза взрыва;25;Классификатор МЧС | Классификатор МВД | Классификатор СМП | Классификатор МОСГАЗ | ЦЭМП | ЦЭМП | ЦЭМП | ЦЭМП | ЦЭМП | Классификатор ФСБ | Мосгортранс | Гор. Хозяйство | Метро | ЦОДД | Департамент РБиПК             (ГКУ МОСБЕЗ) | Департамент РБиПК             (ГКУ МОСБЕЗ) | Аппарат МЭРА | Росгвардия | Территориальные ОИВ | Территориальные ОИВ    ТиНАО | Департамент культуры | ГКУ НТУ | ФСО | ЦУКБ Министерство обороны | Депортамент гражданского строительства
4110000;;Метро (станция, тоннель, переход);;;;Угроза взрыва в метро (станция, тоннель);Угроза взрыва в метро;MCHS;Угроза взрыва;26;Классификатор МЧС | Классификатор МВД | Классификатор СМП | Классификатор МОСГАЗ | ЦЭМП | ЦЭМП | ЦЭМП | ЦЭМП | ЦЭМП | Классификатор ФСБ | Мосгортранс | Гор. Хозяйство | Метро | ЦОДД | Департамент РБиПК             (ГКУ МОСБЕЗ) | Департамент РБиПК             (ГКУ МОСБЕЗ) | Аппарат МЭРА | Росгвардия | Территориальные ОИВ | Территориальные ОИВ    ТиНАО | Департамент строительства города Москвы | Департамент культуры | ГКУ НТУ | ФСО | ЦУКБ Министерство обороны | Депортамент гражданского строительства
4120000;;МЦК (вагон, поезд);;;;Угроза взрыва МЦК (вагон, поезд);Угроза взрыва в метро;MCHS;Угроза взрыва;27;Классификатор МЧС | Классификатор МВД | Классификатор СМП | Классификатор МОСГАЗ | ЦЭМП | ЦЭМП | ЦЭМП | ЦЭМП | ЦЭМП | Классификатор ФСБ | Мосгортранс | Гор. Хозяйство | Метро | ЦОДД | Департамент РБиПК             (ГКУ МОСБЕЗ) | Департамент РБиПК             (ГКУ МОСБЕЗ) | Аппарат МЭРА | РЖД (МосковскаяЖД) | Росгвардия | Территориальные ОИВ | Территориальные ОИВ    ТиНАО | Департамент строительства города Москвы | Департамент культуры | ГКУ НТУ | ФСО | ЦУКБ Министерство обороны | Депортамент гражданского строительства
4130000;;МЦК (станция, перегон, тоннель, переход);;;;Угроза взрыва МЦК (станция, перегон);Угроза взрыва в метро;MCHS;Угроза взрыва;27;Классификатор МЧС | Классификатор МВД | Классификатор СМП | Классификатор МОСГАЗ | ЦЭМП | ЦЭМП | ЦЭМП | ЦЭМП | ЦЭМП | Классификатор ФСБ | Мосгортранс | Гор. Хозяйство | Метро | ЦОДД | Департамент РБиПК             (ГКУ МОСБЕЗ) | Департамент РБиПК             (ГКУ МОСБЕЗ) | Аппарат МЭРА | РЖД (МосковскаяЖД) | Росгвардия | Территориальные ОИВ | Территориальные ОИВ    ТиНАО | Департамент строительства города Москвы | Департамент культуры | ГКУ НТУ | ФСО | ЦУКБ Министерство обороны | Депортамент гражданского строительства
4140000;;Дом частный;;;;Угроза взрыва в частном доме;Угроза взрыва в жилом секторе;MCHS;Угроза взрыва;23;Классификатор МЧС | Классификатор МВД | Классификатор СМП | Классификатор МОСГАЗ | ЦЭМП | ЦЭМП | ЦЭМП | ЦЭМП | ЦЭМП | Классификатор ФСБ | Мосгортранс | Гор. Хозяйство | ЦОДД | Департамент РБиПК             (ГКУ МОСБЕЗ) | Департамент РБиПК             (ГКУ МОСБЕЗ) | Аппарат МЭРА | Росгвардия | Территориальные ОИВ | Территориальные ОИВ    ТиНАО | Департамент культуры | ГКУ НТУ | ФСО | Депортамент гражданского строительства
4150000;;Дом многоквартирный;;;;Угроза взрыва в жилом доме;Угроза взрыва в жилом секторе;MCHS;Угроза взрыва;27;Классификатор МЧС | Классификатор МВД | Классификатор СМП | Классификатор МОСГАЗ | ЦЭМП | ЦЭМП | ЦЭМП | ЦЭМП | ЦЭМП | Классификатор ФСБ | Мосгортранс | Гор. Хозяйство | ЦОДД | Департамент РБиПК             (ГКУ МОСБЕЗ) | Департамент РБиПК             (ГКУ МОСБЕЗ) | Аппарат МЭРА | Росгвардия | Территориальные ОИВ | Территориальные ОИВ    ТиНАО | Мосжилинспекция | Департамент культуры | ГКУ НТУ | ФСО | ДГП (Департамент градостроительной политики) | ДГП (Департамент градостроительной политики) | ЦУКБ Министерство обороны | Депортамент гражданского строительства
4160000;;Общественное место;;;;Угроза взрыва в общественном месте;Угроза взрыва в общественном месте;MCHS;Угроза взрыва;27;Классификатор МЧС | Классификатор МВД | Классификатор СМП | Классификатор МОСГАЗ | ЦЭМП | ЦЭМП | ЦЭМП | ЦЭМП | ЦЭМП | Классификатор ФСБ | Мосгортранс | Гор. Хозяйство | ГОРМОСТ | ГОРМОСТ | ЦОДД | Департамент РБиПК             (ГКУ МОСБЕЗ) | Департамент РБиПК             (ГКУ МОСБЕЗ) | Аппарат МЭРА | ДТУ | Росгвардия | Территориальные ОИВ | Территориальные ОИВ    ТиНАО | Департамент культуры | ГКУ НТУ | ФСО | ЦУКБ Министерство обороны | Депортамент гражданского строительства
4170000;;Административное здание;;;;Угроза взрыва в административном здании;Угроза взрыва в общественном месте;MCHS;Угроза взрыва;26;Классификатор МЧС | Классификатор МВД | Классификатор СМП | Классификатор МОСГАЗ | ЦЭМП | ЦЭМП | ЦЭМП | ЦЭМП | ЦЭМП | Классификатор ФСБ | Мосгортранс | Гор. Хозяйство | ГОРМОСТ | ГОРМОСТ | ЦОДД | Департамент РБиПК             (ГКУ МОСБЕЗ) | Департамент РБиПК             (ГКУ МОСБЕЗ) | Аппарат МЭРА | Росгвардия | Территориальные ОИВ | Территориальные ОИВ    ТиНАО | Департамент культуры | ГКУ НТУ | ФСО | ЦУКБ Министерство обороны | Депортамент гражданского строительства
4180000;;Учебное заведение;;;;Угроза взрыва в учебном заведении;Угроза взрыва в учебном заведении;MCHS;Угроза взрыва;25;Классификатор МЧС | Классификатор МВД | Классификатор СМП | Классификатор МОСГАЗ | ЦЭМП | ЦЭМП | ЦЭМП | ЦЭМП | ЦЭМП | Классификатор ФСБ | Мосгортранс | Гор. Хозяйство | ЦОДД | Департамент РБиПК             (ГКУ МОСБЕЗ) | Департамент РБиПК             (ГКУ МОСБЕЗ) | Аппарат МЭРА | Департамент образования | Росгвардия | Территориальные ОИВ | Территориальные ОИВ    ТиНАО | Департамент культуры | ГКУ НТУ | ФСО | ЦУКБ Министерство обороны | Депортамент гражданского строительства
4190000;;Лечебное заведение;;;;Угроза взрыва в лечебном заведении;Угроза взрыва в общественном месте;MCHS;Угроза взрыва;24;Классификатор МЧС | Классификатор МВД | Классификатор СМП | Классификатор МОСГАЗ | ЦЭМП | ЦЭМП | ЦЭМП | ЦЭМП | ЦЭМП | Классификатор ФСБ | Мосгортранс | Гор. Хозяйство | ЦОДД | Департамент РБиПК             (ГКУ МОСБЕЗ) | Департамент РБиПК             (ГКУ МОСБЕЗ) | Аппарат МЭРА | Росгвардия | Территориальные ОИВ | Территориальные ОИВ    ТиНАО | Департамент культуры | ГКУ НТУ | ФСО | ЦУКБ Министерство обороны | Депортамент гражданского строительства
4200000;;Опасный объект производство;;;;Угроза взрыва на опасном объекте;Угроза взрыва в общественном месте;MCHS;Угроза взрыва;27;Классификатор МЧС | Классификатор МВД | Классификатор СМП | Классификатор МОСГАЗ | ЦЭМП | ЦЭМП | ЦЭМП | ЦЭМП | ЦЭМП | Классификатор ФСБ | Мосгортранс | Гор. Хозяйство | ЦОДД | Департамент РБиПК             (ГКУ МОСБЕЗ) | Департамент РБиПК             (ГКУ МОСБЕЗ) | Аппарат МЭРА | ДТУ | Росгвардия | Территориальные ОИВ | Территориальные ОИВ    ТиНАО | Департамент культуры | ГКУ НТУ | ФСО | Министерство обороны РХБЗ | Министерство обороны РХБЗ | ООО Ситиэнерго | Депортамент гражданского строительства
4210000;;Порт, причал;;;;Угроза взрыва порт, причал;Угроза взрыва в общественном месте;MCHS;Угроза взрыва;28;Классификатор МЧС | Классификатор МВД | Классификатор СМП | Классификатор МОСГАЗ | ЦЭМП | ЦЭМП | ЦЭМП | ЦЭМП | ЦЭМП | Классификатор ФСБ | Мосгортранс | Гор. Хозяйство | ГОРМОСТ | ГОРМОСТ | Канал имени Москвы | ЦОДД | Департамент РБиПК             (ГКУ МОСБЕЗ) | Департамент РБиПК             (ГКУ МОСБЕЗ) | Аппарат МЭРА | Росгвардия | Территориальные ОИВ | Территориальные ОИВ    ТиНАО | Департамент культуры | ГКУ НТУ | ФСО | ЦУКБ Министерство обороны | ГКУ Организатор перевозок | Депортамент гражданского строительства
4220000;;Газопровод газохранилище;;;;Угроза взрыва на газопроводе;Угроза взрыва в общественном месте;MCHS;Угроза взрыва;26;Классификатор МЧС | Классификатор МВД | Классификатор СМП | Классификатор МОСГАЗ | ЦЭМП | ЦЭМП | ЦЭМП | ЦЭМП | ЦЭМП | Классификатор ФСБ | Мосгортранс | Гор. Хозяйство | ГОРМОСТ | ГОРМОСТ | ЦОДД | Департамент РБиПК             (ГКУ МОСБЕЗ) | Департамент РБиПК             (ГКУ МОСБЕЗ) | Аппарат МЭРА | Росгвардия | Территориальные ОИВ | Территориальные ОИВ    ТиНАО | Департамент культуры | ГКУ НТУ | ФСО | ООО Ситиэнерго | Депортамент гражданского строительства
4230000;;Нефтепровод нефтехранилище;;;;Угроза взрыва на нефтепроводе;Угроза взрыва в общественном месте;MCHS;Угроза взрыва;25;Классификатор МЧС | Классификатор МВД | Классификатор СМП | Классификатор МОСГАЗ | ЦЭМП | ЦЭМП | ЦЭМП | ЦЭМП | ЦЭМП | Классификатор ФСБ | Мосгортранс | Гор. Хозяйство | ГОРМОСТ | ГОРМОСТ | ЦОДД | Департамент РБиПК             (ГКУ МОСБЕЗ) | Департамент РБиПК             (ГКУ МОСБЕЗ) | Аппарат МЭРА | Росгвардия | Территориальные ОИВ | Территориальные ОИВ    ТиНАО | Департамент культуры | ГКУ НТУ | ФСО | Депортамент гражданского строительства
4240000;;Коммуникации подземные наземные / Колодцы люки шахты;;;;Угроза взрыва в коммуникациях;Угроза взрыва в общественном месте;MCHS;Угроза взрыва;26;Классификатор МЧС | Классификатор МВД | Классификатор СМП | Классификатор МОСГАЗ | ЦЭМП | ЦЭМП | ЦЭМП | ЦЭМП | ЦЭМП | Классификатор ФСБ | Мосгортранс | Гор. Хозяйство | ГОРМОСТ | ГОРМОСТ | ЦОДД | Департамент РБиПК             (ГКУ МОСБЕЗ) | Департамент РБиПК             (ГКУ МОСБЕЗ) | Аппарат МЭРА | Москоллектор | Росгвардия | Территориальные ОИВ | Территориальные ОИВ    ТиНАО | Департамент культуры | ГКУ НТУ | ФСО | Депортамент гражданского строительства
4250000;;Гидросооружения;;;;Угроза взрыва гидросооружение;Угроза взрыва в общественном месте;MCHS;Угроза взрыва;26;Классификатор МЧС | Классификатор МВД | Классификатор СМП | Классификатор МОСГАЗ | ЦЭМП | ЦЭМП | ЦЭМП | ЦЭМП | ЦЭМП | Классификатор ФСБ | Мосгортранс | Гор. Хозяйство | ГОРМОСТ | ГОРМОСТ | Канал имени Москвы | ЦОДД | Департамент РБиПК             (ГКУ МОСБЕЗ) | Департамент РБиПК             (ГКУ МОСБЕЗ) | Аппарат МЭРА | Росгвардия | Территориальные ОИВ | Территориальные ОИВ    ТиНАО | Департамент культуры | ГКУ НТУ | ФСО | Депортамент гражданского строительства
4260000;;Мост эстакада подземный наземный переход тоннель;;;;Угроза взрыва мост эстакада подземный переход тоннель;Угроза взрыва в общественном месте;MCHS;Угроза взрыва;27;Классификатор МЧС | Классификатор МВД | Классификатор СМП | Классификатор МОСГАЗ | ЦЭМП | ЦЭМП | ЦЭМП | ЦЭМП | ЦЭМП | Классификатор ФСБ | Мосгортранс | Гор. Хозяйство | ГОРМОСТ | ГОРМОСТ | ЦОДД | Департамент РБиПК             (ГКУ МОСБЕЗ) | Департамент РБиПК             (ГКУ МОСБЕЗ) | Аппарат МЭРА | Москоллектор | Росгвардия | Территориальные ОИВ | Территориальные ОИВ    ТиНАО | Департамент культуры | ГКУ НТУ | ФСО | ЦУКБ Министерство обороны | Депортамент гражданского строительства
4270000;;Прочие объекты;;;;Угроза взрыва прочие объекты;Угроза взрыва;MCHS;Угроза взрыва;29;Классификатор МЧС | Классификатор МВД | Классификатор СМП | Классификатор МОСГАЗ | ЦЭМП | ЦЭМП | ЦЭМП | ЦЭМП | ЦЭМП | Классификатор ФСБ | Мосгортранс | Гор. Хозяйство | ГОРМОСТ | ГОРМОСТ | ЦОДД | Департамент РБиПК             (ГКУ МОСБЕЗ) | Департамент РБиПК             (ГКУ МОСБЕЗ) | Аппарат МЭРА | Москоллектор | Департамент образования | ДТУ | Росгвардия | Территориальные ОИВ | Территориальные ОИВ    ТиНАО | Департамент культуры | ГКУ НТУ | ФСО | ООО Ситиэнерго | Депортамент гражданского строительства
4280000;;Угроза в адрес власти, представителей власти;;;;Угроза в адрес власти;Угроза  террористического акта;MCHS;Угроза взрыва;30;Классификатор МЧС | Классификатор МВД | Классификатор СМП | Классификатор МОСГАЗ | ЦЭМП | ЦЭМП | ЦЭМП | ЦЭМП | ЦЭМП | Классификатор ФСБ | Мосгортранс | Гор. Хозяйство | ГОРМОСТ | ГОРМОСТ | ГОРМОСТ | Канал имени Москвы | МГТС | ЦОДД | Департамент РБиПК             (ГКУ МОСБЕЗ) | Департамент РБиПК             (ГКУ МОСБЕЗ) | Аппарат МЭРА | Военная комендатура | Росгвардия | Территориальные ОИВ | Территориальные ОИВ    ТиНАО | Департамент культуры | ГКУ НТУ | ФСО | ЦУКБ Министерство обороны | Депортамент гражданского строительства
4290000;;Угроза террористического акта (cообщение без адреса или вида объекта);;;;Угроза террористического акта без указания адреса или вида объекта;Угроза террористического акта;MCHS;Угроза взрыва;32;Классификатор МЧС | Классификатор МВД | Классификатор СМП | Классификатор МОСГАЗ | ЦЭМП | ЦЭМП | ЦЭМП | ЦЭМП | ЦЭМП | Классификатор ФСБ | Мосгортранс | Гор. Хозяйство | ГОРМОСТ | ГОРМОСТ | ГОРМОСТ | Канал имени Москвы | МГТС | ЦОДД | Департамент РБиПК             (ГКУ МОСБЕЗ) | Департамент РБиПК             (ГКУ МОСБЕЗ) | Аппарат МЭРА | Военная комендатура | ДТУ | Росгвардия | Территориальные ОИВ | Территориальные ОИВ    ТиНАО | Департамент культуры | ГКУ НТУ | ФСО | ЦУКБ Министерство обороны | ООО Ситиэнерго | Депортамент гражданского строительства
5010100;;Аэропорт;Объект-полностью;;;Обрушение Аэропорт;Обрушение производственных зданий и сооружений;MCHS;Обрушение производственных зданий и сооружений;31;Классификатор МЧС | Классификатор МЧС | Классификатор МВД | Классификатор СМП | Классификатор СМП | Классификатор МОСГАЗ | ЦЭМП | ЦЭМП | ЦЭМП | ЦЭМП | ЦЭМП | Классификатор ФСБ | Мосгортранс | Гор. Хозяйство | МГТС | Мосводоканал | ОЭК | ЦОДД | Департамент РБиПК             (ГКУ МОСБЕЗ) | Департамент РБиПК             (ГКУ МОСБЕЗ) | Аппарат МЭРА | Москоллектор | ОАТИ | Росгвардия | Территориальные ОИВ | Территориальные ОИВ    ТиНАО | Департамент строительства города Москвы | Департамент культуры | ГКУ НТУ | ФСО | ГКУ Организатор перевозок
5010200;;Аэропорт;Элементы конструкции здания Кровля крыша фасад балкон;;;Обрушение Аэропорт элементы;Обрушение наземных элементов зданий;MCHS;Обрушение наземных элементов зданий;26;Классификатор МЧС | Классификатор МЧС | Классификатор МВД | Классификатор СМП | Классификатор МОСГАЗ | ЦЭМП | ЦЭМП | ЦЭМП | ЦЭМП | Мосгортранс | Гор. Хозяйство | Мосводоканал | ОЭК | ЦОДД | Департамент РБиПК             (ГКУ МОСБЕЗ) | Департамент РБиПК             (ГКУ МОСБЕЗ) | Аппарат МЭРА | ОАТИ | Росгвардия | Территориальные ОИВ | Территориальные ОИВ    ТиНАО | Департамент строительства города Москвы | Департамент культуры | ГКУ НТУ | ФСО | ГКУ Организатор перевозок
5020100;;Вокзал жд платформа жд;Объект-полностью;;;Обрушение жд вокзал платформа;Обрушение производственных зданий и сооружений;MCHS;Обрушение производственных зданий и сооружений;32;Классификатор МЧС | Классификатор МЧС | Классификатор МВД | Классификатор СМП | Классификатор СМП | Классификатор МОСГАЗ | ЦЭМП | ЦЭМП | ЦЭМП | ЦЭМП | ЦЭМП | Классификатор ФСБ | Мосгортранс | Гор. Хозяйство | МГТС | Мосводоканал | ОЭК | ЦОДД | Департамент РБиПК             (ГКУ МОСБЕЗ) | Департамент РБиПК             (ГКУ МОСБЕЗ) | Аппарат МЭРА | РЖД (МосковскаяЖД) | ОАТИ | Росгвардия | Территориальные ОИВ | Территориальные ОИВ    ТиНАО | Департамент строительства города Москвы | Департамент культуры | ГКУ НТУ | ФСО | ЦУКБ Министерство обороны | ГКУ Организатор перевозок
5020200;;Вокзал жд платформа жд;Элементы конструкции здания Кровля крыша фасад балкон;;;Обрушение жд вокзал платформа элементы;Обрушение наземных элементов зданий;MCHS;Обрушение наземных элементов зданий;28;Классификатор МЧС | Классификатор МЧС | Классификатор МВД | Классификатор СМП | Классификатор МОСГАЗ | ЦЭМП | ЦЭМП | ЦЭМП | ЦЭМП | Мосгортранс | Гор. Хозяйство | Мосводоканал | ОЭК | ЦОДД | Департамент РБиПК             (ГКУ МОСБЕЗ) | Департамент РБиПК             (ГКУ МОСБЕЗ) | Аппарат МЭРА | РЖД (МосковскаяЖД) | ОАТИ | Росгвардия | Территориальные ОИВ | Территориальные ОИВ    ТиНАО | Департамент строительства города Москвы | Департамент культуры | ГКУ НТУ | ФСО | ЦУКБ Министерство обороны | ГКУ Организатор перевозок
5030100;;Метро (станция, тоннель, переход, эскалатор);Объект-полностью;;;Обрушение метро;Обрушение производственных зданий и сооружений;MCHS;Обрушение производственных зданий и сооружений;37;Классификатор МЧС | Классификатор МЧС | Классификатор МВД | Классификатор СМП | Классификатор СМП | Классификатор МОСГАЗ | ЦЭМП | ЦЭМП | ЦЭМП | ЦЭМП | ЦЭМП | Классификатор ФСБ | Мосгортранс | Мосгортранс | Гор. Хозяйство | МГТС | Метро | Мосводоканал | ОЭК | ЦОДД | Департамент РБиПК             (ГКУ МОСБЕЗ) | Департамент РБиПК             (ГКУ МОСБЕЗ) | Аппарат МЭРА | ОАТИ | Росгвардия | Территориальные ОИВ | Территориальные ОИВ    ТиНАО | Департамент строительства города Москвы | Департамент культуры | ГКУ НТУ | ФСО | ДГП (Департамент градостроительной политики) | ДГП (Департамент градостроительной политики) | ЦУКБ Министерство обороны | ГКУ Организатор перевозок | ГКУ Организатор перевозок | Депортамент гражданского строительства
5030200;;Метро;Элементы конструкции здания Кровля крыша фасад балкон;;;Обрушение метро элементы;Обрушение наземных элементов зданий;MCHS;Обрушение наземных элементов зданий;33;Классификатор МЧС | Классификатор МЧС | Классификатор МВД | Классификатор СМП | Классификатор МОСГАЗ | ЦЭМП | ЦЭМП | ЦЭМП | ЦЭМП | Мосгортранс | Мосгортранс | Гор. Хозяйство | Метро | Мосводоканал | ОЭК | ЦОДД | Департамент РБиПК             (ГКУ МОСБЕЗ) | Департамент РБиПК             (ГКУ МОСБЕЗ) | Аппарат МЭРА | ОАТИ | Росгвардия | Территориальные ОИВ | Территориальные ОИВ    ТиНАО | Департамент строительства города Москвы | Департамент культуры | ГКУ НТУ | ФСО | ДГП (Департамент градостроительной политики) | ДГП (Департамент градостроительной политики) | ЦУКБ Министерство обороны | ГКУ Организатор перевозок | ГКУ Организатор перевозок | Депортамент гражданского строительства
5040100;;МЦК (станция, тоннель, переход, эскалатор);Объект-полностью;;;Обрушение МЦК;Обрушение производственных зданий и сооружений;MCHS;Обрушение производственных зданий и сооружений;34;Классификатор МЧС | Классификатор МЧС | Классификатор МВД | Классификатор СМП | Классификатор СМП | Классификатор МОСГАЗ | ЦЭМП | ЦЭМП | ЦЭМП | ЦЭМП | ЦЭМП | Классификатор ФСБ | Мосгортранс | Мосгортранс | Гор. Хозяйство | МГТС | Метро | Мосводоканал | ОЭК | ЦОДД | Департамент РБиПК             (ГКУ МОСБЕЗ) | Департамент РБиПК             (ГКУ МОСБЕЗ) | Аппарат МЭРА | РЖД (МосковскаяЖД) | ОАТИ | Росгвардия | Территориальные ОИВ | Территориальные ОИВ    ТиНАО | Департамент строительства города Москвы | Департамент культуры | ГКУ НТУ | ФСО | ЦУКБ Министерство обороны | ГКУ Организатор перевозок
5040200;;МЦК;Элементы конструкции здания Кровля крыша фасад балкон;;;Обрушение МЦК элементы;Обрушение наземных элементов зданий;MCHS;Обрушение наземных элементов зданий;30;Классификатор МЧС | Классификатор МЧС | Классификатор МВД | Классификатор СМП | Классификатор МОСГАЗ | ЦЭМП | ЦЭМП | ЦЭМП | ЦЭМП | Мосгортранс | Мосгортранс | Гор. Хозяйство | Метро | Мосводоканал | ОЭК | ЦОДД | Департамент РБиПК             (ГКУ МОСБЕЗ) | Департамент РБиПК             (ГКУ МОСБЕЗ) | Аппарат МЭРА | РЖД (МосковскаяЖД) | ОАТИ | Росгвардия | Территориальные ОИВ | Территориальные ОИВ    ТиНАО | Департамент строительства города Москвы | Департамент культуры | ГКУ НТУ | ФСО | ЦУКБ Министерство обороны | ГКУ Организатор перевозок
5050100;;Дом частный;Объект-полностью;;;Обрушение частный дом;Обрушение жилых зданий;MCHS;Обрушение жилых зданий;24;Классификатор МЧС | Классификатор МЧС | Классификатор МВД | Классификатор СМП | Классификатор СМП | Классификатор МОСГАЗ | ЦЭМП | Классификатор ФСБ | Мосгортранс | Гор. Хозяйство | Мосводоканал | ЦОДД | Департамент РБиПК             (ГКУ МОСБЕЗ) | Департамент РБиПК             (ГКУ МОСБЕЗ) | Аппарат МЭРА | ОАТИ | Росгвардия | Территориальные ОИВ | Территориальные ОИВ    ТиНАО | Департамент культуры | ГКУ НТУ | ФСО | ГКУ Организатор перевозок | Депортамент гражданского строительства
5050200;;Дом частный;Элементы конструкции здания Кровля крыша фасад балкон;;;Обрушение частный дом элементы;Обрушение наземных элементов зданий;MCHS;Обрушение наземных элементов зданий;25;Классификатор МЧС | Классификатор МЧС | Классификатор МВД | Классификатор СМП | Классификатор МОСГАЗ | ЦЭМП | ЦЭМП | ЦЭМП | ЦЭМП | Мосгортранс | Гор. Хозяйство | Мосводоканал | ЦОДД | Департамент РБиПК             (ГКУ МОСБЕЗ) | Департамент РБиПК             (ГКУ МОСБЕЗ) | Аппарат МЭРА | ОАТИ | Росгвардия | Территориальные ОИВ | Территориальные ОИВ    ТиНАО | Департамент культуры | ГКУ НТУ | ФСО | ГКУ Организатор перевозок | Депортамент гражданского строительства
5060100;;Дом многоквартирный;Объект-полностью;;;Обрушение многоквартирный дом;Обрушение жилых зданий;MCHS;Обрушение жилых зданий;31;Классификатор МЧС | Классификатор МЧС | Классификатор МВД | Классификатор СМП | Классификатор СМП | Классификатор МОСГАЗ | Классификатор МОСГАЗ | ЦЭМП | Классификатор ФСБ | Мосгортранс | Гор. Хозяйство | Мосводоканал | ОЭК | ЦОДД | Департамент РБиПК             (ГКУ МОСБЕЗ) | Департамент РБиПК             (ГКУ МОСБЕЗ) | Аппарат МЭРА | ОАТИ | Росгвардия | Территориальные ОИВ | Территориальные ОИВ    ТиНАО | Департамент строительства города Москвы | Мосжилинспекция | Департамент культуры | ГКУ НТУ | ФСО | ДГП (Департамент градостроительной политики) | ДГП (Департамент градостроительной политики) | ЦУКБ Министерство обороны | ГКУ Организатор перевозок | Депортамент гражданского строительства
5060200;;Дом многоквартирный;Элементы конструкции здания Кровля крыша фасад балкон;;;Обрушение многоквартирный дом элементы;Обрушение наземных элементов зданий;MCHS;Обрушение наземных элементов зданий;31;Классификатор МЧС | Классификатор МЧС | Классификатор МВД | Классификатор СМП | Классификатор МОСГАЗ | ЦЭМП | ЦЭМП | ЦЭМП | ЦЭМП | Мосгортранс | Гор. Хозяйство | Мосводоканал | ОЭК | ЦОДД | Департамент РБиПК             (ГКУ МОСБЕЗ) | Департамент РБиПК             (ГКУ МОСБЕЗ) | Аппарат МЭРА | ОАТИ | Росгвардия | Территориальные ОИВ | Территориальные ОИВ    ТиНАО | Департамент строительства города Москвы | Мосжилинспекция | Департамент культуры | ГКУ НТУ | ФСО | ДГП (Департамент градостроительной политики) | ДГП (Департамент градостроительной политики) | ЦУКБ Министерство обороны | ГКУ Организатор перевозок | Депортамент гражданского строительства
5070100;;Общественное место административное здание;Объект-полностью;;;Обрушение общественное, административное здание;Обрушение жилых зданий;MCHS;Обрушение жилых зданий;27;Классификатор МЧС | Классификатор МЧС | Классификатор МВД | Классификатор СМП | Классификатор СМП | Классификатор МОСГАЗ | ЦЭМП | Классификатор ФСБ | Мосгортранс | Гор. Хозяйство | Мосводоканал | ОЭК | ЦОДД | Департамент РБиПК             (ГКУ МОСБЕЗ) | Департамент РБиПК             (ГКУ МОСБЕЗ) | Аппарат МЭРА | ОАТИ | Росгвардия | Территориальные ОИВ | Территориальные ОИВ    ТиНАО | Департамент строительства города Москвы | Департамент культуры | ГКУ НТУ | ФСО | ЦУКБ Министерство обороны | ГКУ Организатор перевозок | Депортамент гражданского строительства
5070200;;Общественное место административное здание;Элементы конструкции здания Кровля крыша фасад балкон;;;Обрушение общественное, административное здание элементы;Обрушение наземных элементов зданий;MCHS;Обрушение наземных элементов зданий;28;Классификатор МЧС | Классификатор МЧС | Классификатор МВД | Классификатор СМП | Классификатор МОСГАЗ | ЦЭМП | ЦЭМП | ЦЭМП | ЦЭМП | Мосгортранс | Гор. Хозяйство | Мосводоканал | ОЭК | ЦОДД | Департамент РБиПК             (ГКУ МОСБЕЗ) | Департамент РБиПК             (ГКУ МОСБЕЗ) | Аппарат МЭРА | ОАТИ | Росгвардия | Территориальные ОИВ | Территориальные ОИВ    ТиНАО | Департамент строительства города Москвы | Департамент культуры | ГКУ НТУ | ФСО | ЦУКБ Министерство обороны | ГКУ Организатор перевозок | Депортамент гражданского строительства
5080100;;Учебное заведение;Объект-полностью;;;Обрушение учебное заведение;Обрушение жилых зданий;MCHS;Обрушение жилых зданий;29;Классификатор МЧС | Классификатор МЧС | Классификатор МВД | Классификатор СМП | Классификатор СМП | Классификатор МОСГАЗ | ЦЭМП | Классификатор ФСБ | Мосгортранс | Гор. Хозяйство | Мосводоканал | ОЭК | ЦОДД | Департамент РБиПК             (ГКУ МОСБЕЗ) | Департамент РБиПК             (ГКУ МОСБЕЗ) | Аппарат МЭРА | ОАТИ | Росгвардия | Территориальные ОИВ | Территориальные ОИВ    ТиНАО | Департамент строительства города Москвы | Департамент культуры | ГКУ НТУ | ФСО | ДГП (Департамент градостроительной политики) | ДГП (Департамент градостроительной политики) | ЦУКБ Министерство обороны | ГКУ Организатор перевозок | Депортамент гражданского строительства
5080200;;Учебное заведение;Элементы конструкции здания Кровля крыша фасад балкон;;;Обрушение учебное заведение элементы;Обрушение наземных элементов зданий;MCHS;Обрушение наземных элементов зданий;30;Классификатор МЧС | Классификатор МЧС | Классификатор МВД | Классификатор СМП | Классификатор МОСГАЗ | ЦЭМП | ЦЭМП | ЦЭМП | ЦЭМП | Мосгортранс | Гор. Хозяйство | Мосводоканал | ОЭК | ЦОДД | Департамент РБиПК             (ГКУ МОСБЕЗ) | Департамент РБиПК             (ГКУ МОСБЕЗ) | Аппарат МЭРА | ОАТИ | Росгвардия | Территориальные ОИВ | Территориальные ОИВ    ТиНАО | Департамент строительства города Москвы | Департамент культуры | ГКУ НТУ | ФСО | ДГП (Департамент градостроительной политики) | ДГП (Департамент градостроительной политики) | ЦУКБ Министерство обороны | ГКУ Организатор перевозок | Депортамент гражданского строительства
5090100;;Лечебное заведение;Объект-полностью;;;Обрушение лечебное заведение;Обрушение жилых зданий;MCHS;Обрушение жилых зданий;29;Классификатор МЧС | Классификатор МЧС | Классификатор МВД | Классификатор СМП | Классификатор СМП | Классификатор МОСГАЗ | ЦЭМП | Классификатор ФСБ | Мосгортранс | Гор. Хозяйство | Мосводоканал | ОЭК | ЦОДД | Департамент РБиПК             (ГКУ МОСБЕЗ) | Департамент РБиПК             (ГКУ МОСБЕЗ) | Аппарат МЭРА | ОАТИ | Росгвардия | Территориальные ОИВ | Территориальные ОИВ    ТиНАО | Департамент строительства города Москвы | Департамент культуры | ГКУ НТУ | ФСО | ДГП (Департамент градостроительной политики) | ДГП (Департамент градостроительной политики) | ЦУКБ Министерство обороны | ГКУ Организатор перевозок | Депортамент гражданского строительства
5090200;;Лечебное заведение;Элементы конструкции здания Кровля крыша фасад балкон;;;Обрушение лечебное заведение элементы;Обрушение наземных элементов зданий;MCHS;Обрушение наземных элементов зданий;30;Классификатор МЧС | Классификатор МЧС | Классификатор МВД | Классификатор СМП | Классификатор МОСГАЗ | ЦЭМП | ЦЭМП | ЦЭМП | ЦЭМП | Мосгортранс | Гор. Хозяйство | Мосводоканал | ОЭК | ЦОДД | Департамент РБиПК             (ГКУ МОСБЕЗ) | Департамент РБиПК             (ГКУ МОСБЕЗ) | Аппарат МЭРА | ОАТИ | Росгвардия | Территориальные ОИВ | Территориальные ОИВ    ТиНАО | Департамент строительства города Москвы | Департамент культуры | ГКУ НТУ | ФСО | ДГП (Департамент градостроительной политики) | ДГП (Департамент градостроительной политики) | ЦУКБ Министерство обороны | ГКУ Организатор перевозок | Депортамент гражданского строительства
5100100;;Опасный объект производство;Объект-полностью;;;Обрушение опсный объект, производство;Обрушение производственных зданий и сооружений;MCHS;Обрушение производственных зданий и сооружений;34;Классификатор МЧС | Классификатор МЧС | Классификатор МВД | Классификатор СМП | Классификатор МОСГАЗ | ЦЭМП | ЦЭМП | ЦЭМП | ЦЭМП | ЦЭМП | Классификатор ФСБ | Мосгортранс | Гор. Хозяйство | МГТС | Мосводоканал | ОЭК | ЦОДД | Департамент РБиПК             (ГКУ МОСБЕЗ) | Департамент РБиПК             (ГКУ МОСБЕЗ) | Аппарат МЭРА | ОАТИ | Росгвардия | Территориальные ОИВ | Территориальные ОИВ    ТиНАО | Департамент строительства города Москвы | Департамент культуры | ГКУ НТУ | ФСО | ГКУ Организатор перевозок | ГПБУ Мосэкомониторинг | Министерство обороны РХБЗ | Министерство обороны РХБЗ | ООО Ситиэнерго | Депортамент гражданского строительства
5100200;;Опасный объект производство;Элементы конструкции здания Кровля крыша фасад балкон;;;Обрушение опасный объект, производство элементы;Обрушение наземных элементов зданий;MCHS;Обрушение наземных элементов зданий;33;Классификатор МЧС | Классификатор МЧС | Классификатор МВД | Классификатор СМП | Классификатор МОСГАЗ | Классификатор МОСГАЗ | ЦЭМП | ЦЭМП | ЦЭМП | ЦЭМП | Мосгортранс | Гор. Хозяйство | Мосводоканал | ОЭК | ЦОДД | Департамент РБиПК             (ГКУ МОСБЕЗ) | Департамент РБиПК             (ГКУ МОСБЕЗ) | Аппарат МЭРА | ОАТИ | ДТУ | Росгвардия | Территориальные ОИВ | Территориальные ОИВ    ТиНАО | Департамент строительства города Москвы | Департамент культуры | ГКУ НТУ | ФСО | ГКУ Организатор перевозок | ГПБУ Мосэкомониторинг | Министерство обороны РХБЗ | Министерство обороны РХБЗ | ООО Ситиэнерго | Депортамент гражданского строительства
5110100;;Газопровод газохранилище;Объект-полностью;;;Обрушение газопровод;Обрушение производственных зданий и сооружений;MCHS;Обрушение производственных зданий и сооружений;30;Классификатор МЧС | Классификатор МЧС | Классификатор МВД | Классификатор СМП | Классификатор МОСГАЗ | ЦЭМП | ЦЭМП | ЦЭМП | ЦЭМП | ЦЭМП | Классификатор ФСБ | Мосгортранс | Гор. Хозяйство | МГТС | Мосводоканал | ЦОДД | Департамент РБиПК             (ГКУ МОСБЕЗ) | Департамент РБиПК             (ГКУ МОСБЕЗ) | Аппарат МЭРА | Москоллектор | ОАТИ | Росгвардия | Территориальные ОИВ | Территориальные ОИВ    ТиНАО | Департамент культуры | ГКУ НТУ | ФСО | ГКУ Организатор перевозок | ГПБУ Мосэкомониторинг | ООО Ситиэнерго
5110200;;Газопровод газохранилище;Элементы конструкции здания;;;Обрушение газопровод элементы;Обрушение производственных зданий и сооружений;MCHS;Обрушение производственных зданий и сооружений;29;Классификатор МЧС | Классификатор МЧС | Классификатор МВД | Классификатор СМП | Классификатор МОСГАЗ | ЦЭМП | ЦЭМП | ЦЭМП | ЦЭМП | ЦЭМП | Классификатор ФСБ | Мосгортранс | Гор. Хозяйство | МГТС | Мосводоканал | ЦОДД | Департамент РБиПК             (ГКУ МОСБЕЗ) | Департамент РБиПК             (ГКУ МОСБЕЗ) | Аппарат МЭРА | ОАТИ | Росгвардия | Территориальные ОИВ | Территориальные ОИВ    ТиНАО | Департамент культуры | ГКУ НТУ | ФСО | ГКУ Организатор перевозок | ГПБУ Мосэкомониторинг | ООО Ситиэнерго
5120100;;Нефтепровод нефтехранилище;Объект-полностью;;;Обрушение нефтепровод;Обрушение производственных зданий и сооружений;MCHS;Обрушение производственных зданий и сооружений;28;Классификатор МЧС | Классификатор МЧС | Классификатор МВД | Классификатор СМП | Классификатор МОСГАЗ | ЦЭМП | ЦЭМП | ЦЭМП | ЦЭМП | ЦЭМП | Классификатор ФСБ | Мосгортранс | Гор. Хозяйство | МГТС | Мосводоканал | ЦОДД | Департамент РБиПК             (ГКУ МОСБЕЗ) | Департамент РБиПК             (ГКУ МОСБЕЗ) | Аппарат МЭРА | ОАТИ | Росгвардия | Территориальные ОИВ | Территориальные ОИВ    ТиНАО | Департамент культуры | ГКУ НТУ | ФСО | ГКУ Организатор перевозок | ГПБУ Мосэкомониторинг
5120200;;Нефтепровод нефтехранилище;Элементы конструкции здания;;;Обрушение нефтепровод элементы;Обрушение производственных зданий и сооружений;MCHS;Обрушение производственных зданий и сооружений;28;Классификатор МЧС | Классификатор МЧС | Классификатор МВД | Классификатор СМП | Классификатор МОСГАЗ | ЦЭМП | ЦЭМП | ЦЭМП | ЦЭМП | ЦЭМП | Классификатор ФСБ | Мосгортранс | Гор. Хозяйство | МГТС | Мосводоканал | ЦОДД | Департамент РБиПК             (ГКУ МОСБЕЗ) | Департамент РБиПК             (ГКУ МОСБЕЗ) | Аппарат МЭРА | ОАТИ | Росгвардия | Территориальные ОИВ | Территориальные ОИВ    ТиНАО | Департамент культуры | ГКУ НТУ | ФСО | ГКУ Организатор перевозок | ГПБУ Мосэкомониторинг
5130000;;Коммуникации подземные (колодцы, шахты, люки);;;;Обрушение коммуникации подземные;Обрушение конструкций;MCHS;Обрушение конструкций;31;Классификатор МЧС | Классификатор МЧС | Классификатор МВД | Классификатор СМП | Классификатор МОСГАЗ | ЦЭМП | ЦЭМП | ЦЭМП | ЦЭМП | Мосгортранс | Гор. Хозяйство | ГОРМОСТ | ГОРМОСТ | ГОРМОСТ | МГТС | Мосводоканал | МОЭК | ЦОДД | Департамент РБиПК             (ГКУ МОСБЕЗ) | Департамент РБиПК             (ГКУ МОСБЕЗ) | Аппарат МЭРА | ОАТИ | Мосводосток | Росгвардия | Территориальные ОИВ | Территориальные ОИВ    ТиНАО | Департамент культуры | ГКУ НТУ | ФСО | ГКУ Организатор перевозок | ООО Ситиэнерго
5140000;;Коммуникации наземные (элементы, конструкции);;;;Обрушение коммуникации наземные;Обрушение конструкций;MCHS;Обрушение конструкций;34;Классификатор МЧС | Классификатор МЧС | Классификатор МВД | Классификатор СМП | Классификатор МОСГАЗ | Классификатор МОСГАЗ | ЦЭМП | ЦЭМП | ЦЭМП | ЦЭМП | ЦЭМП | Мосгортранс | Гор. Хозяйство | ГОРМОСТ | ГОРМОСТ | ГОРМОСТ | ГОРМОСТ | МГТС | Мосводоканал | МОЭК | ОЭК | ЦОДД | Департамент РБиПК             (ГКУ МОСБЕЗ) | Департамент РБиПК             (ГКУ МОСБЕЗ) | Аппарат МЭРА | ОАТИ | Росгвардия | Территориальные ОИВ | Территориальные ОИВ    ТиНАО | Департамент культуры | ГКУ НТУ | ФСО | ГКУ Организатор перевозок | ООО Ситиэнерго
5150100;;Гидросооружения;Объект-полностью;;;Обрушение гидросооружение;Обрушение производственных зданий и сооружений;MCHS;Обрушение производственных зданий и сооружений;30;Классификатор МЧС | Классификатор МЧС | Классификатор МЧС | Классификатор МВД | Классификатор СМП | Классификатор МОСГАЗ | ЦЭМП | ЦЭМП | ЦЭМП | ЦЭМП | ЦЭМП | Классификатор ФСБ | Мосгортранс | Гор. Хозяйство | Канал имени Москвы | МГТС | Мосводоканал | ЦОДД | Департамент РБиПК             (ГКУ МОСБЕЗ) | Департамент РБиПК             (ГКУ МОСБЕЗ) | Аппарат МЭРА | ОАТИ | Росгвардия | Территориальные ОИВ | Территориальные ОИВ    ТиНАО | Департамент культуры | ГКУ НТУ | ФСО | ГКУ Организатор перевозок | Депортамент гражданского строительства
5150200;;Гидросооружения;Элементы конструкции здания Кровля крыша фасад балкон;;;Обрушение гидросооружение (элементы);Обрушение производственных зданий и сооружений;MCHS;Обрушение производственных зданий и сооружений;32;Классификатор МЧС | Классификатор МЧС | Классификатор МЧС | Классификатор МВД | Классификатор СМП | Классификатор МОСГАЗ | ЦЭМП | ЦЭМП | ЦЭМП | ЦЭМП | ЦЭМП | Классификатор ФСБ | Мосгортранс | Гор. Хозяйство | Канал имени Москвы | МГТС | Мосводоканал | ОЭК | ЦОДД | Департамент РБиПК             (ГКУ МОСБЕЗ) | Департамент РБиПК             (ГКУ МОСБЕЗ) | Аппарат МЭРА | ОАТИ | Росгвардия | Территориальные ОИВ | Территориальные ОИВ    ТиНАО | Департамент культуры | ГКУ НТУ | ФСО | ГКУ Организатор перевозок | ГПБУ Мосэкомониторинг | Депортамент гражданского строительства
5160100;;Мост;Весь объект;;;Обрушение мост;Обрушение элементов моста или моста;MCHS;Обрушение конструкций;34;Классификатор МЧС | Классификатор МЧС | Классификатор МВД | Классификатор СМП | Классификатор МОСГАЗ | ЦЭМП | ЦЭМП | ЦЭМП | ЦЭМП | ЦЭМП | Классификатор ФСБ | Мосгортранс | Мосгортранс | Гор. Хозяйство | ГОРМОСТ | Канал имени Москвы | ОЭК | ЦОДД | Департамент РБиПК             (ГКУ МОСБЕЗ) | Департамент РБиПК             (ГКУ МОСБЕЗ) | Аппарат МЭРА | ОАТИ | Росгвардия | Территориальные ОИВ | Территориальные ОИВ    ТиНАО | Департамент строительства города Москвы | Департамент культуры | ГКУ НТУ | ФСО | ДГП (Департамент градостроительной политики) | ДГП (Департамент градостроительной политики) | ЦУКБ Министерство обороны | ГКУ Организатор перевозок | Депортамент гражданского строительства
5160200;;Мост;Элементы конструкции;;;Обрушение мост элементы;Обрушение элементов моста или моста;MCHS;Обрушение конструкций;31;Классификатор МЧС | Классификатор МЧС | Классификатор МВД | Классификатор СМП | Классификатор МОСГАЗ | ЦЭМП | ЦЭМП | ЦЭМП | ЦЭМП | Мосгортранс | Гор. Хозяйство | ГОРМОСТ | Канал имени Москвы | ОЭК | ЦОДД | Департамент РБиПК             (ГКУ МОСБЕЗ) | Департамент РБиПК             (ГКУ МОСБЕЗ) | Аппарат МЭРА | ОАТИ | Росгвардия | Территориальные ОИВ | Территориальные ОИВ    ТиНАО | Департамент строительства города Москвы | Департамент культуры | ГКУ НТУ | ФСО | ДГП (Департамент градостроительной политики) | ДГП (Департамент градостроительной политики) | ЦУКБ Министерство обороны | ГКУ Организатор перевозок | Депортамент гражданского строительства
5170100;;Эстакада;Весь объект;;;Обрушение эстакада;Обрушение элементов эстакады или эстакады;MCHS;Обрушение конструкций;33;Классификатор МЧС | Классификатор МЧС | Классификатор МВД | Классификатор СМП | Классификатор МОСГАЗ | ЦЭМП | ЦЭМП | ЦЭМП | ЦЭМП | ЦЭМП | Классификатор ФСБ | Мосгортранс | Мосгортранс | Гор. Хозяйство | ГОРМОСТ | ОЭК | ЦОДД | Департамент РБиПК             (ГКУ МОСБЕЗ) | Департамент РБиПК             (ГКУ МОСБЕЗ) | Аппарат МЭРА | ОАТИ | Росгвардия | Территориальные ОИВ | Территориальные ОИВ    ТиНАО | Департамент строительства города Москвы | Департамент культуры | ГКУ НТУ | ФСО | ДГП (Департамент градостроительной политики) | ДГП (Департамент градостроительной политики) | ЦУКБ Министерство обороны | ГКУ Организатор перевозок | Депортамент гражданского строительства
5170200;;Эстакада;Элементы конструкции;;;Обрушение эстакада элементы;Обрушение элементов эстакады или эстакады;MCHS;Обрушение конструкций;30;Классификатор МЧС | Классификатор МЧС | Классификатор МВД | Классификатор СМП | Классификатор МОСГАЗ | ЦЭМП | ЦЭМП | ЦЭМП | ЦЭМП | Мосгортранс | Гор. Хозяйство | ГОРМОСТ | ОЭК | ЦОДД | Департамент РБиПК             (ГКУ МОСБЕЗ) | Департамент РБиПК             (ГКУ МОСБЕЗ) | Аппарат МЭРА | ОАТИ | Росгвардия | Территориальные ОИВ | Территориальные ОИВ    ТиНАО | Департамент строительства города Москвы | Департамент культуры | ГКУ НТУ | ФСО | ДГП (Департамент градостроительной политики) | ДГП (Департамент градостроительной политики) | ЦУКБ Министерство обороны | ГКУ Организатор перевозок | Депортамент гражданского строительства
5180000;;Подземный/наземный переход тоннель;;;Весь объект / Элементы конструкции;Обрушение подземный/наземный переход тоннель;Обрушение элементов транспортных коммуникаций;MCHS;Обрушение элементов транспортных коммуникаций;33;Классификатор МЧС | Классификатор МЧС | Классификатор МВД | Классификатор СМП | Классификатор МОСГАЗ | ЦЭМП | ЦЭМП | ЦЭМП | ЦЭМП | ЦЭМП | Классификатор ФСБ | Мосгортранс | Гор. Хозяйство | ГОРМОСТ | Мосводоканал | ОЭК | ЦОДД | Департамент РБиПК             (ГКУ МОСБЕЗ) | Департамент РБиПК             (ГКУ МОСБЕЗ) | Аппарат МЭРА | ОАТИ | Росгвардия | Территориальные ОИВ | Территориальные ОИВ    ТиНАО | Департамент строительства города Москвы | Департамент культуры | ГКУ НТУ | ФСО | ДГП (Департамент градостроительной политики) | ДГП (Департамент градостроительной политики) | ЦУКБ Министерство обороны | ГКУ Организатор перевозок | Депортамент гражданского строительства
5190000;;Мачта освещения ЛЭП;;;Весь объект / Элементы конструкции;Обрушение ЛЭП;Обрушение конструкций;MCHS;Обрушение конструкций;27;Классификатор МЧС | Классификатор МЧС | Классификатор МВД | Классификатор СМП | Классификатор МОСГАЗ | ЦЭМП | ЦЭМП | ЦЭМП | ЦЭМП | Мосгортранс | Гор. Хозяйство | МГТС | Мосводоканал | ОЭК | ЦОДД | Департамент РБиПК             (ГКУ МОСБЕЗ) | Департамент РБиПК             (ГКУ МОСБЕЗ) | Аппарат МЭРА | ОАТИ | Росгвардия | Территориальные ОИВ | Территориальные ОИВ    ТиНАО | Департамент строительства города Москвы | Департамент культуры | ГКУ НТУ | ФСО | ГКУ Организатор перевозок
5200100;;Котлован;Весь объект;;;Обрушение котлован;Происшествие на стройке: обрушения котлована;MCHS;Происшествие на стройке: обрушения котлована;29;Классификатор МЧС | Классификатор МЧС | Классификатор МВД | Классификатор СМП | Классификатор МОСГАЗ | ЦЭМП | ЦЭМП | ЦЭМП | ЦЭМП | ЦЭМП | Мосгортранс | Гор. Хозяйство | МОЭК | ЦОДД | Департамент РБиПК             (ГКУ МОСБЕЗ) | Департамент РБиПК             (ГКУ МОСБЕЗ) | Аппарат МЭРА | ОАТИ | Росгвардия | Территориальные ОИВ | Территориальные ОИВ    ТиНАО | Департамент строительства города Москвы | Департамент культуры | ГКУ НТУ | ФСО | ДГП (Департамент градостроительной политики) | ДГП (Департамент градостроительной политики) | ГКУ Организатор перевозок | Депортамент гражданского строительства
5200200;;Котлован;Элементы конструкции;;;Обрушение котлован элементы;Обрушение котлована;MCHS;Происшествие на стройке: обрушения котлована;29;Классификатор МЧС | Классификатор МЧС | Классификатор МЧС | Классификатор МВД | Классификатор МВД | Классификатор СМП | Классификатор МОСГАЗ | ЦЭМП | ЦЭМП | ЦЭМП | ЦЭМП | Мосгортранс | Гор. Хозяйство | ЦОДД | Департамент РБиПК             (ГКУ МОСБЕЗ) | Департамент РБиПК             (ГКУ МОСБЕЗ) | Аппарат МЭРА | ОАТИ | Росгвардия | Территориальные ОИВ | Территориальные ОИВ    ТиНАО | Департамент строительства города Москвы | Департамент культуры | ГКУ НТУ | ФСО | ДГП (Департамент градостроительной политики) | ДГП (Департамент градостроительной политики) | ГКУ Организатор перевозок | Депортамент гражданского строительства
5210000;;Строительные леса;;;Весь объект / Элементы конструкции;Обрушение строительные леса;"Происшествие на стройке: обрушение ""лесов""";MCHS;"Происшествие на стройке: обрушение ""лесов""";27;Классификатор МЧС | Классификатор МЧС | Классификатор МВД | Классификатор СМП | Классификатор МОСГАЗ | ЦЭМП | ЦЭМП | ЦЭМП | ЦЭМП | Мосгортранс | Гор. Хозяйство | ЦОДД | Департамент РБиПК             (ГКУ МОСБЕЗ) | Департамент РБиПК             (ГКУ МОСБЕЗ) | Аппарат МЭРА | ОАТИ | Росгвардия | Территориальные ОИВ | Территориальные ОИВ    ТиНАО | Департамент строительства города Москвы | Департамент культуры | ГКУ НТУ | ФСО | ДГП (Департамент градостроительной политики) | ДГП (Департамент градостроительной политики) | ГКУ Организатор перевозок | Депортамент гражданского строительства
5220000;;Башенный кран;;;Весь объект / Элементы конструкции;Падение башенного крана;Происшествие на стройке: падение крана;MCHS;Происшествие на стройке: падение крана;27;Классификатор МЧС | Классификатор МЧС | Классификатор МВД | Классификатор СМП | Классификатор МОСГАЗ | ЦЭМП | ЦЭМП | ЦЭМП | ЦЭМП | Мосгортранс | Гор. Хозяйство | ЦОДД | Департамент РБиПК             (ГКУ МОСБЕЗ) | Департамент РБиПК             (ГКУ МОСБЕЗ) | Аппарат МЭРА | ОАТИ | Росгвардия | Территориальные ОИВ | Территориальные ОИВ    ТиНАО | Департамент строительства города Москвы | Департамент культуры | ГКУ НТУ | ФСО | ДГП (Департамент градостроительной политики) | ДГП (Департамент градостроительной политики) | ГКУ Организатор перевозок | Депортамент гражданского строительства
5230100;;Прочие объекты;Весь объект;;;Обрушение прочее;Обрушение;MCHS;Обрушение наземных элементов зданий;34;Классификатор МЧС | Классификатор МЧС | Классификатор МВД | Классификатор СМП | Классификатор МОСГАЗ | ЦЭМП | ЦЭМП | ЦЭМП | ЦЭМП | ЦЭМП | Мосгортранс | Гор. Хозяйство | ГОРМОСТ | ГОРМОСТ | ГОРМОСТ | Мосводоканал | МОЭК | ЦОДД | Департамент РБиПК             (ГКУ МОСБЕЗ) | Департамент РБиПК             (ГКУ МОСБЕЗ) | Аппарат МЭРА | ОАТИ | ДТУ | Росгвардия | Территориальные ОИВ | Территориальные ОИВ    ТиНАО | Департамент культуры | ГКУ НТУ | ФСО | ДГП (Департамент градостроительной политики) | ДГП (Департамент градостроительной политики) | ЦУКБ Министерство обороны | ГКУ Организатор перевозок | Депортамент гражданского строительства
5230200;;Прочие объекты;Элементы конструкции здания;;;Обрушение прочее элементы;Обрушение наземных элементов зданий;MCHS;Обрушение наземных элементов зданий;32;Классификатор МЧС | Классификатор МЧС | Классификатор МВД | Классификатор СМП | Классификатор МОСГАЗ | ЦЭМП | ЦЭМП | ЦЭМП | ЦЭМП | Мосгортранс | Гор. Хозяйство | Мосводоканал | ОЭК | ЦОДД | Департамент РБиПК             (ГКУ МОСБЕЗ) | Департамент РБиПК             (ГКУ МОСБЕЗ) | Аппарат МЭРА | ОАТИ | ДТУ | Росгвардия | Территориальные ОИВ | Территориальные ОИВ    ТиНАО | Департамент строительства города Москвы | Мосжилинспекция | Департамент культуры | ГКУ НТУ | ФСО | ДГП (Департамент градостроительной политики) | ДГП (Департамент градостроительной политики) | ЦУКБ Министерство обороны | ГКУ Организатор перевозок | Депортамент гражданского строительства
6010100;Угрозы обрушений;Аэропорт;Объект имеет только трещину, которая появилась некоторе время назад. Других признаков обрушения нет.;;;Аэропорт угроза обрушения (трещины в зданиях);Угроза обрушения - трещина в зданиях;MCHS;Угроза обрушения - трещина в зданиях;20;Классификатор МЧС | Классификатор МВД | Классификатор МВД | Классификатор СМП | Классификатор МОСГАЗ | ЦЭМП | ЦЭМП | ЦЭМП | ЦЭМП | Мосгортранс | Гор. Хозяйство | МГТС | ЦОДД | Аппарат МЭРА | Росгвардия | Территориальные ОИВ | Территориальные ОИВ    ТиНАО | Департамент культуры | ГКУ НТУ | ФСО
6010200;;Аэропорт;Нарушение целостности конструкций объекта происходит в текущее время (например, один большой кусок штукатурки упал, падают другие), при наличие вибрации - от метро или стройки рядом;;;Аэропорт угроза обрушения;Угроза обрушения;MCHS;Угроза обрушения;20;Классификатор МЧС | Классификатор МВД | Классификатор МВД | Классификатор СМП | Классификатор МОСГАЗ | ЦЭМП | ЦЭМП | ЦЭМП | ЦЭМП | Мосгортранс | Гор. Хозяйство | МГТС | ЦОДД | Аппарат МЭРА | Росгвардия | Территориальные ОИВ | Территориальные ОИВ    ТиНАО | Департамент культуры | ГКУ НТУ | ФСО
6020100;;Вокзал жд платформа жд;Объект имеет только трещину, которая появилась некоторе время назад. Других признаков обрушения нет.;;;Вокзал платформа жд угроза обрушения (трещины в зданиях);Угроза обрушения - трещина в зданиях;MCHS;Угроза обрушения - трещина в зданиях;21;Классификатор МЧС | Классификатор МВД | Классификатор МВД | Классификатор СМП | Классификатор МОСГАЗ | ЦЭМП | ЦЭМП | ЦЭМП | ЦЭМП | Мосгортранс | Гор. Хозяйство | МГТС | ЦОДД | Аппарат МЭРА | РЖД (МосковскаяЖД) | Росгвардия | Территориальные ОИВ | Территориальные ОИВ    ТиНАО | Департамент культуры | ГКУ НТУ | ФСО
6020200;;Вокзал жд платформа жд;Нарушение целостности конструкций объекта происходит в текущее время (например, один большой кусок штукатурки упал, падают другие), при наличие вибрации - от метро или стройки рядом;;;Вокзал платформа жд угроза обрушения;Угроза обрушения;MCHS;Угроза обрушения;25;Классификатор МЧС | Классификатор МВД | Классификатор МВД | Классификатор СМП | Классификатор МОСГАЗ | ЦЭМП | ЦЭМП | ЦЭМП | ЦЭМП | Мосгортранс | Гор. Хозяйство | ГОРМОСТ | ГОРМОСТ | ГОРМОСТ | МГТС | ЦОДД | Аппарат МЭРА | РЖД (МосковскаяЖД) | Росгвардия | Территориальные ОИВ | Территориальные ОИВ    ТиНАО | Департамент культуры | ГКУ НТУ | ФСО | ЦУКБ Министерство обороны
6030000;;МЦК станция тоннель эскалатор переход;Трещина нарушение целостности конструкций вибрация;;;МЦК угроза обрушения (трещины в зданиях, конструкциях);Угроза обрушения;MCHS;Угроза обрушения;27;Классификатор МЧС | Классификатор МВД | Классификатор МВД | Классификатор СМП | Классификатор МОСГАЗ | ЦЭМП | ЦЭМП | ЦЭМП | ЦЭМП | Мосгортранс | Гор. Хозяйство | ГОРМОСТ | МГТС | Метро | ЦОДД | Аппарат МЭРА | РЖД (МосковскаяЖД) | Росгвардия | Территориальные ОИВ | Территориальные ОИВ    ТиНАО | Департамент строительства города Москвы | Департамент культуры | ГКУ НТУ | ФСО | ЦУКБ Министерство обороны | ГКУ Организатор перевозок | Депортамент гражданского строительства
6040000;;Метро (станция, тоннель, эскалатор, переход);Трещина нарушение целостности конструкций вибрация;;;Метро угроза обрушения (трещины в зданиях, конструкциях);Угроза обрушения;MCHS;Угроза обрушения;27;Классификатор МЧС | Классификатор МВД | Классификатор МВД | Классификатор СМП | Классификатор МОСГАЗ | ЦЭМП | ЦЭМП | ЦЭМП | ЦЭМП | Мосгортранс | Гор. Хозяйство | ГОРМОСТ | ГОРМОСТ | МГТС | Метро | ЦОДД | Аппарат МЭРА | Росгвардия | Территориальные ОИВ | Территориальные ОИВ    ТиНАО | Департамент строительства города Москвы | Департамент культуры | ГКУ НТУ | ФСО | ЦУКБ Министерство обороны | ГКУ Организатор перевозок | Депортамент гражданского строительства
6050100;;Дом частный;Объект имеет только трещину, которая появилась некоторе время назад. Других признаков обрушения нет.;;;Дом частный угроза обрушения (трещины в зданиях);Угроза обрушения - трещина в зданиях;MCHS;Угроза обрушения - трещина в зданиях;21;Классификатор МЧС | Классификатор МВД | Классификатор МВД | Классификатор СМП | Классификатор МОСГАЗ | ЦЭМП | ЦЭМП | ЦЭМП | ЦЭМП | Мосгортранс | Гор. Хозяйство | МГТС | ЦОДД | Аппарат МЭРА | Росгвардия | Территориальные ОИВ | Территориальные ОИВ    ТиНАО | Департамент культуры | ГКУ НТУ | ФСО | ГКУ Организатор перевозок
6050200;;Дом частный;Нарушение целостности конструкций объекта происходит в текущее время (например, один большой кусок штукатурки упал, падают другие), при наличие вибрации - от метро или стройки рядом;;;Дом частный угроза обрушения;Угроза обрушения;MCHS;Угроза обрушения;19;Классификатор МЧС | Классификатор МВД | Классификатор МВД | Классификатор СМП | Классификатор МОСГАЗ | ЦЭМП | ЦЭМП | ЦЭМП | ЦЭМП | Мосгортранс | Гор. Хозяйство | МГТС | ЦОДД | Аппарат МЭРА | Росгвардия | Территориальные ОИВ | Территориальные ОИВ    ТиНАО | Департамент культуры | ГКУ НТУ
6060100;;Дом многоквартирный;Объект имеет только трещину, которая появилась некоторе время назад. Других признаков обрушения нет.;;;Дом многоквартирный угроза обрушения (трещины в зданиях);Угроза обрушения - трещина в зданиях;MCHS;Угроза обрушения - трещина в зданиях;26;Классификатор МЧС | Классификатор МВД | Классификатор МВД | Классификатор СМП | Классификатор МОСГАЗ | ЦЭМП | ЦЭМП | ЦЭМП | ЦЭМП | Мосгортранс | Гор. Хозяйство | МГТС | ЦОДД | Аппарат МЭРА | Росгвардия | Территориальные ОИВ | Территориальные ОИВ    ТиНАО | Мосжилинспекция | Департамент культуры | ГКУ НТУ | ФСО | ДГП (Департамент градостроительной политики) | ДГП (Департамент градостроительной политики) | ЦУКБ Министерство обороны | ГКУ Организатор перевозок | Депортамент гражданского строительства
6060200;;Дом многоквартирный;Нарушение целостности конструкций объекта происходит в текущее время (например, один большой кусок штукатурки упал, падают другие), при наличие вибрации - от метро или стройки рядом;;;Дом многоквартирный угроза обрушения;Угроза обрушения;MCHS;Угроза обрушения;29;Классификатор МЧС | Классификатор МВД | Классификатор МВД | Классификатор СМП | Классификатор МОСГАЗ | ЦЭМП | ЦЭМП | ЦЭМП | ЦЭМП | Мосгортранс | Гор. Хозяйство | ГОРМОСТ | ГОРМОСТ | ГОРМОСТ | МГТС | ЦОДД | Аппарат МЭРА | Росгвардия | Территориальные ОИВ | Территориальные ОИВ    ТиНАО | Мосжилинспекция | Департамент культуры | ГКУ НТУ | ФСО | ДГП (Департамент градостроительной политики) | ДГП (Департамент градостроительной политики) | ЦУКБ Министерство обороны | ГКУ Организатор перевозок | Депортамент гражданского строительства
6070100;;Общественное место административное здание;Объект имеет только трещину, которая появилась некоторе время назад. Других признаков обрушения нет.;;;Общественное административное здание угроза обрушения (трещины в зданиях);Угроза обрушения - трещина в зданиях;MCHS;Угроза обрушения - трещина в зданиях;22;Классификатор МЧС | Классификатор МВД | Классификатор МВД | Классификатор СМП | Классификатор МОСГАЗ | ЦЭМП | ЦЭМП | ЦЭМП | ЦЭМП | Мосгортранс | Гор. Хозяйство | МГТС | ЦОДД | Аппарат МЭРА | Росгвардия | Территориальные ОИВ | Территориальные ОИВ    ТиНАО | Департамент культуры | ГКУ НТУ | ФСО | ЦУКБ Министерство обороны | Депортамент гражданского строительства
6070200;;Общественное место административное здание;Нарушение целостности конструкций объекта происходит в текущее время (например, один большой кусок штукатурки упал, падают другие), при наличие вибрации - от метро или стройки рядом;;;Общественное административное здание угроза обрушения;Угроза обрушения;MCHS;Угроза обрушения;26;Классификатор МЧС | Классификатор МВД | Классификатор МВД | Классификатор СМП | Классификатор МОСГАЗ | ЦЭМП | ЦЭМП | ЦЭМП | ЦЭМП | Мосгортранс | Гор. Хозяйство | ГОРМОСТ | ГОРМОСТ | ГОРМОСТ | МГТС | ЦОДД | Аппарат МЭРА | Росгвардия | Территориальные ОИВ | Территориальные ОИВ    ТиНАО | Департамент культуры | ГКУ НТУ | ФСО | ЦУКБ Министерство обороны | ГКУ Организатор перевозок | Депортамент гражданского строительства
6080100;;Учебное заведение;Объект имеет только трещину, которая появилась некоторе время назад. Других признаков обрушения нет.;;;Учебное заведение  угроза обрушения (трещины в зданиях);Угроза обрушения - трещина в зданиях;MCHS;Угроза обрушения - трещина в зданиях;23;Классификатор МЧС | Классификатор МВД | Классификатор МВД | Классификатор СМП | Классификатор МОСГАЗ | ЦЭМП | ЦЭМП | ЦЭМП | ЦЭМП | Мосгортранс | Гор. Хозяйство | МГТС | ЦОДД | Аппарат МЭРА | Росгвардия | Территориальные ОИВ | Территориальные ОИВ    ТиНАО | Департамент культуры | ГКУ НТУ | ФСО | ЦУКБ Министерство обороны | ГКУ Организатор перевозок | Депортамент гражданского строительства
6080200;;Учебное заведение;Нарушение целостности конструкций объекта происходит в текущее время (например, один большой кусок штукатурки упал, падают другие), при наличие вибрации - от метро или стройки рядом;;;Учебное заведение  угроза обрушения;Угроза обрушения;MCHS;Угроза обрушения;23;Классификатор МЧС | Классификатор МВД | Классификатор МВД | Классификатор СМП | Классификатор МОСГАЗ | ЦЭМП | ЦЭМП | ЦЭМП | ЦЭМП | Мосгортранс | Гор. Хозяйство | МГТС | ЦОДД | Аппарат МЭРА | Росгвардия | Территориальные ОИВ | Территориальные ОИВ    ТиНАО | Департамент культуры | ГКУ НТУ | ФСО | ЦУКБ Министерство обороны | ГКУ Организатор перевозок | Депортамент гражданского строительства
6090100;;Лечебное заведение;Объект имеет только трещину, которая появилась некоторе время назад. Других признаков обрушения нет.;;;Лечебное заведение  угроза обрушения (трещины в зданиях);Угроза обрушения - трещина в зданиях;MCHS;Угроза обрушения - трещина в зданиях;23;Классификатор МЧС | Классификатор МВД | Классификатор МВД | Классификатор СМП | Классификатор МОСГАЗ | ЦЭМП | ЦЭМП | ЦЭМП | ЦЭМП | Мосгортранс | Гор. Хозяйство | МГТС | ЦОДД | Аппарат МЭРА | Росгвардия | Территориальные ОИВ | Территориальные ОИВ    ТиНАО | Департамент культуры | ГКУ НТУ | ФСО | ЦУКБ Министерство обороны | ГКУ Организатор перевозок | Депортамент гражданского строительства
6090200;;Лечебное заведение;Нарушение целостности конструкций объекта происходит в текущее время (например, один большой кусок штукатурки упал, падают другие), при наличие вибрации - от метро или стройки рядом;;;Лечебное заведение  угроза обрушения;Угроза обрушения;MCHS;Угроза обрушения;26;Классификатор МЧС | Классификатор МВД | Классификатор МВД | Классификатор СМП | Классификатор МОСГАЗ | ЦЭМП | ЦЭМП | ЦЭМП | ЦЭМП | Мосгортранс | Гор. Хозяйство | ГОРМОСТ | ГОРМОСТ | ГОРМОСТ | МГТС | ЦОДД | Аппарат МЭРА | Росгвардия | Территориальные ОИВ | Территориальные ОИВ    ТиНАО | Департамент культуры | ГКУ НТУ | ФСО | ЦУКБ Министерство обороны | ГКУ Организатор перевозок | Депортамент гражданского строительства
6100100;;Опасный объект производство;Объект имеет только трещину, которая появилась некоторе время назад. Других признаков обрушения нет.;;;Опасный объект  угроза обрушения (трщина в зданиях);Угроза обрушения - трещина в зданиях;MCHS;Угроза обрушения - трещина в зданиях;27;Классификатор МЧС | Классификатор МВД | Классификатор МВД | Классификатор СМП | Классификатор МОСГАЗ | ЦЭМП | ЦЭМП | ЦЭМП | ЦЭМП | Мосгортранс | Гор. Хозяйство | МГТС | МОЭК | ЦОДД | Аппарат МЭРА | ДТУ | Росгвардия | Территориальные ОИВ | Территориальные ОИВ    ТиНАО | Департамент культуры | ГКУ НТУ | ФСО | ЦУКБ Министерство обороны | ГКУ Организатор перевозок | Министерство обороны РХБЗ | Министерство обороны РХБЗ | ООО Ситиэнерго
6100200;;Опасный объект производство;Нарушение целостности конструкций объекта происходит в текущее время (например, один большой кусок штукатурки упал, падают другие), при наличие вибрации - от метро или стройки рядом;;;Опасный объект  угроза обрушения;Угроза обрушения;MCHS;Угроза обрушения;31;Классификатор МЧС | Классификатор МВД | Классификатор МВД | Классификатор СМП | Классификатор МОСГАЗ | ЦЭМП | ЦЭМП | ЦЭМП | ЦЭМП | Мосгортранс | Гор. Хозяйство | ГОРМОСТ | ГОРМОСТ | ГОРМОСТ | МГТС | ЦОДД | Аппарат МЭРА | ДТУ | Росгвардия | Территориальные ОИВ | Территориальные ОИВ    ТиНАО | Департамент культуры | ГКУ НТУ | ФСО | ДГП (Департамент градостроительной политики) | ДГП (Департамент градостроительной политики) | ЦУКБ Министерство обороны | ГКУ Организатор перевозок | Министерство обороны РХБЗ | Министерство обороны РХБЗ | ООО Ситиэнерго
6110000;;Газопровод газохранилищ;;;;Газопровод  угроза обрушения (нарушение конструкций);Угроза обрушения;MCHS;Угроза обрушения;26;Классификатор МЧС | Классификатор МВД | Классификатор МВД | Классификатор СМП | Классификатор МОСГАЗ | ЦЭМП | ЦЭМП | ЦЭМП | ЦЭМП | Классификатор Мособлгаз | Мосгортранс | Гор. Хозяйство | ГОРМОСТ | ГОРМОСТ | ГОРМОСТ | МГТС | ЦОДД | Аппарат МЭРА | Росгвардия | Территориальные ОИВ | Территориальные ОИВ    ТиНАО | Департамент культуры | ГКУ НТУ | ФСО | ГКУ Организатор перевозок | ООО Ситиэнерго
6120000;;Нефтепровод нефтехранилище;;;;Нефтепровод  угроза обрушения (нарушение конструкций);Угроза обрушения;MCHS;Угроза обрушения;21;Классификатор МЧС | Классификатор МВД | Классификатор МВД | Классификатор СМП | Классификатор МОСГАЗ | ЦЭМП | ЦЭМП | ЦЭМП | ЦЭМП | Мосгортранс | Гор. Хозяйство | МГТС | ЦОДД | Аппарат МЭРА | Росгвардия | Территориальные ОИВ | Территориальные ОИВ    ТиНАО | Департамент культуры | ГКУ НТУ | ФСО | ГКУ Организатор перевозок
6130000;;Коммуникации подземные наземные;;;;Коммуникации подземные наземные  угроза обрушения  (нарушение конструкций);Угроза обрушения;MCHS;Угроза обрушения;27;Классификатор МЧС | Классификатор МВД | Классификатор МВД | Классификатор СМП | Классификатор МОСГАЗ | ЦЭМП | ЦЭМП | ЦЭМП | ЦЭМП | Мосгортранс | Гор. Хозяйство | ГОРМОСТ | ГОРМОСТ | ГОРМОСТ | МГТС | ЦОДД | Аппарат МЭРА | Москоллектор | Мосводосток | Росгвардия | Территориальные ОИВ | Территориальные ОИВ    ТиНАО | Департамент культуры | ГКУ НТУ | ФСО | ЦУКБ Министерство обороны | ГКУ Организатор перевозок
6140000;;Гидросооружения;;;;Гидросооружение  угроза обрушения (нарушение конструкций);Угроза обрушения;MCHS;Угроза обрушения;26;Классификатор МЧС | Классификатор МЧС | Классификатор МВД | Классификатор МВД | Классификатор СМП | Классификатор МОСГАЗ | ЦЭМП | ЦЭМП | ЦЭМП | ЦЭМП | Мосгортранс | Гор. Хозяйство | ГОРМОСТ | ГОРМОСТ | ГОРМОСТ | Канал имени Москвы | МГТС | ЦОДД | Аппарат МЭРА | Росгвардия | Территориальные ОИВ | Территориальные ОИВ    ТиНАО | Департамент культуры | ГКУ НТУ | ФСО | ГКУ Организатор перевозок
6150100;;Мост эстакада подземный/наземный переход тоннель;Трещина нарушение целостности конструкций вибрация;;;Мост эстакада тоннель подземный переход угроза обрушения  (нарушение конструкций);Угроза обрушения;MCHS;Угроза обрушения;30;Классификатор МЧС | Классификатор МВД | Классификатор МВД | Классификатор СМП | Классификатор МОСГАЗ | ЦЭМП | ЦЭМП | ЦЭМП | ЦЭМП | Мосгортранс | Гор. Хозяйство | ГОРМОСТ | ГОРМОСТ | ГОРМОСТ | МГТС | ЦОДД | Аппарат МЭРА | Москоллектор | Росгвардия | Территориальные ОИВ | Территориальные ОИВ    ТиНАО | Департамент строительства города Москвы | Департамент культуры | ГКУ НТУ | ФСО | ДГП (Департамент градостроительной политики) | ДГП (Департамент градостроительной политики) | ЦУКБ Министерство обороны | ГКУ Организатор перевозок | Депортамент гражданского строительства
6150200;;Мост эстакада подземный/наземный переход тоннель;Трещина нарушение целостности конструкций вибрация - сообщение от специалиста (официального лица);;;Мост эстакада тоннель подземный переход угроза обрушения  вызов ОТ СПЕЦИАЛИСТА;Угроза обрушения;MCHS;Угроза обрушения;29;Классификатор МЧС | Классификатор МВД | Классификатор СМП | Классификатор МОСГАЗ | ЦЭМП | ЦЭМП | ЦЭМП | ЦЭМП | Мосгортранс | Гор. Хозяйство | ГОРМОСТ | ГОРМОСТ | ГОРМОСТ | МГТС | ЦОДД | Аппарат МЭРА | Москоллектор | Росгвардия | Территориальные ОИВ | Территориальные ОИВ    ТиНАО | Департамент строительства города Москвы | Департамент культуры | ГКУ НТУ | ФСО | ДГП (Департамент градостроительной политики) | ДГП (Департамент градостроительной политики) | ЦУКБ Министерство обороны | ГКУ Организатор перевозок | Депортамент гражданского строительства
6160000;;Мачта освещения ЛЭП;;;;ЛЭП мачта освещение угроза обрушения;Угроза обрушения;MCHS;Угроза обрушения;26;Классификатор МЧС | Классификатор МВД | Классификатор МВД | Классификатор СМП | Классификатор МОСГАЗ | ЦЭМП | ЦЭМП | ЦЭМП | ЦЭМП | Мосгортранс | Гор. Хозяйство | ГОРМОСТ | ГОРМОСТ | ГОРМОСТ | МГТС | ОЭК | ЦОДД | Аппарат МЭРА | Росгвардия | Территориальные ОИВ | Территориальные ОИВ    ТиНАО | Департамент строительства города Москвы | Департамент культуры | ГКУ НТУ | ФСО | ГКУ Организатор перевозок
6170100;;Котлован;Ограждение нарушение повреждение;;;Котлован повреждение ограждения;Нарушение ограждений котлована;;;23;Классификатор МВД | Классификатор МВД | Классификатор СМП | Классификатор МОСГАЗ | ЦЭМП | ЦЭМП | ЦЭМП | ЦЭМП | Мосгортранс | Гор. Хозяйство | Аппарат МЭРА | ОАТИ | Росгвардия | Территориальные ОИВ | Территориальные ОИВ    ТиНАО | Департамент строительства города Москвы | Департамент культуры | ГКУ НТУ | ФСО | ДГП (Департамент градостроительной политики) | ДГП (Департамент градостроительной политики) | ГКУ Организатор перевозок | Депортамент гражданского строительства
6170200;;Котлован;Вода затопление;;;Котлован угроза обрушения затопление;Угроза обрушения;MCHS;Угроза обрушения;26;Классификатор МЧС | Классификатор МВД | Классификатор МВД | Классификатор СМП | Классификатор МОСГАЗ | ЦЭМП | ЦЭМП | ЦЭМП | ЦЭМП | Мосгортранс | Гор. Хозяйство | ГОРМОСТ | МГТС | ЦОДД | Аппарат МЭРА | Росгвардия | Территориальные ОИВ | Территориальные ОИВ    ТиНАО | Департамент строительства города Москвы | Департамент культуры | ГКУ НТУ | ФСО | ДГП (Департамент градостроительной политики) | ДГП (Департамент градостроительной политики) | ГКУ Организатор перевозок | Депортамент гражданского строительства
6180000;;Строительные леса;;;;Строительные леса угроза обрушения;Угроза обрушения;MCHS;Угроза обрушения;28;Классификатор МЧС | Классификатор МВД | Классификатор МВД | Классификатор СМП | Классификатор МОСГАЗ | ЦЭМП | ЦЭМП | ЦЭМП | ЦЭМП | Мосгортранс | Гор. Хозяйство | ГОРМОСТ | ГОРМОСТ | ГОРМОСТ | МГТС | ЦОДД | Аппарат МЭРА | Росгвардия | Территориальные ОИВ | Территориальные ОИВ    ТиНАО | Департамент строительства города Москвы | Департамент культуры | ГКУ НТУ | ФСО | ДГП (Департамент градостроительной политики) | ДГП (Департамент градостроительной политики) | ГКУ Организатор перевозок | Депортамент гражданского строительства
6190000;;Башенный кран;;;;Башенный кран угроза падения;Угроза обрушения;MCHS;Угроза обрушения;26;Классификатор МЧС | Классификатор МВД | Классификатор МВД | Классификатор СМП | Классификатор МОСГАЗ | ЦЭМП | ЦЭМП | ЦЭМП | ЦЭМП | Мосгортранс | Гор. Хозяйство | ГОРМОСТ | МГТС | ЦОДД | Аппарат МЭРА | Росгвардия | Территориальные ОИВ | Территориальные ОИВ    ТиНАО | Департамент строительства города Москвы | Департамент культуры | ГКУ НТУ | ФСО | ДГП (Департамент градостроительной политики) | ДГП (Департамент градостроительной политики) | ГКУ Организатор перевозок | Депортамент гражданского строительства
6200000;;Прочие объекты;;;В: Уточнить, что конкретно;Угроза обрушения прочие объекты;Угроза обрушения;MCHS;Угроза обрушения;30;Классификатор МЧС | Классификатор МВД | Классификатор МВД | Классификатор МВД | Классификатор СМП | Классификатор МОСГАЗ | ЦЭМП | ЦЭМП | ЦЭМП | ЦЭМП | ЦЭМП | Мосгортранс | Гор. Хозяйство | ГОРМОСТ | ГОРМОСТ | ГОРМОСТ | МГТС | ЦОДД | Аппарат МЭРА | ДТУ | Росгвардия | Территориальные ОИВ | Территориальные ОИВ    ТиНАО | Департамент культуры | ГКУ НТУ | ФСО | ДГП (Департамент градостроительной политики) | ДГП (Департамент градостроительной политики) | ГКУ Организатор перевозок | Депортамент гражданского строительства
7010100;Природная стихия;Природная стихия;Ураган буря смерч сильный ветер;;Последствия;Ураган буря смерч;НЕТ В ЕКП;MCHS;;19;Классификатор МЧС | Классификатор МВД | Классификатор СМП | ЦЭМП | Гор. Хозяйство | ЦОДД | ДТУ | Территориальные ОИВ | Территориальные ОИВ    ТиНАО | Департамент культуры | ГКУ НТУ | ФСО | ДГП (Департамент градостроительной политики) | ДГП (Департамент градостроительной политики) | ЦУКБ Министерство обороны | ГПБУ Мосэкомониторинг | Министерство обороны РХБЗ | Министерство обороны РХБЗ | Депортамент гражданского строительства
7010200;;Природная стихия;Землетрясение до 5 баллов (возможно малое колебание окон и дверей);;Последствия;Землетрясение до 5 баллов;НЕТ В ЕКП;MCHS;;15;Классификатор МЧС | Классификатор МВД | Классификатор СМП | ЦЭМП | Гор. Хозяйство | ЦОДД | ДТУ | Территориальные ОИВ | Территориальные ОИВ    ТиНАО | Департамент культуры | ГКУ НТУ | ФСО | ЦУКБ Министерство обороны | Министерство обороны РХБЗ | Министерство обороны РХБЗ
7010300;;Природная стихия;Землетрясение более 5 баллов (качаются предметы, обрушение перегородок, стен, кровли);;Последствия;Землетрясение более 5 баллов;НЕТ В ЕКП;MCHS;;15;Классификатор МЧС | Классификатор МВД | Классификатор СМП | ЦЭМП | Гор. Хозяйство | ЦОДД | ДТУ | Территориальные ОИВ | Территориальные ОИВ    ТиНАО | Департамент культуры | ГКУ НТУ | ФСО | ЦУКБ Министерство обороны | Министерство обороны РХБЗ | Министерство обороны РХБЗ
7010400;;Природная стихия;Метеорит;;Последствия;Метеорит;НЕТ В ЕКП;MCHS;;12;Классификатор МЧС | Классификатор МВД | Классификатор СМП | ЦЭМП | Гор. Хозяйство | ЦОДД | ДТУ | Территориальные ОИВ | Территориальные ОИВ    ТиНАО | Департамент культуры | ГКУ НТУ | ФСО
7010500;;Природная стихия;Ливень град гроза;;Последствия;Ливень град гроза;НЕТ В ЕКП;MCHS;;13;Классификатор МЧС | Классификатор МВД | Классификатор СМП | ЦЭМП | Гор. Хозяйство | ДТУ | Территориальные ОИВ | Территориальные ОИВ    ТиНАО | Департамент культуры | ГКУ НТУ | ЦУКБ Министерство обороны | ГПБУ Мосэкомониторинг | Депортамент гражданского строительства
7010601;;Природная стихия;Ледяной дождь гололедно-изморозевое отложение;ЛЭП провода;;Ледяной дождь ЛЭП провода;Обледенение линий связи и ЛЭП (для введения в ЕКП);MCHS;;13;"Классификатор МЧС | Классификатор МВД | Классификатор СМП | ЦЭМП | Гор. Хозяйство | МГТС | МОЭСК (ПАО ""Россети Московский регион"") | РСВО | Территориальные ОИВ | Территориальные ОИВ    ТиНАО | Департамент культуры | ГКУ НТУ | ЦУКБ Министерство обороны"
7010602;;Природная стихия;Ледяной дождь гололедно-изморозевое отложение;контактная сеть;;Ледяной дождь контактная сеть;Обдеденение контактной сети (для введения в ЕКП);MCHS;;14;Классификатор МЧС | Классификатор МВД | Классификатор СМП | ЦЭМП | Мосгортранс | МГТС | Метро | ЦОДД | Аппарат МЭРА | Территориальные ОИВ | Территориальные ОИВ    ТиНАО | Департамент культуры | ГКУ НТУ | ЦУКБ Министерство обороны
7010603;;Природная стихия;Ледяной дождь гололедно-изморозевое отложение;Жд провоода;;Ледяной дождь жд провода;Обледенение жд линий связи и ЛЭП (для введения в ЕКП);MCHS;;10;Классификатор МЧС | Классификатор МВД | Классификатор СМП | ЦЭМП | ЦОДД | РЖД (МосковскаяЖД) | Территориальные ОИВ | Территориальные ОИВ    ТиНАО | Департамент культуры | ГКУ НТУ
7010604;;Природная стихия;Ледяной дождь гололедно-изморозевое отложение;Газопровод;;Ледяной дождь  газопровод;Нарушение на настенном газопроводе (искрение кабеля, обледенение, провисание);MCHS;;19;Классификатор МЧС | Классификатор МЧС | Классификатор МЧС | Классификатор МЧС | Классификатор МВД | Классификатор СМП | Классификатор МОСГАЗ | ЦЭМП | ЦЭМП | ЦЭМП | ЦЭМП | Классификатор Мособлгаз | Аппарат МЭРА | Территориальные ОИВ | Территориальные ОИВ    ТиНАО | Департамент культуры | ГКУ НТУ | ФСО | ООО Ситиэнерго
7010605;;Природная стихия;Ледяной дождь гололедно-изморозевое отложение;Нефтепровод;;Ледяной дождь нефтепровод;НЕТ В ЕКП;MCHS;;9;Классификатор МЧС | Классификатор МВД | Классификатор СМП | ЦЭМП | Территориальные ОИВ | Территориальные ОИВ    ТиНАО | Департамент культуры | ГКУ НТУ | ФСО
7010606;;Природная стихия;Ледяной дождь гололедно-изморозевое отложение;Прочее;В: Уточнить, что конкретно;Ледяной дождь прочее;НЕТ В ЕКП;MCHS;;6;Классификатор МВД | Территориальные ОИВ | Территориальные ОИВ    ТиНАО | Департамент культуры | ГКУ НТУ | ГПБУ Мосэкомониторинг
7010700;;Природная стихия;Оползень селевой поток снежная лавина;;;Оползень селевой поток снежная лавина;НЕТ В ЕКП;MCHS;;11;Классификатор МЧС | Классификатор МВД | Классификатор СМП | ЦЭМП | ЦОДД | Территориальные ОИВ | Территориальные ОИВ    ТиНАО | Департамент культуры | ГКУ НТУ | ФСО | ГПБУ Мосэкомониторинг
7010800;;Природная стихия;Лед скопление ледостав ледоход;;;Лед скопление ледостав ледоход;НЕТ В ЕКП;MCHS;;9;Классификатор МЧС | Классификатор МВД | Классификатор СМП | ЦЭМП | Территориальные ОИВ | Территориальные ОИВ    ТиНАО | Департамент культуры | ГКУ НТУ | ГПБУ Мосэкомониторинг
7010900;;Природная стихия;Туман плохая видимость;;В: видимость менее 50 м?;Туман плохая видимость;НЕТ В ЕКП;MCHS;;11;Классификатор МЧС | Классификатор МВД | Классификатор СМП | ЦЭМП | ЦОДД | Территориальные ОИВ | Территориальные ОИВ    ТиНАО | Департамент культуры | ГКУ НТУ | ЦУКБ Министерство обороны | ГПБУ Мосэкомониторинг
7011000;;Природная стихия;Прочие явления;;;Прочие природные явления;НЕТ В ЕКП;MCHS;;12;Классификатор МЧС | Классификатор МВД | Классификатор СМП | ЦЭМП | Мосводоканал | Мосводосток | Территориальные ОИВ | Территориальные ОИВ    ТиНАО | Департамент культуры | ГКУ НТУ | ЦУКБ Министерство обороны | ГПБУ Мосэкомониторинг
7011100;;Природная стихия;Повреждение автомашины в результате падения дерева, предмета и т.д.;;;Повреждение автомашины (стихия);Повреждение автомобиля в результате падения предмета либо действий людей;MCHS;;11;Классификатор МЧС | Классификатор МВД | Классификатор СМП | ЦЭМП | ЦЭМП | ЦЭМП | ЦЭМП | Аппарат МЭРА | Департамент культуры | ГКУ НТУ | ЦУКБ Министерство обороны
7020100;Скопление воды Подтопление Паводок;Скопление воды;Паводок разлив;;"В: Река ручей водоем озеро пруд; В: близость объектов и жилых домов, кладбищ";Подтопление территорий;Подтопление территорий;MCHS;Подтопление территорий;27;Классификатор МЧС | Классификатор МВД | Классификатор СМП | ЦЭМП | ЦЭМП | ЦЭМП | ЦЭМП | Гор. Хозяйство | ГОРМОСТ | ГОРМОСТ | Мосводоканал | ЦОДД | Аппарат МЭРА | Москоллектор | Центррегионводхоз (Московско-Окское БВУ) | Мосводосток | Департамент ППиООС | Территориальные ОИВ | Территориальные ОИВ    ТиНАО | Департамент культуры | ГКУ НТУ | ФСО | ДГП (Департамент градостроительной политики) | ДГП (Департамент градостроительной политики) | ЦУКБ Министерство обороны | Министерство обороны РХБЗ | Министерство обороны РХБЗ
7020200;;Скопление воды;Населенный пункт квартал улица;;В: наличие кладбищ;Подтопление населенный пункт;Подтопление территорий;MCHS;Подтопление территорий;21;Классификатор МЧС | Классификатор МВД | Классификатор СМП | ЦЭМП | ЦЭМП | ЦЭМП | ЦЭМП | ЦЭМП | Гор. Хозяйство | Мосводоканал | ЦОДД | Аппарат МЭРА | Москоллектор | Центррегионводхоз (Московско-Окское БВУ) | Мосводосток | Территориальные ОИВ | Территориальные ОИВ    ТиНАО | Департамент культуры | ГКУ НТУ | ФСО | ГПБУ Мосэкомониторинг
7020300;;Скопление воды;Здания сооружения;;;Подтопление зданий;Подтопление зданий и сооружений;MCHS;Подтопление зданий и сооружений;26;Классификатор МЧС | Классификатор МВД | Классификатор СМП | ЦЭМП | ЦЭМП | ЦЭМП | ЦЭМП | Гор. Хозяйство | ГОРМОСТ | ГОРМОСТ | ГОРМОСТ | МГТС | Мосводоканал | ЦОДД | Аппарат МЭРА | Москоллектор | Центррегионводхоз (Московско-Окское БВУ) | Мосводосток | Департамент ППиООС | Территориальные ОИВ | Территориальные ОИВ    ТиНАО | Департамент культуры | ГКУ НТУ | ДГП (Департамент градостроительной политики) | ДГП (Департамент градостроительной политики) | ЦУКБ Министерство обороны
7020400;;Скопление воды;Двор тротуар газон;;;Подтопление двор тротуар газон;Подтопление зданий и сооружений;MCHS;Подтопление зданий и сооружений;23;Классификатор МЧС | Классификатор МВД | Классификатор СМП | ЦЭМП | ЦЭМП | ЦЭМП | ЦЭМП | Гор. Хозяйство | МГТС | Мосводоканал | ЦОДД | Аппарат МЭРА | Москоллектор | Центррегионводхоз (Московско-Окское БВУ) | Мосводосток | Департамент ППиООС | Территориальные ОИВ | Территориальные ОИВ    ТиНАО | Департамент культуры | ГКУ НТУ | ДГП (Департамент градостроительной политики) | ДГП (Департамент градостроительной политики) | ЦУКБ Министерство обороны
7020500;;Скопление воды;Проезжая часть;;;Подтопление проезжей части;Подтопление проезжей части;MCHS;;24;Классификатор МЧС | Классификатор МЧС | Классификатор МВД | Классификатор СМП | ЦЭМП | ЦЭМП | ЦЭМП | ЦЭМП | Автомобильные дороги | Мосгортранс | Гор. Хозяйство | ГОРМОСТ | Мосводоканал | ЦОДД | Аппарат МЭРА | Мосводосток | Территориальные ОИВ | Территориальные ОИВ    ТиНАО | Автомобильные дороги АО г.Москвы | Департамент культуры | ГКУ НТУ | ФСО | ЦУКБ Министерство обороны | ГКУ Организатор перевозок
7020600;;Скопление воды;Мост эстакада подземный переход тоннель;;;Подтопление мост эстакада подземный переход тоннель;Скопление воды затопление путей тоннелей;MCHS;Подтопление зданий и сооружений;24;Классификатор МЧС | Классификатор МВД | Классификатор СМП | ЦЭМП | ЦЭМП | ЦЭМП | ЦЭМП | Автомобильные дороги | Мосгортранс | Гор. Хозяйство | ГОРМОСТ | ГОРМОСТ | ЦОДД | Аппарат МЭРА | Москоллектор | Территориальные ОИВ | Территориальные ОИВ    ТиНАО | Автомобильные дороги АО г.Москвы | Департамент культуры | ГКУ НТУ | ФСО | ЦУКБ Министерство обороны | ГКУ Организатор перевозок | ГПБУ Мосэкомониторинг
7020700;;Скопление воды;Метро (переход, станция, тоннель);;;Подтопление метро;Подтопление сооружений метрополитена;MCHS;Подтопление зданий и сооружений;24;Классификатор МЧС | Классификатор МВД | Классификатор СМП | ЦЭМП | ЦЭМП | ЦЭМП | ЦЭМП | Автомобильные дороги | Гор. Хозяйство | Метро | Мосводоканал | ЦОДД | Аппарат МЭРА | Мосводосток | Территориальные ОИВ | Территориальные ОИВ    ТиНАО | Автомобильные дороги АО г.Москвы | Департамент строительства города Москвы | Департамент культуры | ГКУ НТУ | ФСО | ЦУКБ Министерство обороны | ГКУ Организатор перевозок | ГПБУ Мосэкомониторинг
7020800;;Скопление воды;МЦК (переход, станция, тоннель);;;Подтопление МЦК;Скопление воды затопление путей тоннелей;MCHS;Подтопление зданий и сооружений;27;Классификатор МЧС | Классификатор МВД | Классификатор СМП | ЦЭМП | ЦЭМП | ЦЭМП | ЦЭМП | Автомобильные дороги | Мосгортранс | Гор. Хозяйство | ГОРМОСТ | ГОРМОСТ | Метро | Мосводоканал | ЦОДД | Аппарат МЭРА | РЖД (МосковскаяЖД) | Территориальные ОИВ | Территориальные ОИВ    ТиНАО | Автомобильные дороги АО г.Москвы | Департамент строительства города Москвы | Департамент культуры | ГКУ НТУ | ФСО | ЦУКБ Министерство обороны | ГКУ Организатор перевозок | ГПБУ Мосэкомониторинг
7020900;;Скопление воды;Газопровод газохранилище;;;Подтопление газопровод;Подтопление зданий и сооружений;MCHS;Подтопление зданий и сооружений;26;Классификатор МЧС | Классификатор МВД | Классификатор СМП | Классификатор МОСГАЗ | ЦЭМП | ЦЭМП | ЦЭМП | ЦЭМП | Классификатор Мособлгаз | Гор. Хозяйство | ГОРМОСТ | ГОРМОСТ | ГОРМОСТ | МГТС | Мосводоканал | ЦОДД | Аппарат МЭРА | Центррегионводхоз (Московско-Окское БВУ) | Мосводосток | Департамент ППиООС | Территориальные ОИВ | Территориальные ОИВ    ТиНАО | Департамент культуры | ГКУ НТУ | ФСО | ООО Ситиэнерго
7021000;;Скопление воды;Нефтепровод нефтехранилище;;;Подтопление нефтепровод;Подтопление зданий и сооружений;MCHS;Подтопление зданий и сооружений;20;Классификатор МЧС | Классификатор МВД | Классификатор СМП | ЦЭМП | ЦЭМП | ЦЭМП | ЦЭМП | Гор. Хозяйство | МГТС | Мосводоканал | ЦОДД | Аппарат МЭРА | Центррегионводхоз (Московско-Окское БВУ) | Мосводосток | Департамент ППиООС | Территориальные ОИВ | Территориальные ОИВ    ТиНАО | Департамент культуры | ГКУ НТУ | ФСО
7021100;;Скопление воды;Коммуникации подземные наземные;;;Подтопление коммуникации подземные наземные;Подтопление зданий и сооружений;MCHS;Подтопление зданий и сооружений;26;Классификатор МЧС | Классификатор МВД | Классификатор СМП | ЦЭМП | ЦЭМП | ЦЭМП | ЦЭМП | Гор. Хозяйство | ГОРМОСТ | ГОРМОСТ | ГОРМОСТ | МГТС | Мосводоканал | МОЭК | ЦОДД | Аппарат МЭРА | Москоллектор | Центррегионводхоз (Московско-Окское БВУ) | Мосводосток | Департамент ППиООС | Территориальные ОИВ | Территориальные ОИВ    ТиНАО | Департамент культуры | ГКУ НТУ | ФСО | ООО Ситиэнерго
7021200;;Скопление воды;Котлован;;;Подтопление котлована;Поступает вода в котлован строителей;;;19;Классификатор МВД | Классификатор СМП | ЦЭМП | ЦЭМП | ЦЭМП | ЦЭМП | Гор. Хозяйство | Мосводоканал | Аппарат МЭРА | Мосводосток | Территориальные ОИВ | Территориальные ОИВ    ТиНАО | Департамент строительства города Москвы | Департамент культуры | ГКУ НТУ | ДГП (Департамент градостроительной политики) | ДГП (Департамент градостроительной политики) | ГПБУ Мосэкомониторинг | Депортамент гражданского строительства
7021300;;Скопление воды;Промоина размыта земля;;;Промоина размыта земля;Промоина;MCHS;Провалы грунта;23;Классификатор МЧС | Классификатор МВД | Классификатор СМП | ЦЭМП | ЦЭМП | ЦЭМП | ЦЭМП | Классификатор Мособлгаз | Мосгортранс | Гор. Хозяйство | ГОРМОСТ | ГОРМОСТ | Мосводоканал | ЦОДД | Аппарат МЭРА | Москоллектор | Департамент ППиООС | Территориальные ОИВ | Территориальные ОИВ    ТиНАО | Департамент строительства города Москвы | Департамент культуры | ГКУ НТУ | ГПБУ Мосэкомониторинг
7021400;;Скопление воды;Прочие объекты;;;Подтопление прочие объекты;Подтопление зданий и сооружений;MCHS;Подтопление зданий и сооружений;28;Классификатор МЧС | Классификатор МВД | Классификатор СМП | ЦЭМП | ЦЭМП | ЦЭМП | ЦЭМП | ЦЭМП | Гор. Хозяйство | ГОРМОСТ | ГОРМОСТ | ГОРМОСТ | МГТС | Мосводоканал | ЦОДД | Аппарат МЭРА | Москоллектор | Центррегионводхоз (Московско-Окское БВУ) | Мосводосток | Департамент ППиООС | ДТУ | Территориальные ОИВ | Территориальные ОИВ    ТиНАО | Департамент культуры | ГКУ НТУ | ДГП (Департамент градостроительной политики) | ДГП (Департамент градостроительной политики) | Депортамент гражданского строительства
8010100;Нарушение экологии  в акваториях и на берегах водоемов;Грязь отходы мусор;Водоем с заметным течением - река,канал, ручей, водохранилище и т.д.;;;Грязь отходы мусор в акватории реки;Экологическое правонарушение;;;12;ЦЭМП | ЦЭМП | ЦЭМП | ЦЭМП | Гор. Хозяйство | Канал имени Москвы | Аппарат МЭРА | Мосводосток | Департамент ППиООС | Росгвардия | Департамент культуры | ГКУ НТУ
8010101;;Грязь отходы мусор;Водоем с заметным течением - река,канал, ручей, водохранилище и т.д.;Сливают сбрасывают в данный момент;;Грязь отходы мусор в акватории реки - сбрасывают сейчас;Экологическое правонарушение;;;13;Классификатор МВД | ЦЭМП | ЦЭМП | ЦЭМП | ЦЭМП | Гор. Хозяйство | Канал имени Москвы | Аппарат МЭРА | Мосводосток | Департамент ППиООС | Росгвардия | Департамент культуры | ГКУ НТУ
8010200;;Грязь отходы мусор;Водоем со слабым течением - пруд, озеро и т.д.;;;Грязь отходы мусор в акватории озера;Экологическое правонарушение;;;10;ЦЭМП | ЦЭМП | ЦЭМП | ЦЭМП | Гор. Хозяйство | Аппарат МЭРА | Департамент ППиООС | Росгвардия | Департамент культуры | ГКУ НТУ
8010201;;Грязь отходы мусор;Водоем со слабым течением - пруд, озеро и т.д.;Сливают сбрасывают в данный момент;;Грязь отходы мусор в акватории озера - сбрасывают сейчас;Экологическое правонарушение;;;12;Классификатор МВД | ЦЭМП | ЦЭМП | ЦЭМП | ЦЭМП | Гор. Хозяйство | Канал имени Москвы | Аппарат МЭРА | Департамент ППиООС | Росгвардия | Департамент культуры | ГКУ НТУ
8010300;;Грязь отходы мусор;Берег;;;Грязь отходы мусор на берегу;Экологическое правонарушение;;;10;ЦЭМП | ЦЭМП | ЦЭМП | ЦЭМП | Гор. Хозяйство | Аппарат МЭРА | Департамент ППиООС | Росгвардия | Департамент культуры | ГКУ НТУ
8010301;;Грязь отходы мусор;Берег;Сливают сбрасывают в данный момент;;Грязь отходы мусор на берегу - сбрасывают сейчас;Экологическое правонарушение;;;12;Классификатор МВД | ЦЭМП | ЦЭМП | ЦЭМП | ЦЭМП | Гор. Хозяйство | Канал имени Москвы | Аппарат МЭРА | Департамент ППиООС | Росгвардия | Департамент культуры | ГКУ НТУ
8020100;;Цветное пятно химическая пленка;Водоем с заметным течением - река,канал, ручей, водохранилище и т.д.;;;Цветное пятно химическая пленка в акватории реки;Загрязнение акватории реки.;MCHS;Загрязнение акватории реки;19;Классификатор МЧС | Классификатор СМП | ЦЭМП | ЦЭМП | ЦЭМП | ЦЭМП | Гор. Хозяйство | Канал имени Москвы | Аппарат МЭРА | Центррегионводхоз (Московско-Окское БВУ) | Мосводосток | Департамент ППиООС | Территориальные ОИВ | Территориальные ОИВ    ТиНАО | Департамент культуры | ГКУ НТУ | ЦУКБ Министерство обороны | Министерство обороны РХБЗ | Министерство обороны РХБЗ
8020101;;Цветное пятно химическая пленка;Водоем с заметным течением - река,канал, ручей, водохранилище и т.д.;Сливают сбрасывают в данный момент;;Цветное пятно химическая пленка в акватории реки - сбрасывают сейчас;Загрязнение акватории реки.;MCHS;Загрязнение акватории реки;21;Классификатор МЧС | Классификатор МВД | Классификатор СМП | ЦЭМП | ЦЭМП | ЦЭМП | ЦЭМП | Гор. Хозяйство | Канал имени Москвы | Мосводоканал | Аппарат МЭРА | Центррегионводхоз (Московско-Окское БВУ) | Мосводосток | Департамент ППиООС | Территориальные ОИВ | Территориальные ОИВ    ТиНАО | Департамент культуры | ГКУ НТУ | ЦУКБ Министерство обороны | Министерство обороны РХБЗ | Министерство обороны РХБЗ
8020200;;Цветное пятно химическая пленка;Водоем со слабым течением - пруд, озеро и т.д.;;;Цветное пятно химическая пленка в акватории озера;Загрязнение акватории озера;MCHS;Загрязнение акватории озера;17;Классификатор МЧС | Классификатор СМП | ЦЭМП | ЦЭМП | ЦЭМП | ЦЭМП | Гор. Хозяйство | Канал имени Москвы | Аппарат МЭРА | Центррегионводхоз (Московско-Окское БВУ) | Департамент ППиООС | Территориальные ОИВ | Территориальные ОИВ    ТиНАО | Департамент культуры | ГКУ НТУ | Министерство обороны РХБЗ | Министерство обороны РХБЗ
8020201;;Цветное пятно химическая пленка;Водоем со слабым течением - пруд, озеро и т.д.;Сливают сбрасывают в данный момент;;Цветное пятно химическая пленка в акватории озера - сбрасывают сейчас;Загрязнение акватории озера;MCHS;Загрязнение акватории озера;20;Классификатор МЧС | Классификатор МВД | Классификатор СМП | ЦЭМП | ЦЭМП | ЦЭМП | ЦЭМП | Гор. Хозяйство | Канал имени Москвы | Мосводоканал | Аппарат МЭРА | Центррегионводхоз (Московско-Окское БВУ) | Мосводосток | Департамент ППиООС | Территориальные ОИВ | Территориальные ОИВ    ТиНАО | Департамент культуры | ГКУ НТУ | Министерство обороны РХБЗ | Министерство обороны РХБЗ
8030100;;Нефтепродукты разлив (бензин, керосин, дизельное топливо, нефть, смазочные материалы, моторное масло);Водоем с заметным течением - река, канал, ручей и т.д.;;;Разлив нефтепродуктов в акватории реки;Разлив нефтепродуктов на акватории реки;MCHS;Разлив нефтепродуктов на акватории реки;20;Классификатор МЧС | Классификатор МВД | Классификатор СМП | ЦЭМП | ЦЭМП | ЦЭМП | ЦЭМП | Классификатор ФСБ | Гор. Хозяйство | Канал имени Москвы | Аппарат МЭРА | Центррегионводхоз (Московско-Окское БВУ) | Мосводосток | Департамент ППиООС | Территориальные ОИВ | Территориальные ОИВ    ТиНАО | Департамент культуры | ГКУ НТУ | ЦУКБ Министерство обороны | ГКУ Организатор перевозок
8030200;;Нефтепродукты разлив (бензин, керосин, дизельное топливо, нефть, смазочные материалы, моторное масло);Водоем со слабым течением - пруд, озеро и т.д.;;;Разлив нефтепродуктов в акватории озера;Разлив нефтепродуктов на акватории озеро;MCHS;Разлив нефтепродуктов на акватории озера;16;Классификатор МЧС | Классификатор МВД | Классификатор СМП | ЦЭМП | ЦЭМП | ЦЭМП | ЦЭМП | Гор. Хозяйство | Канал имени Москвы | Аппарат МЭРА | Центррегионводхоз (Московско-Окское БВУ) | Департамент ППиООС | Территориальные ОИВ | Территориальные ОИВ    ТиНАО | Департамент культуры | ГКУ НТУ
8040000;;Рыба гибель массовая;;;;Массовая гибель рыбы;Массовая гибель рыбы;MCHS;;16;Классификатор МЧС | Классификатор МВД | Классификатор СМП | ЦЭМП | ЦЭМП | ЦЭМП | ЦЭМП | Гор. Хозяйство | Канал имени Москвы | Аппарат МЭРА | Центррегионводхоз (Московско-Окское БВУ) | Департамент ППиООС | Территориальные ОИВ | Территориальные ОИВ    ТиНАО | Департамент культуры | ГКУ НТУ
8050000;;Прочие экологические нарушения;;;;Другие нарушения на водоеме;Экологическое правонарушение;;;11;Классификатор МВД | ЦЭМП | ЦЭМП | ЦЭМП | ЦЭМП | Гор. Хозяйство | Аппарат МЭРА | Департамент ППиООС | Росгвардия | Департамент культуры | ГКУ НТУ
8990100;Экологические правонарушения;Экологическое правонарушение;От Службы 102;;;Экологическое правонарушение;;;;6;Департамент ППиООС | ЭВАЖД | Территориальные ОИВ | Территориальные ОИВ    ТиНАО | Департамент культуры | ГКУ НТУ
9010000;Аварии на гидротехнических сооружениях;Без прорыва напорного фронта;;;В:Плотина гидроэлектростанция шлюз дамба насосная станция канал сооружение для защиты от наводнений прочие объекты;Гидродинамическая авария без прорыва напорного фронта;Гидродинамические аварии;MCHS;Гидродинамические аварии;22;Классификатор МЧС | Классификатор МЧС | Классификатор МВД | Классификатор СМП | Классификатор МОСГАЗ | ЦЭМП | ЦЭМП | ЦЭМП | ЦЭМП | Классификатор Мособлгаз | Гор. Хозяйство | Канал имени Москвы | ЦОДД | Департамент РБиПК             (ГКУ МОСБЕЗ) | Департамент РБиПК             (ГКУ МОСБЕЗ) | Аппарат МЭРА | Центррегионводхоз (Московско-Окское БВУ) | ОАТИ | Территориальные ОИВ | Территориальные ОИВ    ТиНАО | ГКУ НТУ | ГПБУ Мосэкомониторинг
9020000;;Прорыв напорного форнта;;;В: Плотина гидроэлектростанция шлюз дамба насосная станция канал сооружение для защиты от наводнений прочие объекты;Гидродинамическая авария с прорывом напорного фронта;Гидродинамические аварии;MCHS;Гидродинамические аварии;24;Классификатор МЧС | Классификатор МЧС | Классификатор МВД | Классификатор СМП | Классификатор МОСГАЗ | ЦЭМП | ЦЭМП | ЦЭМП | ЦЭМП | ЦЭМП | Классификатор Мособлгаз | Гор. Хозяйство | Канал имени Москвы | ЦОДД | Департамент РБиПК             (ГКУ МОСБЕЗ) | Департамент РБиПК             (ГКУ МОСБЕЗ) | Аппарат МЭРА | Центррегионводхоз (Московско-Окское БВУ) | ОАТИ | Территориальные ОИВ | Территориальные ОИВ    ТиНАО | ГКУ НТУ | ФСО | ГПБУ Мосэкомониторинг
10010100;Авария - опасный и производственный объект;Авария - опасный объект;Химический опасный  производство переработка хранение АХОВ;;;Авария АХОВ;Аварии при переработке АХОВ;MCHS;Аварии при переработке АХОВ;28;Классификатор МЧС | Классификатор МВД | Классификатор СМП | ЦЭМП | ЦЭМП | ЦЭМП | ЦЭМП | ЦЭМП | Классификатор ФСБ | Мосгортранс | Гор. Хозяйство | ЦОДД | Департамент РБиПК             (ГКУ МОСБЕЗ) | Департамент РБиПК             (ГКУ МОСБЕЗ) | Аппарат МЭРА | Департамент образования | ОАТИ | Департамент ППиООС | ДТУ | Территориальные ОИВ | Территориальные ОИВ    ТиНАО | Департамент культуры | ГКУ НТУ | ФСО | ЦУКБ Министерство обороны | ГКУ Организатор перевозок | Министерство обороны РХБЗ | Министерство обороны РХБЗ
10010200;;Авария - опасный объект;Биологический;;;Авария на биологически опасном объекте;Аварии на биологически опасных объектах;MCHS;Аварии на биологически опасных объектах;24;Классификатор МЧС | Классификатор МВД | Классификатор СМП | ЦЭМП | Классификатор ФСБ | Мосгортранс | Гор. Хозяйство | ЦОДД | Департамент РБиПК             (ГКУ МОСБЕЗ) | Департамент РБиПК             (ГКУ МОСБЕЗ) | Аппарат МЭРА | Военная комендатура | ОАТИ | Департамент ППиООС | Росгвардия | Территориальные ОИВ | Территориальные ОИВ    ТиНАО | Департамент культуры | ГКУ НТУ | ФСО | ЦУКБ Министерство обороны | ГКУ Организатор перевозок | Министерство обороны РХБЗ | Министерство обороны РХБЗ
10010300;;Авария - опасный объект;Взрывопожарный;;;Авария на взрывопожароопасном объекте;Аварии на взрывопожароопасных объектах;MCHS;Аварии на взрывопожароопасных объектах;23;Классификатор МЧС | Классификатор МВД | Классификатор СМП | ЦЭМП | Классификатор ФСБ | Мосгортранс | Гор. Хозяйство | МОЭК | ЦОДД | Департамент РБиПК             (ГКУ МОСБЕЗ) | Департамент РБиПК             (ГКУ МОСБЕЗ) | Аппарат МЭРА | ОАТИ | Департамент ППиООС | Росгвардия | Территориальные ОИВ | Территориальные ОИВ    ТиНАО | Департамент культуры | ГКУ НТУ | ФСО | ЦУКБ Министерство обороны | ГКУ Организатор перевозок | ООО Ситиэнерго
10010400;;Авария - опасный объект;Газопровод  газохранилище;;;Авария газопровод, газохранилище;Аварии на газопроводах;MCHS;Аварии на газо-, нефте-, продуктопроводах;29;Классификатор МЧС | Классификатор МВД | Классификатор СМП | Классификатор МОСГАЗ | ЦЭМП | ЦЭМП | ЦЭМП | ЦЭМП | ЦЭМП | Классификатор ФСБ | Классификатор Мособлгаз | Мосгортранс | Гор. Хозяйство | МОЭК | ЦОДД | Деп. ЖКХ | Департамент РБиПК             (ГКУ МОСБЕЗ) | Департамент РБиПК             (ГКУ МОСБЕЗ) | Аппарат МЭРА | Москоллектор | ОАТИ | Департамент ППиООС | Территориальные ОИВ | Территориальные ОИВ    ТиНАО | Департамент культуры | ГКУ НТУ | ФСО | ГКУ Организатор перевозок | ООО Ситиэнерго
10010500;;Авария - опасный объект;Газопровод  коммунальный;;;Авария коммунальный газопровод;Аварии на коммунальных газопроводах;MCHS;Аварии на коммунальных газопроводах;23;Классификатор МЧС | Классификатор МВД | Классификатор СМП | Классификатор МОСГАЗ | ЦЭМП | ЦЭМП | ЦЭМП | ЦЭМП | Классификатор Мособлгаз | Мосгортранс | Гор. Хозяйство | ЦОДД | Департамент РБиПК             (ГКУ МОСБЕЗ) | Департамент РБиПК             (ГКУ МОСБЕЗ) | Аппарат МЭРА | ОАТИ | Департамент ППиООС | Территориальные ОИВ | Территориальные ОИВ    ТиНАО | Департамент культуры | ГКУ НТУ | ФСО | ГКУ Организатор перевозок
10010600;;Авария - опасный объект;Нефтепровод нефтехранилище;;;Авария нефтепровод, нефтехранилище;Аварии на нефте-, продуктопроводах;MCHS;Аварии на газо-, нефте-, продуктопроводах;24;Классификатор МЧС | Классификатор МВД | Классификатор СМП | Классификатор МОСГАЗ | ЦЭМП | ЦЭМП | ЦЭМП | ЦЭМП | Классификатор ФСБ | Классификатор Мособлгаз | Мосгортранс | Гор. Хозяйство | ЦОДД | Департамент РБиПК             (ГКУ МОСБЕЗ) | Департамент РБиПК             (ГКУ МОСБЕЗ) | Аппарат МЭРА | ОАТИ | Департамент ППиООС | Территориальные ОИВ | Территориальные ОИВ    ТиНАО | Департамент культуры | ГКУ НТУ | ФСО | ГКУ Организатор перевозок
10010700;;Авария - опасный объект;Прочие объекты;;;Авария на опасном объекте (прочее);Аварии на химически опасных объектах;MCHS;Аварии на химически опасных объектах;26;Классификатор МЧС | Классификатор МВД | Классификатор СМП | ЦЭМП | Классификатор ФСБ | Мосгортранс | Гор. Хозяйство | ЦОДД | Департамент РБиПК             (ГКУ МОСБЕЗ) | Департамент РБиПК             (ГКУ МОСБЕЗ) | Аппарат МЭРА | Департамент образования | ОАТИ | Департамент ППиООС | ОД Департамент ТСЗН | Росгвардия | Территориальные ОИВ | Территориальные ОИВ    ТиНАО | Департамент культуры | ГКУ НТУ | ФСО | ЦУКБ Министерство обороны | ГКУ Организатор перевозок | Министерство обороны РХБЗ | Министерство обороны РХБЗ | ООО Ситиэнерго
10010800;;Авария - опасный объект;Мусорный полигон, свалка;;;Авария в хранилище отходов;Аварии при перепол.хранилищ пром/быт.отход.;MCHS;Аварии при хранении АХОВ;22;Классификатор МЧС | Классификатор МВД | Классификатор СМП | ЦЭМП | ЦЭМП | ЦЭМП | ЦЭМП | Мосгортранс | Гор. Хозяйство | ЦОДД | Департамент РБиПК             (ГКУ МОСБЕЗ) | Департамент РБиПК             (ГКУ МОСБЕЗ) | Аппарат МЭРА | Центррегионводхоз (Московско-Окское БВУ) | ОАТИ | Департамент ППиООС | Территориальные ОИВ | Территориальные ОИВ    ТиНАО | Департамент культуры | ГКУ НТУ | ФСО | ГКУ Организатор перевозок
10020100;;Выброс / разлитие;АХОВ;;;Выброс АХОВ;Выброс АХОВ;MCHS;Аварии при хранении АХОВ;28;Классификатор МЧС | Классификатор МВД | Классификатор СМП | ЦЭМП | ЦЭМП | ЦЭМП | ЦЭМП | ЦЭМП | Мосгортранс | Гор. Хозяйство | ЦОДД | Департамент РБиПК             (ГКУ МОСБЕЗ) | Департамент РБиПК             (ГКУ МОСБЕЗ) | Аппарат МЭРА | Департамент образования | Военная комендатура | ОАТИ | Департамент ППиООС | ДТУ | Территориальные ОИВ | Территориальные ОИВ    ТиНАО | Департамент культуры | ГКУ НТУ | ФСО | ЦУКБ Министерство обороны | ГКУ Организатор перевозок | Министерство обороны РХБЗ | Министерство обороны РХБЗ
10020200;;Выброс / разлитие;БОВ;;;Выброс БОВ;Выброс БОВ;MCHS;Запах неизвестного газа с признаками СДЯВ;27;Классификатор МЧС | Классификатор МВД | Классификатор СМП | ЦЭМП | ЦЭМП | ЦЭМП | ЦЭМП | ЦЭМП | Классификатор ФСБ | Мосгортранс | Гор. Хозяйство | ЦОДД | Департамент РБиПК             (ГКУ МОСБЕЗ) | Департамент РБиПК             (ГКУ МОСБЕЗ) | Аппарат МЭРА | Военная комендатура | ОАТИ | Департамент ППиООС | Территориальные ОИВ | Территориальные ОИВ    ТиНАО | Департамент культуры | ГКУ НТУ | ФСО | ЦУКБ Министерство обороны | ГКУ Организатор перевозок | Министерство обороны РХБЗ | Министерство обороны РХБЗ
10020300;;Выброс / разлитие;БИО;;;Выброс БИО;Выброс БИО агентов;MCHS;Запах неизвестного газа с признаками СДЯВ;25;Классификатор МЧС | Классификатор МВД | Классификатор СМП | ЦЭМП | ЦЭМП | ЦЭМП | ЦЭМП | ЦЭМП | Мосгортранс | Гор. Хозяйство | ЦОДД | Департамент РБиПК             (ГКУ МОСБЕЗ) | Департамент РБиПК             (ГКУ МОСБЕЗ) | Аппарат МЭРА | ОАТИ | Департамент ППиООС | Территориальные ОИВ | Территориальные ОИВ    ТиНАО | Департамент культуры | ГКУ НТУ | ФСО | ЦУКБ Министерство обороны | ГКУ Организатор перевозок | Министерство обороны РХБЗ | Министерство обороны РХБЗ
10020400;;Выброс / разлитие;Химических веществ;;;Разлитие химических веществ;Выброс/разлитие химических веществ;MCHS;Аварии при хранении АХОВ;28;Классификатор МЧС | Классификатор МВД | Классификатор СМП | Классификатор МОСГАЗ | ЦЭМП | ЦЭМП | ЦЭМП | ЦЭМП | ЦЭМП | Классификатор ФСБ | Мосгортранс | Гор. Хозяйство | ЦОДД | Департамент РБиПК             (ГКУ МОСБЕЗ) | Департамент РБиПК             (ГКУ МОСБЕЗ) | Аппарат МЭРА | ОАТИ | Департамент ППиООС | Росгвардия | Территориальные ОИВ | Территориальные ОИВ    ТиНАО | Департамент культуры | ГКУ НТУ | ФСО | ЦУКБ Министерство обороны | ГКУ Организатор перевозок | Министерство обороны РХБЗ | Министерство обороны РХБЗ
10020500;;Выброс / разлитие;Горючих веществ;;;Разлитие горючих веществ;Разлитие горючих веществ;MCHS;РАЗЛИВ ТОПЛИВА;24;Классификатор МЧС | Классификатор МВД | Классификатор СМП | ЦЭМП | Автомобильные дороги | Мосгортранс | Гор. Хозяйство | ГОРМОСТ | ГОРМОСТ | ГОРМОСТ | ЦОДД | Департамент РБиПК             (ГКУ МОСБЕЗ) | Департамент РБиПК             (ГКУ МОСБЕЗ) | Аппарат МЭРА | ОАТИ | Департамент ППиООС | Территориальные ОИВ | Территориальные ОИВ    ТиНАО | Автомобильные дороги АО г.Москвы | Департамент культуры | ГКУ НТУ | ФСО | ЦУКБ Министерство обороны | ГКУ Организатор перевозок
10030100;Радиация;Радиация;Заражение;;;Радиоактивное заражение;Радиоактивные заражения;MCHS;РАДИОАКТИВНЫЕ ЗАРАЖЕНИЯ;33;Классификатор МЧС | Классификатор МВД | Классификатор СМП | ЦЭМП | ЦЭМП | ЦЭМП | ЦЭМП | ЦЭМП | Классификатор ФСБ | Мосгортранс | Гор. Хозяйство | ЦОДД | Департамент РБиПК             (ГКУ МОСБЕЗ) | Департамент РБиПК             (ГКУ МОСБЕЗ) | Аппарат МЭРА | Департамент образования | Центррегионводхоз (Московско-Окское БВУ) | Военная комендатура | ОАТИ | Департамент ППиООС | Росгвардия | Территориальные ОИВ | Территориальные ОИВ    ТиНАО | Департамент культуры | ГКУ НТУ | ФСО | ДГП (Департамент градостроительной политики) | ДГП (Департамент градостроительной политики) | ЦУКБ Министерство обороны | ГКУ Организатор перевозок | Министерство обороны РХБЗ | Министерство обороны РХБЗ | Депортамент гражданского строительства
10030200;;Радиация;Выброс;;;Выброс радиации;Выброс радиоактивных веществ;MCHS;Угроза выброса радиоактивных веществ;29;Классификатор МЧС | Классификатор МВД | Классификатор СМП | ЦЭМП | ЦЭМП | ЦЭМП | ЦЭМП | ЦЭМП | Классификатор ФСБ | Мосгортранс | Гор. Хозяйство | ЦОДД | Департамент РБиПК             (ГКУ МОСБЕЗ) | Департамент РБиПК             (ГКУ МОСБЕЗ) | Аппарат МЭРА | Департамент образования | Военная комендатура | ОАТИ | Департамент ППиООС | Росгвардия | Территориальные ОИВ | Территориальные ОИВ    ТиНАО | Департамент культуры | ГКУ НТУ | ФСО | ЦУКБ Министерство обороны | ГКУ Организатор перевозок | Министерство обороны РХБЗ | Министерство обороны РХБЗ
10030300;;Радиация;Авария;;;Авария на радиактивно опасном объекте;Аварии на радиактивно опасных объектах;MCHS;Аварии на радиактивно опасных объектах;24;Классификатор МЧС | Классификатор МВД | Классификатор СМП | ЦЭМП | Классификатор ФСБ | Мосгортранс | Гор. Хозяйство | ЦОДД | Департамент РБиПК             (ГКУ МОСБЕЗ) | Департамент РБиПК             (ГКУ МОСБЕЗ) | Аппарат МЭРА | Департамент образования | ОАТИ | Департамент ППиООС | Росгвардия | Территориальные ОИВ | Территориальные ОИВ    ТиНАО | Департамент культуры | ГКУ НТУ | ФСО | ЦУКБ Министерство обороны | ГКУ Организатор перевозок | Министерство обороны РХБЗ | Министерство обороны РХБЗ
10030400;;Радиация;Угроза выброса: Радиоактивное вещество;;сработали измерительные приборы, заметили при обходе запах, трещина на трубе, коммунальная авария (нет света), которая может привести к необратимым последствиям - сообщение от специалиста, точное наименование объекта;Угроза выброса радиации;Угроза выброса радиоактивных веществ;MCHS;Угроза выброса радиоактивных веществ;24;Классификатор МЧС | Классификатор МВД | Классификатор СМП | ЦЭМП | ЦЭМП | ЦЭМП | Мосгортранс | ЦОДД | Департамент РБиПК             (ГКУ МОСБЕЗ) | Департамент РБиПК             (ГКУ МОСБЕЗ) | Аппарат МЭРА | Департамент образования | Военная комендатура | ОАТИ | Росгвардия | Территориальные ОИВ | Территориальные ОИВ    ТиНАО | Департамент культуры | ГКУ НТУ | ФСО | ЦУКБ Министерство обороны | ГКУ Организатор перевозок | Министерство обороны РХБЗ | Министерство обороны РХБЗ
10030500;;Радиация;Угроза выброса: Радиационный фон превышение;;сработали измерительные приборы, заметили при обходе запах, трещина на трубе, коммунальная авария (нет света), которая может привести к необратимым последствиям - сообщение от специалиста, точное наименование объекта;Превышение радиоактивного фона;Подозрение на превышение радиационного фона;MCHS;Подозрение на превышение радиационного фона;25;Классификатор МЧС | Классификатор МВД | Классификатор МВД | Классификатор МВД | Классификатор СМП | ЦЭМП | ЦЭМП | ЦЭМП | Мосгортранс | ЦОДД | Департамент РБиПК             (ГКУ МОСБЕЗ) | Департамент РБиПК             (ГКУ МОСБЕЗ) | Аппарат МЭРА | Департамент образования | ОАТИ | Росгвардия | Территориальные ОИВ | Территориальные ОИВ    ТиНАО | Департамент культуры | ГКУ НТУ | ФСО | ЦУКБ Министерство обороны | ГКУ Организатор перевозок | Министерство обороны РХБЗ | Министерство обороны РХБЗ
11010100;Угрозы выброса опасных веществ;Опасное вещество - угроза выброса;Опасное вещество АХОВ;;сработали измерительные приборы, заметили при обходе запах, трещина на трубе, коммунальная авария (нет света), которая может привести к необратимым последствиям - сообщение от специалиста, точное наименование объекта;Угроза выброса АХОВ;Угроза выброса АХОВ;MCHS;Угроза выброса АХОВ;22;Классификатор МЧС | Классификатор СМП | ЦЭМП | ЦЭМП | ЦЭМП | Мосгортранс | ЦОДД | Департамент РБиПК             (ГКУ МОСБЕЗ) | Департамент РБиПК             (ГКУ МОСБЕЗ) | Аппарат МЭРА | Департамент образования | ДТУ | Росгвардия | Территориальные ОИВ | Территориальные ОИВ    ТиНАО | Департамент культуры | ГКУ НТУ | ФСО | ЦУКБ Министерство обороны | ГКУ Организатор перевозок | Министерство обороны РХБЗ | Министерство обороны РХБЗ
11010200;;Опасное вещество - угроза выброса;Боевое отравляющее вещество БОВ;;сработали измерительные приборы, заметили при обходе запах, трещина на трубе, коммунальная авария (нет света), которая может привести к необратимым последствиям - сообщение от специалиста, точное наименование объекта;Угроза выброса БОВ;Угроза выброса АХОВ;MCHS;Угроза выброса АХОВ;22;Классификатор МЧС | Классификатор СМП | ЦЭМП | ЦЭМП | ЦЭМП | Мосгортранс | ЦОДД | Департамент РБиПК             (ГКУ МОСБЕЗ) | Департамент РБиПК             (ГКУ МОСБЕЗ) | Аппарат МЭРА | Департамент образования | Департамент ППиООС | Росгвардия | Территориальные ОИВ | Территориальные ОИВ    ТиНАО | Департамент культуры | ГКУ НТУ | ФСО | ЦУКБ Министерство обороны | ГКУ Организатор перевозок | Министерство обороны РХБЗ | Министерство обороны РХБЗ
11010300;;Опасное вещество - угроза выброса;Биологический агент БИО;;сработали измерительные приборы, заметили при обходе запах, трещина на трубе, коммунальная авария (нет света), которая может привести к необратимым последствиям - сообщение от специалиста, точное наименование объекта;Угроза выброса БИО;Угроза выброса АХОВ;MCHS;Угроза выброса АХОВ;22;Классификатор МЧС | Классификатор СМП | ЦЭМП | ЦЭМП | ЦЭМП | Мосгортранс | ЦОДД | Департамент РБиПК             (ГКУ МОСБЕЗ) | Департамент РБиПК             (ГКУ МОСБЕЗ) | Аппарат МЭРА | Департамент образования | Департамент ППиООС | Росгвардия | Территориальные ОИВ | Территориальные ОИВ    ТиНАО | Департамент культуры | ГКУ НТУ | ФСО | ЦУКБ Министерство обороны | ГКУ Организатор перевозок | Министерство обороны РХБЗ | Министерство обороны РХБЗ
11010400;;Опасное вещество - угроза выброса;Угроза газовой атаки;;;Угроза газовой атаки;Угроза газовой атаки;MCHS;Угроза выброса АХОВ;21;Классификатор МЧС | Классификатор МВД | Классификатор СМП | ЦЭМП | ЦЭМП | ЦЭМП | ЦЭМП | Мосгортранс | Департамент РБиПК             (ГКУ МОСБЕЗ) | Департамент РБиПК             (ГКУ МОСБЕЗ) | Аппарат МЭРА | Территориальные ОИВ | Территориальные ОИВ    ТиНАО | Департамент культуры | ГКУ НТУ | ФСО | ЦУКБ Министерство обороны | ГКУ Организатор перевозок | ГПБУ Мосэкомониторинг | Министерство обороны РХБЗ | Министерство обороны РХБЗ
11010500;;Опасное вещество - угроза выброса;Прочие опасные вещества;;сработали измерительные приборы, заметили при обходе запах, трещина на трубе, коммунальная авария (нет света), которая может привести к необратимым последствиям - сообщение от специалиста, точное наименование объекта;Угроза выброса опасных веществ;Угроза выброса АХОВ;MCHS;Угроза выброса АХОВ;23;Классификатор МЧС | Классификатор МВД | Классификатор СМП | ЦЭМП | ЦЭМП | ЦЭМП | Мосгортранс | ЦОДД | Департамент РБиПК             (ГКУ МОСБЕЗ) | Департамент РБиПК             (ГКУ МОСБЕЗ) | Аппарат МЭРА | Департамент образования | Департамент ППиООС | Росгвардия | Территориальные ОИВ | Территориальные ОИВ    ТиНАО | Департамент культуры | ГКУ НТУ | ФСО | ЦУКБ Министерство обороны | ГКУ Организатор перевозок | Министерство обороны РХБЗ | Министерство обороны РХБЗ
11020100;Неизвестный неприятный запах;Неизвестный запах;Резь в глазах - от заявителя;;;Неизвестный запах (резь в глазах);Запах неизвестного газа с признаками СДЯВ;MCHS;Запах неизвестного газа с признаками СДЯВ;22;Классификатор МЧС | Классификатор СМП | Классификатор МОСГАЗ | ЦЭМП | ЦЭМП | ЦЭМП | ЦЭМП | Классификатор Мособлгаз | Гор. Хозяйство | ЦОДД | Департамент РБиПК             (ГКУ МОСБЕЗ) | Департамент РБиПК             (ГКУ МОСБЕЗ) | Аппарат МЭРА | Департамент ППиООС | Территориальные ОИВ | Территориальные ОИВ    ТиНАО | Департамент культуры | ГКУ НТУ | ФСО | ЦУКБ Министерство обороны | Министерство обороны РХБЗ | Министерство обороны РХБЗ
11020200;;Неизвестный запах;Слезотечение - от заявителя;;;Неизвестный запах (слезотечение);Запах неизвестного газа с признаками СДЯВ;MCHS;Запах неизвестного газа с признаками СДЯВ;22;Классификатор МЧС | Классификатор СМП | Классификатор МОСГАЗ | ЦЭМП | ЦЭМП | ЦЭМП | ЦЭМП | Классификатор Мособлгаз | Гор. Хозяйство | ЦОДД | Департамент РБиПК             (ГКУ МОСБЕЗ) | Департамент РБиПК             (ГКУ МОСБЕЗ) | Аппарат МЭРА | Департамент ППиООС | Территориальные ОИВ | Территориальные ОИВ    ТиНАО | Департамент культуры | ГКУ НТУ | ФСО | ЦУКБ Министерство обороны | Министерство обороны РХБЗ | Министерство обороны РХБЗ
11020300;;Неизвестный запах;Кашель першение в горле -- от заявителя;;;Неизвестный запах (кашель, першение);Запах неизвестного газа с признаками СДЯВ;MCHS;Запах неизвестного газа с признаками СДЯВ;22;Классификатор МЧС | Классификатор СМП | Классификатор МОСГАЗ | ЦЭМП | ЦЭМП | ЦЭМП | ЦЭМП | Классификатор Мособлгаз | Гор. Хозяйство | ЦОДД | Департамент РБиПК             (ГКУ МОСБЕЗ) | Департамент РБиПК             (ГКУ МОСБЕЗ) | Аппарат МЭРА | Департамент ППиООС | Территориальные ОИВ | Территориальные ОИВ    ТиНАО | Департамент культуры | ГКУ НТУ | ФСО | ЦУКБ Министерство обороны | Министерство обороны РХБЗ | Министерство обороны РХБЗ
11020400;;Неизвестный запах;Насморк - от заявителя;;;Неизвестный запах (насморк);Запах неизвестного газа с признаками СДЯВ;MCHS;Запах неизвестного газа с признаками СДЯВ;21;Классификатор МЧС | Классификатор СМП | ЦЭМП | ЦЭМП | ЦЭМП | ЦЭМП | Классификатор Мособлгаз | Гор. Хозяйство | ЦОДД | Департамент РБиПК             (ГКУ МОСБЕЗ) | Департамент РБиПК             (ГКУ МОСБЕЗ) | Аппарат МЭРА | Департамент ППиООС | Территориальные ОИВ | Территориальные ОИВ    ТиНАО | Департамент культуры | ГКУ НТУ | ФСО | ЦУКБ Министерство обороны | Министерство обороны РХБЗ | Министерство обороны РХБЗ
11020500;;Неизвестный запах;Рвота - от заявителя;;;Неизвестный запах (рвота);Запах неизвестного газа с наличием пострадавших;MCHS;Запах неизвестного газа с наличием пострадавших;22;Классификатор МЧС | Классификатор СМП | Классификатор МОСГАЗ | ЦЭМП | ЦЭМП | ЦЭМП | ЦЭМП | Классификатор Мособлгаз | Гор. Хозяйство | ЦОДД | Департамент РБиПК             (ГКУ МОСБЕЗ) | Департамент РБиПК             (ГКУ МОСБЕЗ) | Аппарат МЭРА | Департамент ППиООС | Территориальные ОИВ | Территориальные ОИВ    ТиНАО | Департамент культуры | ГКУ НТУ | ФСО | ЦУКБ Министерство обороны | Министерство обороны РХБЗ | Министерство обороны РХБЗ
11020600;;Неизвестный запах;Нарушение координации - от заявителя;;;Неизвестный запах (нарушение координации);Запах неизвестного газа с наличием пострадавших;MCHS;Запах неизвестного газа с наличием пострадавших;22;Классификатор МЧС | Классификатор СМП | Классификатор МОСГАЗ | ЦЭМП | ЦЭМП | ЦЭМП | ЦЭМП | Классификатор Мособлгаз | Гор. Хозяйство | ЦОДД | Департамент РБиПК             (ГКУ МОСБЕЗ) | Департамент РБиПК             (ГКУ МОСБЕЗ) | Аппарат МЭРА | Департамент ППиООС | Территориальные ОИВ | Территориальные ОИВ    ТиНАО | Департамент культуры | ГКУ НТУ | ФСО | ЦУКБ Министерство обороны | Министерство обороны РХБЗ | Министерство обороны РХБЗ
11020700;;Неизвестный запах;Учащенное сердцебиение - от заявителя;;;Неизвестный запах (сердцебиение);Запах неизвестного газа с наличием пострадавших;MCHS;Запах неизвестного газа с наличием пострадавших;20;Классификатор МЧС | Классификатор СМП | ЦЭМП | ЦЭМП | ЦЭМП | ЦЭМП | Гор. Хозяйство | ЦОДД | Департамент РБиПК             (ГКУ МОСБЕЗ) | Департамент РБиПК             (ГКУ МОСБЕЗ) | Аппарат МЭРА | Департамент ППиООС | Территориальные ОИВ | Территориальные ОИВ    ТиНАО | Департамент культуры | ГКУ НТУ | ФСО | ЦУКБ Министерство обороны | Министерство обороны РХБЗ | Министерство обороны РХБЗ
11020800;;Неизвестный запах;Судороги - от заявителя;;;Неизвестный запах (судороги);Запах неизвестного газа с наличием пострадавших;MCHS;Запах неизвестного газа с наличием пострадавших;20;Классификатор МЧС | Классификатор СМП | ЦЭМП | ЦЭМП | ЦЭМП | ЦЭМП | Гор. Хозяйство | ЦОДД | Департамент РБиПК             (ГКУ МОСБЕЗ) | Департамент РБиПК             (ГКУ МОСБЕЗ) | Аппарат МЭРА | Департамент ППиООС | Территориальные ОИВ | Территориальные ОИВ    ТиНАО | Департамент культуры | ГКУ НТУ | ФСО | ЦУКБ Министерство обороны | Министерство обороны РХБЗ | Министерство обороны РХБЗ
11020900;;Неизвестный запах;Кожа покраснение зуд - от заявителя;;;Неизвестный запах (зуд, покраснение кожи);Запах неизвестного газа с наличием пострадавших;MCHS;Запах неизвестного газа с наличием пострадавших;20;Классификатор МЧС | Классификатор СМП | ЦЭМП | ЦЭМП | ЦЭМП | ЦЭМП | Гор. Хозяйство | ЦОДД | Департамент РБиПК             (ГКУ МОСБЕЗ) | Департамент РБиПК             (ГКУ МОСБЕЗ) | Аппарат МЭРА | Департамент ППиООС | Территориальные ОИВ | Территориальные ОИВ    ТиНАО | Департамент культуры | ГКУ НТУ | ФСО | ЦУКБ Министерство обороны | Министерство обороны РХБЗ | Министерство обороны РХБЗ
11021000;;Неизвестный запах;Неприятный химический запах;;Что рядом?;Неизвестный химический запах;Запах неизвестного газа без признаков СДЯВ;MCHS;Запах неизвестного газа без признаков СДЯВ;22;Классификатор МЧС | Классификатор СМП | Классификатор МОСГАЗ | ЦЭМП | ЦЭМП | ЦЭМП | ЦЭМП | Классификатор Мособлгаз | Мосгортранс | Гор. Хозяйство | Департамент РБиПК             (ГКУ МОСБЕЗ) | Департамент РБиПК             (ГКУ МОСБЕЗ) | Аппарат МЭРА | Департамент ППиООС | Территориальные ОИВ | Территориальные ОИВ    ТиНАО | Департамент культуры | ГКУ НТУ | ЦУКБ Министерство обороны | ГКУ Организатор перевозок | Министерство обороны РХБЗ | Министерство обороны РХБЗ
11021100;;Неизвестный запах;Общее недомогание;;;Неизвестный запах (общее недомогание);Запах неизвестного газа с наличием пострадавших;MCHS;Запах неизвестного газа с наличием пострадавших;24;Классификатор МЧС | Классификатор МВД | Классификатор СМП | Классификатор МОСГАЗ | ЦЭМП | ЦЭМП | ЦЭМП | ЦЭМП | ЦЭМП | Классификатор Мособлгаз | Гор. Хозяйство | ЦОДД | Департамент РБиПК             (ГКУ МОСБЕЗ) | Департамент РБиПК             (ГКУ МОСБЕЗ) | Аппарат МЭРА | Департамент ППиООС | Территориальные ОИВ | Территориальные ОИВ    ТиНАО | Департамент культуры | ГКУ НТУ | ФСО | ЦУКБ Министерство обороны | Министерство обороны РХБЗ | Министерство обороны РХБЗ
11021200;;Неизвестный запах;Похож на запах сероводорода;;;Запах (похож на сероводород);Запах неизвестного газа без признаков СДЯВ;MCHS;Запах неизвестного газа без признаков СДЯВ;16;Классификатор МЧС | Классификатор СМП | ЦЭМП | ЦЭМП | ЦЭМП | ЦЭМП | Департамент РБиПК             (ГКУ МОСБЕЗ) | Департамент РБиПК             (ГКУ МОСБЕЗ) | Аппарат МЭРА | Департамент ППиООС | Территориальные ОИВ | Территориальные ОИВ    ТиНАО | Департамент культуры | ГКУ НТУ | ФСО | ЦУКБ Министерство обороны
11021300;;Неизвестный запах;Мусорная свалка;;;Свалочный запах;Запах неизвестного газа без признаков СДЯВ;MCHS;Запах неизвестного газа без признаков СДЯВ;14;Классификатор МЧС | Классификатор СМП | ЦЭМП | ЦЭМП | ЦЭМП | ЦЭМП | Департамент РБиПК             (ГКУ МОСБЕЗ) | Департамент РБиПК             (ГКУ МОСБЕЗ) | Аппарат МЭРА | Департамент ППиООС | Территориальные ОИВ | Территориальные ОИВ    ТиНАО | Департамент культуры | ГКУ НТУ
11030100;Обнаружение опасных веществ / объектов;Опасное вещество -обнаружение;Емкость подозрительная;;В:Содержимое неизвестно, маркировка есть? Неизвестное химическое  вещество;Найдена емкость с подозрительным содержимым;Обнаружение агрессивных веществ;MCHS;Прочие происшествия;19;Классификатор МЧС | Классификатор МВД | Классификатор СМП | ЦЭМП | Мосгортранс | ЦОДД | Департамент РБиПК             (ГКУ МОСБЕЗ) | Департамент РБиПК             (ГКУ МОСБЕЗ) | Аппарат МЭРА | Департамент ППиООС | Территориальные ОИВ | Территориальные ОИВ    ТиНАО | Департамент культуры | ГКУ НТУ | ФСО | ЦУКБ Министерство обороны | ГКУ Организатор перевозок | Министерство обороны РХБЗ | Министерство обороны РХБЗ
11030200;;Опасное вещество -обнаружение;Баллон газовый подозрительный или бесхозный;;;Бесхозный, газовый баллон;Обнаружение агрессивных веществ;MCHS;Прочие происшествия;17;Классификатор МЧС | Классификатор МВД | Классификатор СМП | ЦЭМП | Мосгортранс | ЦОДД | Департамент РБиПК             (ГКУ МОСБЕЗ) | Департамент РБиПК             (ГКУ МОСБЕЗ) | Аппарат МЭРА | Департамент ППиООС | Территориальные ОИВ | Территориальные ОИВ    ТиНАО | Департамент культуры | ГКУ НТУ | ФСО | ЦУКБ Министерство обороны | ГКУ Организатор перевозок
11030300;;Опасное вещество -обнаружение;Скотомогильник;;знают ли от какой болезни скотомогильник?;Обнаружен скотомогильник;Обнаружение агрессивных веществ;MCHS;Прочие происшествия;20;Классификатор МЧС | Классификатор МВД | Классификатор МВД | Классификатор СМП | ЦЭМП | Мосгортранс | ЦОДД | Департамент РБиПК             (ГКУ МОСБЕЗ) | Департамент РБиПК             (ГКУ МОСБЕЗ) | Аппарат МЭРА | Департамент ППиООС | Территориальные ОИВ | Территориальные ОИВ    ТиНАО | Комитет ветеринарии | Департамент культуры | ГКУ НТУ | ФСО | ГКУ Организатор перевозок | Министерство обороны РХБЗ | Министерство обороны РХБЗ
11030400;;Опасное вещество -обнаружение;Прочие объекты, которые могут содержать опасные вещества;;;Обнаружен объект, который может содержать опасные вещества;Обнаружение агрессивных веществ;MCHS;Прочие происшествия;19;Классификатор МЧС | Классификатор МВД | Классификатор СМП | ЦЭМП | Мосгортранс | ЦОДД | Департамент РБиПК             (ГКУ МОСБЕЗ) | Департамент РБиПК             (ГКУ МОСБЕЗ) | Аппарат МЭРА | Департамент ППиООС | Территориальные ОИВ | Территориальные ОИВ    ТиНАО | Департамент культуры | ГКУ НТУ | ФСО | ЦУКБ Министерство обороны | ГКУ Организатор перевозок | Министерство обороны РХБЗ | Министерство обороны РХБЗ
11040100;Опасный груз;Опасное вещество - опасный груз;Аварийная ситуация неисправность;;;Аварийная ситуация с опасным грузом;ДТП с перевозкой опасных грузов;MCHS;ДТП с перевозкой опасных грузов;22;Классификатор МЧС | Классификатор МВД | Классификатор СМП | ЦЭМП | ЦЭМП | ЦЭМП | ЦЭМП | Мосгортранс | ЦОДД | Департамент РБиПК             (ГКУ МОСБЕЗ) | Департамент РБиПК             (ГКУ МОСБЕЗ) | Аппарат МЭРА | Департамент ППиООС | Территориальные ОИВ | Территориальные ОИВ    ТиНАО | Департамент культуры | ГКУ НТУ | ФСО | ЦУКБ Министерство обороны | ГКУ Организатор перевозок | Министерство обороны РХБЗ | Министерство обороны РХБЗ
11040200;;Опасное вещество - опасный груз;Повреждение груза, утечка;;В:Емкость контейнер цистерна повреждение - поврежден сам груз, а не автомашина!!! В:Утечка опасного груза;Поврежден опасный груз;ДТП с перевозкой опасных грузов;MCHS;ДТП с перевозкой опасных грузов;22;Классификатор МЧС | Классификатор МВД | Классификатор СМП | ЦЭМП | ЦЭМП | ЦЭМП | ЦЭМП | Мосгортранс | ЦОДД | Департамент РБиПК             (ГКУ МОСБЕЗ) | Департамент РБиПК             (ГКУ МОСБЕЗ) | Аппарат МЭРА | Департамент ППиООС | Территориальные ОИВ | Территориальные ОИВ    ТиНАО | Департамент культуры | ГКУ НТУ | ФСО | ЦУКБ Министерство обороны | ГКУ Организатор перевозок | Министерство обороны РХБЗ | Министерство обороны РХБЗ
11040300;;Опасное вещество - опасный груз;Разлив топлива из бензовоза;;;Разлив топлива из бензовоза;Разлив топлива;MCHS;Разлив топлива;22;Классификатор МЧС | Классификатор МВД | Классификатор СМП | ЦЭМП | ЦЭМП | ЦЭМП | ЦЭМП | Мосгортранс | ГОРМОСТ | ЦОДД | Департамент РБиПК             (ГКУ МОСБЕЗ) | Департамент РБиПК             (ГКУ МОСБЕЗ) | Аппарат МЭРА | ОАТИ | Департамент ППиООС | Территориальные ОИВ | Территориальные ОИВ    ТиНАО | Департамент культуры | ГКУ НТУ | ФСО | ЦУКБ Министерство обороны | ГКУ Организатор перевозок
11050100;Ртуть - обнаружение;Градусник;Разбит градусник - нужна демуркаризация, есть дети, пожилые, животные;;;Градусник (помощь МЧС);Разбитый градусник;MCHS;;5;Классификатор МЧС | Классификатор СМП | Аппарат МЭРА | Департамент культуры | ГКУ НТУ
11050200;;Градусник;Разбит градусник - только консультация, как самостоятельно обработать помещение;;;Градусник (консультация);;MCHS;;2;Департамент культуры | ГКУ НТУ
11050300;;Градусник;Замер паров - консультация;;;Замер паров ртути (консультация);;MCHS;;2;Департамент культуры | ГКУ НТУ
11050400;;Градусник;Замер паров, забрать банку с градусником - на 3-й день производиться;;;Забрать емкость с градусником;Разбитый градусник;MCHS;;5;Классификатор МЧС | Классификатор СМП | Аппарат МЭРА | Департамент культуры | ГКУ НТУ
11060100;;Ртуть - обнаружение, разлитие;Емкость;;Есть ли повреждения?;Найдена емкость со ртутью;Разлив ртути;MCHS;Прочие происшествия;18;Классификатор МЧС | Классификатор МВД | Классификатор СМП | Мосгортранс | Гор. Хозяйство | ЦОДД | Департамент РБиПК             (ГКУ МОСБЕЗ) | Департамент РБиПК             (ГКУ МОСБЕЗ) | Аппарат МЭРА | Департамент ППиООС | Территориальные ОИВ | Территориальные ОИВ    ТиНАО | Департамент культуры | ГКУ НТУ | ЦУКБ Министерство обороны | ГКУ Организатор перевозок | Министерство обороны РХБЗ | Министерство обороны РХБЗ
11060200;;Ртуть - обнаружение, разлитие;Разлив;;;Разлив ртути;Разлив ртути;MCHS;Разлив ртути;26;Классификатор МЧС | Классификатор МВД | Классификатор СМП | ЦЭМП | ЦЭМП | ЦЭМП | ЦЭМП | ЦЭМП | Мосгортранс | Гор. Хозяйство | ГОРМОСТ | ГОРМОСТ | ГОРМОСТ | ЦОДД | Департамент РБиПК             (ГКУ МОСБЕЗ) | Департамент РБиПК             (ГКУ МОСБЕЗ) | Аппарат МЭРА | Территориальные ОИВ | Территориальные ОИВ    ТиНАО | Департамент культуры | ГКУ НТУ | ФСО | ЦУКБ Министерство обороны | ГКУ Организатор перевозок | Министерство обороны РХБЗ | Министерство обороны РХБЗ
11070000;Разлитие горючих веществ;Разлитие горючих веществ;;;;Разлив топлива;Разлив топлива;MCHS;Разлив топлива;23;Классификатор МВД | Классификатор СМП | ЦЭМП | ЦЭМП | ЦЭМП | ЦЭМП | Мосгортранс | Гор. Хозяйство | ГОРМОСТ | ГОРМОСТ | ГОРМОСТ | ЦОДД | Департамент РБиПК             (ГКУ МОСБЕЗ) | Департамент РБиПК             (ГКУ МОСБЕЗ) | Аппарат МЭРА | Департамент ППиООС | Территориальные ОИВ | Территориальные ОИВ    ТиНАО | Департамент культуры | ГКУ НТУ | ФСО | ЦУКБ Министерство обороны | ГКУ Организатор перевозок
12010100;Аварии на  объектах воздушного транспорта;Транспорт воздушный;падение упал;;;Авиакатастрофа;Авиационные катастрофы и аварии;;Авиационные катастрофы и аварии;26;Классификатор МЧС | Классификатор МВД | Классификатор СМП | Классификатор СМП | Классификатор МОСГАЗ | ЦЭМП | ЦЭМП | ЦЭМП | ЦЭМП | ЦЭМП | Классификатор ФСБ | Мосгортранс | Гор. Хозяйство | ЦОДД | Департамент РБиПК             (ГКУ МОСБЕЗ) | Департамент РБиПК             (ГКУ МОСБЕЗ) | Аппарат МЭРА | ОАТИ | Департамент ППиООС | Росгвардия | Территориальные ОИВ | Территориальные ОИВ    ТиНАО | ГКУ НТУ | ФСО | ЦУКБ Министерство обороны | ГКУ Организатор перевозок
12010101;;Транспорт воздушный;падение упал;на объект ОАО МОЭК;;Авиакатастрофа (объкт МОЭК);Авиационные катастрофы с падением воздушного судна или его обломков на объекты ОАО МОЭК;;Авиационные катастрофы и аварии;26;Классификатор МЧС | Классификатор МВД | Классификатор СМП | Классификатор СМП | Классификатор МОСГАЗ | ЦЭМП | ЦЭМП | ЦЭМП | ЦЭМП | ЦЭМП | Классификатор ФСБ | Мосгортранс | Гор. Хозяйство | МОЭК | ЦОДД | Департамент РБиПК             (ГКУ МОСБЕЗ) | Департамент РБиПК             (ГКУ МОСБЕЗ) | Аппарат МЭРА | ОАТИ | Департамент ППиООС | Росгвардия | Территориальные ОИВ | Территориальные ОИВ    ТиНАО | ГКУ НТУ | ФСО | ГКУ Организатор перевозок
12010200;;Транспорт воздушный;Аварийная ситуация неисправность - от заявителя или специалиста;;;Транспорт воздушный - авария;Происшествия на объектах воздушного транспорта (аэропорт);;Происшествия на объектах воздушного транспорта (аэропорт);18;Классификатор МЧС | Классификатор МВД | Классификатор СМП | ЦЭМП | ЦЭМП | ЦЭМП | ЦЭМП | ЦЭМП | Классификатор ФСБ | Гор. Хозяйство | ЦОДД | Департамент РБиПК             (ГКУ МОСБЕЗ) | Департамент РБиПК             (ГКУ МОСБЕЗ) | Аппарат МЭРА | Территориальные ОИВ | Территориальные ОИВ    ТиНАО | ГКУ НТУ | ФСО
12010300;;Транспорт воздушный;Пожар;;;Транспорт воздушный - горит;Пожар: Аэропорт;;Пожар;21;Классификатор МЧС | Классификатор МВД | Классификатор СМП | Классификатор СМП | ЦЭМП | ЦЭМП | ЦЭМП | ЦЭМП | ЦЭМП | Классификатор ФСБ | Мосгортранс | Гор. Хозяйство | ЦОДД | Департамент РБиПК             (ГКУ МОСБЕЗ) | Департамент РБиПК             (ГКУ МОСБЕЗ) | Аппарат МЭРА | Территориальные ОИВ | Территориальные ОИВ    ТиНАО | ГКУ НТУ | ФСО | ГКУ Организатор перевозок
12020100;;Аэропорт;Аварийная ситуация неисправность  - коммунального характера;;;Происшествие в аэропорту коммунального характера;Происшествия на объектах воздушного транспорта (аэропорт);;;19;Классификатор МЧС | Классификатор МЧС | Классификатор МЧС | Классификатор МЧС | Классификатор МВД | Классификатор МВД | Классификатор СМП | ЦЭМП | ЦЭМП | ЦЭМП | ЦЭМП | Классификатор ФСБ | Гор. Хозяйство | ЦОДД | Аппарат МЭРА | Территориальные ОИВ | Территориальные ОИВ    ТиНАО | ГКУ НТУ | ФСО
12020200;;Аэропорт;Аварийная ситуация неисправность  -на коммуникациях (например, транспортер багажного отсека, падение частичное, угроза падения);;;Происшествие в аэропорту;Происшествия на объектах воздушного транспорта (аэропорт);;;20;Классификатор МЧС | Классификатор МЧС | Классификатор МЧС | Классификатор МЧС | Классификатор МВД | Классификатор СМП | ЦЭМП | ЦЭМП | ЦЭМП | ЦЭМП | Классификатор ФСБ | Гор. Хозяйство | ЦОДД | Департамент РБиПК             (ГКУ МОСБЕЗ) | Департамент РБиПК             (ГКУ МОСБЕЗ) | Аппарат МЭРА | Территориальные ОИВ | Территориальные ОИВ    ТиНАО | ГКУ НТУ | ФСО
12020300;;Аэропорт;Пожар;;;Аэропорт пожар;Пожар : Аэропорт;MCHS;Пожар;21;Классификатор МЧС | Классификатор МВД | Классификатор СМП | Классификатор СМП | ЦЭМП | ЦЭМП | ЦЭМП | ЦЭМП | Классификатор ФСБ | Мосгортранс | Гор. Хозяйство | ЦОДД | Департамент РБиПК             (ГКУ МОСБЕЗ) | Департамент РБиПК             (ГКУ МОСБЕЗ) | Аппарат МЭРА | ОАТИ | Территориальные ОИВ | Территориальные ОИВ    ТиНАО | ГКУ НТУ | ФСО | ГКУ Организатор перевозок
12030100;Аварии на объектах водного транспорта;Транспорт водный;Тонет столкновение;;;Кораблекрушение;Авария пассажирского судна;;Кораблекрушения пассажирских судов;22;Классификатор МЧС | Классификатор МЧС | Классификатор МВД | Классификатор СМП | Классификатор СМП | Классификатор МОСГАЗ | ЦЭМП | Классификатор ФСБ | Гор. Хозяйство | Канал имени Москвы | ЦОДД | Департамент РБиПК             (ГКУ МОСБЕЗ) | Департамент РБиПК             (ГКУ МОСБЕЗ) | Аппарат МЭРА | Центррегионводхоз (Московско-Окское БВУ) | ОАТИ | Росгвардия | Территориальные ОИВ | Территориальные ОИВ    ТиНАО | ГКУ НТУ | ФСО | ЦУКБ Министерство обороны
12030200;;Транспорт водный;Аварийная ситуация неисправность;;;Транспорт водный - авария;Авария пассажирского судна;;Кораблекрушения пассажирских судов;23;Классификатор МЧС | Классификатор МЧС | Классификатор МЧС | Классификатор МЧС | Классификатор МВД | Классификатор СМП | ЦЭМП | Классификатор ФСБ | Гор. Хозяйство | Канал имени Москвы | ЦОДД | Департамент РБиПК             (ГКУ МОСБЕЗ) | Департамент РБиПК             (ГКУ МОСБЕЗ) | Аппарат МЭРА | Центррегионводхоз (Московско-Окское БВУ) | Росгвардия | Территориальные ОИВ | Территориальные ОИВ    ТиНАО | ГКУ НТУ | ФСО | ЦУКБ Министерство обороны | ГКУ Организатор перевозок | ГКУ Организатор перевозок
12030101;;Транспорт водный;Тонет столкновение;Пассажирский;;Кораблекрушение пассажирский;Авария пассажирского судна;;Кораблекрушения пассажирских судов;23;Классификатор МЧС | Классификатор МЧС | Классификатор МВД | Классификатор СМП | Классификатор СМП | Классификатор МОСГАЗ | ЦЭМП | Классификатор ФСБ | Гор. Хозяйство | Канал имени Москвы | ЦОДД | Департамент РБиПК             (ГКУ МОСБЕЗ) | Департамент РБиПК             (ГКУ МОСБЕЗ) | Аппарат МЭРА | Центррегионводхоз (Московско-Окское БВУ) | ОАТИ | Росгвардия | Территориальные ОИВ | Территориальные ОИВ    ТиНАО | ГКУ НТУ | ФСО | ЦУКБ Министерство обороны | ГКУ Организатор перевозок
12030201;;Транспорт водный;Аварийная ситуация неисправность;Пассажирский;;Транспорт водный пассажирский - авария;Авария пассажирского судна;;Кораблекрушения пассажирских судов;22;Классификатор МЧС | Классификатор МЧС | Классификатор МЧС | Классификатор МЧС | Классификатор МВД | Классификатор СМП | ЦЭМП | Классификатор ФСБ | Гор. Хозяйство | Канал имени Москвы | ЦОДД | Департамент РБиПК             (ГКУ МОСБЕЗ) | Департамент РБиПК             (ГКУ МОСБЕЗ) | Аппарат МЭРА | Центррегионводхоз (Московско-Окское БВУ) | Росгвардия | Территориальные ОИВ | Территориальные ОИВ    ТиНАО | ГКУ НТУ | ФСО | ЦУКБ Министерство обороны | ГКУ Организатор перевозок
12030102;;Транспорт водный;Тонет столкновение;Грузовой;;Кораблекрушение грузовой;Авария грузового судна;;Кораблекрушения грузовых судов;26;Классификатор МЧС | Классификатор МЧС | Классификатор МВД | Классификатор СМП | Классификатор СМП | Классификатор МОСГАЗ | ЦЭМП | ЦЭМП | ЦЭМП | ЦЭМП | Классификатор ФСБ | Гор. Хозяйство | Канал имени Москвы | ЦОДД | Департамент РБиПК             (ГКУ МОСБЕЗ) | Департамент РБиПК             (ГКУ МОСБЕЗ) | Аппарат МЭРА | Центррегионводхоз (Московско-Окское БВУ) | ОАТИ | Росгвардия | Территориальные ОИВ | Территориальные ОИВ    ТиНАО | ГКУ НТУ | ФСО | ЦУКБ Министерство обороны | ГКУ Организатор перевозок
12030202;;Транспорт водный;Аварийная ситуация неисправность;Грузовой;;Транспорт водный грузовой - авария;Авария грузового судна;;Кораблекрушения грузовых судов;25;Классификатор МЧС | Классификатор МЧС | Классификатор МЧС | Классификатор МЧС | Классификатор МВД | Классификатор СМП | ЦЭМП | ЦЭМП | ЦЭМП | ЦЭМП | Классификатор ФСБ | Гор. Хозяйство | Канал имени Москвы | ЦОДД | Департамент РБиПК             (ГКУ МОСБЕЗ) | Департамент РБиПК             (ГКУ МОСБЕЗ) | Аппарат МЭРА | Центррегионводхоз (Московско-Окское БВУ) | Росгвардия | Территориальные ОИВ | Территориальные ОИВ    ТиНАО | ГКУ НТУ | ФСО | ЦУКБ Министерство обороны | ГКУ Организатор перевозок
12030103;;Транспорт водный;Тонет столкновение;Опасный груз;;Кораблекрушение опасный груз;Авария грузового судна;;Кораблекрушения грузовых судов;29;Классификатор МЧС | Классификатор МЧС | Классификатор МВД | Классификатор СМП | Классификатор СМП | Классификатор МОСГАЗ | ЦЭМП | ЦЭМП | ЦЭМП | ЦЭМП | ЦЭМП | Классификатор ФСБ | Гор. Хозяйство | Канал имени Москвы | ЦОДД | Департамент РБиПК             (ГКУ МОСБЕЗ) | Департамент РБиПК             (ГКУ МОСБЕЗ) | Аппарат МЭРА | Центррегионводхоз (Московско-Окское БВУ) | ОАТИ | Росгвардия | Территориальные ОИВ | Территориальные ОИВ    ТиНАО | ГКУ НТУ | ФСО | ЦУКБ Министерство обороны | ГКУ Организатор перевозок | ГПБУ Мосэкомониторинг | Министерство обороны РХБЗ
12030203;;Транспорт водный;Аварийная ситуация неисправность;Опасный груз;;Транспорт водный с опасныи грузом - авария;Авария грузового судна;;Кораблекрушения грузовых судов;27;Классификатор МЧС | Классификатор МЧС | Классификатор МЧС | Классификатор МЧС | Классификатор МВД | Классификатор СМП | ЦЭМП | ЦЭМП | ЦЭМП | ЦЭМП | Классификатор ФСБ | Гор. Хозяйство | Канал имени Москвы | ЦОДД | Департамент РБиПК             (ГКУ МОСБЕЗ) | Департамент РБиПК             (ГКУ МОСБЕЗ) | Аппарат МЭРА | Центррегионводхоз (Московско-Окское БВУ) | Росгвардия | Территориальные ОИВ | Территориальные ОИВ    ТиНАО | ГКУ НТУ | ФСО | ЦУКБ Министерство обороны | ГКУ Организатор перевозок | ГПБУ Мосэкомониторинг | Министерство обороны РХБЗ
12040100;;Порт причал;Аварийная ситуация неисправность;;;Происшествие в порту (на причале);Происшествия на объектах речного транспорта (порт, причал);MCHS;Происшествия на объектах речного транспорта (порт, причал);26;Классификатор МЧС | Классификатор МЧС | Классификатор МЧС | Классификатор МЧС | Классификатор МВД | Классификатор СМП | ЦЭМП | ЦЭМП | ЦЭМП | ЦЭМП | ЦЭМП | Классификатор ФСБ | Гор. Хозяйство | Канал имени Москвы | ЦОДД | Департамент РБиПК             (ГКУ МОСБЕЗ) | Департамент РБиПК             (ГКУ МОСБЕЗ) | Аппарат МЭРА | Центррегионводхоз (Московско-Окское БВУ) | Росгвардия | Территориальные ОИВ | Территориальные ОИВ    ТиНАО | ГКУ НТУ | ФСО | ЦУКБ Министерство обороны | ГКУ Организатор перевозок
12030300;;Транспорт водный;Пожар;;;Транспорт водный - горит;Пожар;MCHS;Пожар;25;Классификатор МЧС | Классификатор МЧС | Классификатор МВД | Классификатор СМП | Классификатор СМП | Классификатор МОСГАЗ | ЦЭМП | ЦЭМП | ЦЭМП | ЦЭМП | Классификатор ФСБ | Гор. Хозяйство | Канал имени Москвы | ЦОДД | Департамент РБиПК             (ГКУ МОСБЕЗ) | Департамент РБиПК             (ГКУ МОСБЕЗ) | Аппарат МЭРА | Центррегионводхоз (Московско-Окское БВУ) | ОАТИ | Территориальные ОИВ | Территориальные ОИВ    ТиНАО | ГКУ НТУ | ФСО | ЦУКБ Министерство обороны | ГКУ Организатор перевозок
12040200;;Порт причал;Пожар;;;Порт (причал) пожар;Пожар: порт;MCHS;Пожар;25;Классификатор МЧС | Классификатор МЧС | Классификатор МВД | Классификатор СМП | Классификатор СМП | Классификатор МОСГАЗ | ЦЭМП | ЦЭМП | ЦЭМП | ЦЭМП | Классификатор ФСБ | Гор. Хозяйство | Канал имени Москвы | ОЭК | ЦОДД | Департамент РБиПК             (ГКУ МОСБЕЗ) | Департамент РБиПК             (ГКУ МОСБЕЗ) | Аппарат МЭРА | Центррегионводхоз (Московско-Окское БВУ) | Территориальные ОИВ | Территориальные ОИВ    ТиНАО | ГКУ НТУ | ФСО | ЦУКБ Министерство обороны | ГКУ Организатор перевозок
12050100;Аварии  на объектах железнодорожного транспорта;Транспорт жд;Столкновение сход с рельсов;;;Крушение жд;Крушения и аварии железнодорожных поездов;METRO;Крушения и аварии железнодорожных поездов;21;Классификатор МЧС | Классификатор МВД | Классификатор СМП | Классификатор МОСГАЗ | ЦЭМП | Классификатор ФСБ | Мосгортранс | Гор. Хозяйство | ГОРМОСТ | ЦОДД | Департамент РБиПК             (ГКУ МОСБЕЗ) | Департамент РБиПК             (ГКУ МОСБЕЗ) | Аппарат МЭРА | РЖД (МосковскаяЖД) | ОАТИ | Территориальные ОИВ | Территориальные ОИВ    ТиНАО | ГКУ НТУ | ФСО | ЦУКБ Министерство обороны | ГКУ Организатор перевозок
12050200;;Транспорт жд;Аварийная ситуация неисправность;;;Транспорт жд - авария;Крушения и аварии железнодорожных поездов;MZD;Крушения и аварии железнодорожных поездов;19;Классификатор МЧС | Классификатор МВД | Классификатор СМП | ЦЭМП | Классификатор ФСБ | Мосгортранс | Гор. Хозяйство | ГОРМОСТ | ЦОДД | Департамент РБиПК             (ГКУ МОСБЕЗ) | Департамент РБиПК             (ГКУ МОСБЕЗ) | Аппарат МЭРА | РЖД (МосковскаяЖД) | Территориальные ОИВ | Территориальные ОИВ    ТиНАО | ГКУ НТУ | ФСО | ЦУКБ Министерство обороны | ГКУ Организатор перевозок
12050101;;Транспорт жд;Столкновение сход с рельсов;Пассажирский;;Крушение жд пассажирский;Крушения и аварии железнодорожных поездов;METRO;Крушения и аварии железнодорожных поездов;21;Классификатор МЧС | Классификатор МВД | Классификатор СМП | Классификатор МОСГАЗ | ЦЭМП | Классификатор ФСБ | Мосгортранс | Гор. Хозяйство | ГОРМОСТ | ЦОДД | Департамент РБиПК             (ГКУ МОСБЕЗ) | Департамент РБиПК             (ГКУ МОСБЕЗ) | Аппарат МЭРА | РЖД (МосковскаяЖД) | ОАТИ | Территориальные ОИВ | Территориальные ОИВ    ТиНАО | ГКУ НТУ | ФСО | ЦУКБ Министерство обороны | ГКУ Организатор перевозок
12050201;;Транспорт жд;Аварийная ситуация неисправность;Пассажирский;;Транспорт жд пассажирский - авария;Крушения и аварии железнодорожных поездов;MZD;Крушения и аварии железнодорожных поездов;19;Классификатор МЧС | Классификатор МВД | Классификатор СМП | ЦЭМП | Классификатор ФСБ | Мосгортранс | Гор. Хозяйство | ГОРМОСТ | ЦОДД | Департамент РБиПК             (ГКУ МОСБЕЗ) | Департамент РБиПК             (ГКУ МОСБЕЗ) | Аппарат МЭРА | РЖД (МосковскаяЖД) | Территориальные ОИВ | Территориальные ОИВ    ТиНАО | ГКУ НТУ | ФСО | ЦУКБ Министерство обороны | ГКУ Организатор перевозок
12050102;;Транспорт жд;Столкновение сход с рельсов;Грузовой;;Крушение жд грузовой;Крушения и аварии железнодорожных поездов;METRO;Крушения и аварии железнодорожных поездов;20;Классификатор МЧС | Классификатор МВД | Классификатор СМП | Классификатор МОСГАЗ | ЦЭМП | Классификатор ФСБ | Мосгортранс | Гор. Хозяйство | ГОРМОСТ | ЦОДД | Департамент РБиПК             (ГКУ МОСБЕЗ) | Департамент РБиПК             (ГКУ МОСБЕЗ) | Аппарат МЭРА | РЖД (МосковскаяЖД) | ОАТИ | Территориальные ОИВ | Территориальные ОИВ    ТиНАО | ГКУ НТУ | ФСО | ГКУ Организатор перевозок
12050202;;Транспорт жд;Аварийная ситуация неисправность;Грузовой;;Транспорт жд грузовой - авария;Крушения и аварии железнодорожных поездов;MZD;Крушения и аварии железнодорожных поездов;18;Классификатор МЧС | Классификатор МВД | Классификатор СМП | ЦЭМП | Классификатор ФСБ | Мосгортранс | Гор. Хозяйство | ГОРМОСТ | ЦОДД | Департамент РБиПК             (ГКУ МОСБЕЗ) | Департамент РБиПК             (ГКУ МОСБЕЗ) | Аппарат МЭРА | РЖД (МосковскаяЖД) | Территориальные ОИВ | Территориальные ОИВ    ТиНАО | ГКУ НТУ | ФСО | ГКУ Организатор перевозок
12050103;;Транспорт жд;Столкновение сход с рельсов;Опасный груз;;Крушение жд опасный груз;Крушения и аварии железнодорожных поездов;METRO;Крушения и аварии железнодорожных поездов;22;Классификатор МЧС | Классификатор МВД | Классификатор СМП | Классификатор МОСГАЗ | ЦЭМП | Классификатор ФСБ | Мосгортранс | Гор. Хозяйство | ГОРМОСТ | ЦОДД | Департамент РБиПК             (ГКУ МОСБЕЗ) | Департамент РБиПК             (ГКУ МОСБЕЗ) | Аппарат МЭРА | РЖД (МосковскаяЖД) | ОАТИ | Территориальные ОИВ | Территориальные ОИВ    ТиНАО | ГКУ НТУ | ФСО | ГКУ Организатор перевозок | ГПБУ Мосэкомониторинг | Министерство обороны РХБЗ
12050203;;Транспорт жд;Аварийная ситуация неисправность;Опасный груз;;Транспорт жд опасный груз - авария;Крушения и аварии железнодорожных поездов;MZD;Крушения и аварии железнодорожных поездов;20;Классификатор МЧС | Классификатор МВД | Классификатор СМП | ЦЭМП | Классификатор ФСБ | Мосгортранс | Гор. Хозяйство | ГОРМОСТ | ЦОДД | Департамент РБиПК             (ГКУ МОСБЕЗ) | Департамент РБиПК             (ГКУ МОСБЕЗ) | Аппарат МЭРА | РЖД (МосковскаяЖД) | Территориальные ОИВ | Территориальные ОИВ    ТиНАО | ГКУ НТУ | ФСО | ГКУ Организатор перевозок | ГПБУ Мосэкомониторинг | Министерство обороны РХБЗ
12060100;;Вокзал жд платформа жд станция жд депо;Аварийная ситуация неисправность;;;Происшествие на жд вокзале, станции, платформе;Железнодорожные происшествия;MZD;Крушения и аварии железнодорожных поездов;18;Классификатор МЧС | Классификатор МВД | Классификатор СМП | ЦЭМП | Классификатор ФСБ | Мосгортранс | Гор. Хозяйство | ГОРМОСТ | ЦОДД | Департамент РБиПК             (ГКУ МОСБЕЗ) | Департамент РБиПК             (ГКУ МОСБЕЗ) | Аппарат МЭРА | РЖД (МосковскаяЖД) | Территориальные ОИВ | Территориальные ОИВ    ТиНАО | ГКУ НТУ | ФСО | ГКУ Организатор перевозок
12060200;;Вокзал жд платформа жд станция жд депо;Пожар;;;Вокзал жд платформа жд станция жд  - горит;пожар: Вокзал;MCHS;Пожар;25;Классификатор МЧС | Классификатор МВД | Классификатор СМП | Классификатор СМП | ЦЭМП | ЦЭМП | ЦЭМП | ЦЭМП | Классификатор ФСБ | Мосгортранс | Гор. Хозяйство | ГОРМОСТ | ОЭК | ЦОДД | Департамент РБиПК             (ГКУ МОСБЕЗ) | Департамент РБиПК             (ГКУ МОСБЕЗ) | Аппарат МЭРА | РЖД (МосковскаяЖД) | ОАТИ | Территориальные ОИВ | Территориальные ОИВ    ТиНАО | ГКУ НТУ | ФСО | ЦУКБ Министерство обороны | ГКУ Организатор перевозок
12050300;;Транспорт жд;Пожар;;;Транспорт жд - горит;пожар: Ж-д транспорт;MCHS;Пожар;26;Классификатор МЧС | Классификатор МЧС | Классификатор МЧС | Классификатор МВД | Классификатор СМП | Классификатор СМП | ЦЭМП | ЦЭМП | ЦЭМП | ЦЭМП | Классификатор ФСБ | Мосгортранс | Гор. Хозяйство | ГОРМОСТ | ЦОДД | Департамент РБиПК             (ГКУ МОСБЕЗ) | Департамент РБиПК             (ГКУ МОСБЕЗ) | Аппарат МЭРА | РЖД (МосковскаяЖД) | ОАТИ | Территориальные ОИВ | Территориальные ОИВ    ТиНАО | ГКУ НТУ | ФСО | ЦУКБ Министерство обороны | ГКУ Организатор перевозок
12070100;Аварии на объектах метрополитена;Метро (вагон, поезд, перегон, тоннель, вестибюль, станция, платформа, переход, экскалатор, депо);Столкновение сход с рельсов;;;Метро крушение поезда;Сход вагона метро;MCHS;Аварии на метрополитене;21;Классификатор МЧС | Классификатор МВД | Классификатор СМП | Классификатор МОСГАЗ | ЦЭМП | Классификатор ФСБ | Мосгортранс | Гор. Хозяйство | Метро | ЦОДД | Департамент РБиПК             (ГКУ МОСБЕЗ) | Департамент РБиПК             (ГКУ МОСБЕЗ) | Аппарат МЭРА | ОАТИ | Территориальные ОИВ | Территориальные ОИВ    ТиНАО | ГКУ НТУ | ФСО | ЦУКБ Министерство обороны | ГКУ Организатор перевозок | Депортамент гражданского строительства
12070200;;Метро (вагон, поезд, перегон, тоннель, вестибюль, станция, платформа, переход, экскалатор, депо);Неисправность электроснабжения;;;Метро неисправность электроснабжения;Авария на метрополитене;MCHS;Аварии на метрополитене;21;Классификатор МЧС | Классификатор МЧС | Классификатор МЧС | Классификатор МВД | Классификатор СМП | ЦЭМП | Классификатор ФСБ | Мосгортранс | Гор. Хозяйство | Метро | ОЭК | ЦОДД | Департамент РБиПК             (ГКУ МОСБЕЗ) | Департамент РБиПК             (ГКУ МОСБЕЗ) | Аппарат МЭРА | Росгвардия | Территориальные ОИВ | Территориальные ОИВ    ТиНАО | ГКУ НТУ | ФСО | ГКУ Организатор перевозок
12070300;;Метро (вагон, поезд, перегон, тоннель, вестибюль, станция, платформа, переход, экскалатор, депо);Остановка движения поезда (в тоннеле, на станции);;;Метро (остановка движения поезда);Авария на метрополитене;METRO;Аварии на метрополитене;20;Классификатор МЧС | Классификатор МЧС | Классификатор МЧС | Классификатор МВД | Классификатор СМП | ЦЭМП | Классификатор ФСБ | Мосгортранс | Гор. Хозяйство | Метро | ЦОДД | Департамент РБиПК             (ГКУ МОСБЕЗ) | Департамент РБиПК             (ГКУ МОСБЕЗ) | Аппарат МЭРА | Росгвардия | Территориальные ОИВ | Территориальные ОИВ    ТиНАО | ГКУ НТУ | ФСО | ГКУ Организатор перевозок
12070401;;Метро (вагон, поезд, перегон, тоннель, вестибюль, станция, платформа, переход, экскалатор, депо);Задержка движение поездов;до 30 минут;;Метро задержка движения поездов до 30 минут;Авария на метрополитене;MCHS;Аварии на метрополитене;19;Классификатор МЧС | Классификатор МЧС | Классификатор МЧС | Классификатор МВД | Классификатор СМП | ЦЭМП | Мосгортранс | Гор. Хозяйство | Метро | ЦОДД | Департамент РБиПК             (ГКУ МОСБЕЗ) | Департамент РБиПК             (ГКУ МОСБЕЗ) | Аппарат МЭРА | Росгвардия | Территориальные ОИВ | Территориальные ОИВ    ТиНАО | ГКУ НТУ | ФСО | ГКУ Организатор перевозок
12070402;;Метро (вагон, поезд, перегон, тоннель, вестибюль, станция, платформа, переход, экскалатор, депо);Задержка движение поездов;более 30 минут - считается ЧС;;Метро задержка движения поездов свыше 30 минут;Метро: Другие чрезвычайные происшествия и чрезвычайные ситуации…;METRO;Аварии на метрополитене;18;Классификатор МЧС | Классификатор МВД | Классификатор СМП | ЦЭМП | Классификатор ФСБ | Мосгортранс | Гор. Хозяйство | Метро | ЦОДД | Департамент РБиПК             (ГКУ МОСБЕЗ) | Департамент РБиПК             (ГКУ МОСБЕЗ) | Аппарат МЭРА | Территориальные ОИВ | Территориальные ОИВ    ТиНАО | ГКУ НТУ | ФСО | ГКУ Организатор перевозок | Депортамент гражданского строительства
12070500;;Метро (вагон, поезд, перегон, тоннель, вестибюль, станция, платформа, переход, экскалатор, депо);Повреждение вагона (вагонов);;;Метро повреждение подвижного состава;Повреждение подвижного состава;METRO;;22;Классификатор МЧС | Классификатор МЧС | Классификатор МЧС | Классификатор МЧС | Классификатор МВД | Классификатор МВД | Классификатор СМП | ЦЭМП | ЦЭМП | ЦЭМП | Мосгортранс | Гор. Хозяйство | Метро | ЦОДД | Департамент РБиПК             (ГКУ МОСБЕЗ) | Департамент РБиПК             (ГКУ МОСБЕЗ) | Аппарат МЭРА | Территориальные ОИВ | Территориальные ОИВ    ТиНАО | ГКУ НТУ | ФСО | ЦУКБ Министерство обороны
12070600;;Метро (вагон, поезд, перегон, тоннель, вестибюль, станция, платформа, переход, экскалатор, депо);Прочие происшествия (человек застрял в эскалаторе и т.д.);;;Метро прочие происшествия;Падение с высоты;METRO;;16;Классификатор МЧС | Классификатор МЧС | Классификатор МВД | Классификатор МВД | Классификатор СМП | Классификатор СМП | ЦЭМП | ЦЭМП | ЦЭМП | Метро | ЦОДД | Аппарат МЭРА | Территориальные ОИВ | Территориальные ОИВ    ТиНАО | ГКУ НТУ | ФСО
12070700;;Метро (вагон, поезд, перегон, тоннель, вестибюль, станция, платформа, переход, экскалатор, депо);Пожар;;;Метро пожар;Пожар метро;MCHS;Пожар;28;"Классификатор МЧС | Классификатор МВД | Классификатор СМП | Классификатор СМП | Классификатор МОСГАЗ | ЦЭМП | ЦЭМП | ЦЭМП | ЦЭМП | Классификатор ФСБ | Мосгортранс | Гор. Хозяйство | Метро | МОЭСК (ПАО ""Россети Московский регион"") | ОЭК | ЦОДД | Департамент РБиПК             (ГКУ МОСБЕЗ) | Департамент РБиПК             (ГКУ МОСБЕЗ) | Аппарат МЭРА | Территориальные ОИВ | Территориальные ОИВ    ТиНАО | ГКУ НТУ | ФСО | ДГП (Департамент градостроительной политики) | ДГП (Департамент градостроительной политики) | ЦУКБ Министерство обороны | ГКУ Организатор перевозок | Депортамент гражданского строительства"
12070800;;Метро (вагон, поезд, перегон, тоннель, вестибюль, станция, платформа, переход, экскалатор, депо);Подтопление;;;Метро подтопление;Подтопление сооружений метрополитена;MCHS;Подтопление зданий и сооружений;18;Классификатор МЧС | Классификатор МВД | Классификатор СМП | ЦЭМП | ЦЭМП | Классификатор ФСБ | Гор. Хозяйство | Метро | Мосводоканал | ЦОДД | Департамент РБиПК             (ГКУ МОСБЕЗ) | Аппарат МЭРА | Мосводосток | Территориальные ОИВ | Территориальные ОИВ    ТиНАО | ГКУ НТУ | ФСО | ЦУКБ Министерство обороны
12070900;;Метро (вагон, поезд, перегон, тоннель, вестибюль, станция, платформа, переход, экскалатор, депо);Поездная травма;;;Метро поездная травма;Поездная;METRO;;16;Классификатор МЧС | Классификатор МЧС | Классификатор МВД | Классификатор СМП | Классификатор СМП | ЦЭМП | ЦЭМП | ЦЭМП | ЦЭМП | Метро | ЦОДД | Аппарат МЭРА | Территориальные ОИВ | Территориальные ОИВ    ТиНАО | ГКУ НТУ | ФСО
12071000;;Метро (вагон, поезд, перегон, тоннель, вестибюль, станция, платформа, переход, экскалатор, депо);Падение на рельсы;;;Метро падение на рельсы;Падение с высоты;METRO;;18;Классификатор МЧС | Классификатор МЧС | Классификатор МВД | Классификатор СМП | Классификатор СМП | ЦЭМП | ЦЭМП | ЦЭМП | ЦЭМП | Классификатор ФСБ | Метро | ЦОДД | Аппарат МЭРА | Территориальные ОИВ | Территориальные ОИВ    ТиНАО | ГКУ НТУ | ФСО | ЦУКБ Министерство обороны
12071100;;Метро (вагон, поезд, перегон, тоннель, вестибюль, станция, платформа, переход, экскалатор, депо);Аварийная ситуация, неисправность;;;Аварийная ситуация в метро;Авария на метрополитене;MCHS;Аварии на метрополитене;23;Классификатор МЧС | Классификатор МЧС | Классификатор МЧС | Классификатор МВД | Классификатор СМП | ЦЭМП | ЦЭМП | ЦЭМП | ЦЭМП | ЦЭМП | Классификатор ФСБ | Мосгортранс | Гор. Хозяйство | Метро | ЦОДД | Департамент РБиПК             (ГКУ МОСБЕЗ) | Департамент РБиПК             (ГКУ МОСБЕЗ) | Аппарат МЭРА | Росгвардия | Территориальные ОИВ | Территориальные ОИВ    ТиНАО | ГКУ НТУ | ФСО
12080100;Аварии на МЦК;МЦК;Столкновение сход с рельсов;;;МЦК крушение поезда;Сход вагона метро;MCHS;Крушения и аварии железнодорожных поездов;22;Классификатор МЧС | Классификатор МВД | Классификатор СМП | Классификатор СМП | Классификатор МОСГАЗ | ЦЭМП | Классификатор ФСБ | Мосгортранс | Гор. Хозяйство | Метро | ЦОДД | Департамент РБиПК             (ГКУ МОСБЕЗ) | Департамент РБиПК             (ГКУ МОСБЕЗ) | Аппарат МЭРА | РЖД (МосковскаяЖД) | ОАТИ | Территориальные ОИВ | Территориальные ОИВ    ТиНАО | ГКУ НТУ | ФСО | ЦУКБ Министерство обороны | ГКУ Организатор перевозок
12080200;;МЦК;Неисправность электроснабжения;;;МЦК  неисправность электроснабжения;Авария на метрополитене;MCHS;Крушения и аварии железнодорожных поездов;21;Классификатор МЧС | Классификатор МЧС | Классификатор МЧС | Классификатор МВД | Классификатор СМП | ЦЭМП | Классификатор ФСБ | Мосгортранс | Гор. Хозяйство | Метро | ОЭК | ЦОДД | Департамент РБиПК             (ГКУ МОСБЕЗ) | Департамент РБиПК             (ГКУ МОСБЕЗ) | Аппарат МЭРА | РЖД (МосковскаяЖД) | Росгвардия | Территориальные ОИВ | Территориальные ОИВ    ТиНАО | ГКУ НТУ | ФСО
12080300;;МЦК;Остановка движения поезда (в тоннеле, на станции);;;МЦК (остановка движения поезда);Авария на метрополитене;METRO;Крушения и аварии железнодорожных поездов;21;Классификатор МЧС | Классификатор МЧС | Классификатор МЧС | Классификатор МВД | Классификатор СМП | ЦЭМП | Классификатор ФСБ | Мосгортранс | Гор. Хозяйство | Метро | ЦОДД | Департамент РБиПК             (ГКУ МОСБЕЗ) | Департамент РБиПК             (ГКУ МОСБЕЗ) | Аппарат МЭРА | РЖД (МосковскаяЖД) | Росгвардия | Территориальные ОИВ | Территориальные ОИВ    ТиНАО | ГКУ НТУ | ФСО | ГКУ Организатор перевозок
12080401;;МЦК;Задержка движение поездов;до 30 минут;;МЦК задержка движения поездов до 30 минут;Авария на метрополитене;MCHS;Крушения и аварии железнодорожных поездов;20;Классификатор МЧС | Классификатор МЧС | Классификатор МЧС | Классификатор МВД | Классификатор СМП | ЦЭМП | Мосгортранс | Гор. Хозяйство | Метро | ЦОДД | Департамент РБиПК             (ГКУ МОСБЕЗ) | Департамент РБиПК             (ГКУ МОСБЕЗ) | Аппарат МЭРА | РЖД (МосковскаяЖД) | Росгвардия | Территориальные ОИВ | Территориальные ОИВ    ТиНАО | ГКУ НТУ | ФСО | ГКУ Организатор перевозок
12080402;;МЦК;Задержка движение поездов;более 30 минут - считается ЧС;;МЦК задержка движения поездов свыше 30 минут;Метро: Другие чрезвычайные происшествия и чрезвычайные ситуации, приводящие к полному или частичному закрытию станций метрополитена;METRO;Крушения и аварии железнодорожных поездов;18;Классификатор МЧС | Классификатор МВД | Классификатор СМП | ЦЭМП | Классификатор ФСБ | Мосгортранс | Гор. Хозяйство | Метро | ЦОДД | Департамент РБиПК             (ГКУ МОСБЕЗ) | Департамент РБиПК             (ГКУ МОСБЕЗ) | Аппарат МЭРА | РЖД (МосковскаяЖД) | Территориальные ОИВ | Территориальные ОИВ    ТиНАО | ГКУ НТУ | ФСО | ГКУ Организатор перевозок
12080500;;МЦК;Повреждение вагона (вагонов);;;МЦК повреждение подвижного состава;Повреждение подвижного состава;METRO;;21;Классификатор МЧС | Классификатор МЧС | Классификатор МЧС | Классификатор МЧС | Классификатор МВД | Классификатор МВД | Классификатор СМП | ЦЭМП | ЦЭМП | Мосгортранс | Гор. Хозяйство | Метро | ЦОДД | Департамент РБиПК             (ГКУ МОСБЕЗ) | Департамент РБиПК             (ГКУ МОСБЕЗ) | Аппарат МЭРА | РЖД (МосковскаяЖД) | Территориальные ОИВ | Территориальные ОИВ    ТиНАО | ГКУ НТУ | ФСО
12080600;;МЦК (вагон, поезд, перегон, тоннель, вестибюль, станция, платформа, переход, экскалатор, депо);Прочие происшествия (человек застрял в эскалаторе и т.д.);;;МЦК прочие происшествия;Падение с высоты;METRO;;15;Классификатор МЧС | Классификатор МЧС | Классификатор МВД | Классификатор МВД | Классификатор СМП | Классификатор СМП | ЦЭМП | ЦЭМП | Метро | ЦОДД | Аппарат МЭРА | Территориальные ОИВ | Территориальные ОИВ    ТиНАО | ГКУ НТУ | ФСО
12080700;;МЦК (вагон, поезд, перегон, тоннель, вестибюль, станция, платформа, переход, экскалатор, депо);Пожар;;;МЦК пожар;Пожар метро;MCHS;Пожар;27;"Классификатор МЧС | Классификатор МВД | Классификатор СМП | Классификатор СМП | Классификатор МОСГАЗ | ЦЭМП | ЦЭМП | ЦЭМП | ЦЭМП | Классификатор ФСБ | Мосгортранс | Гор. Хозяйство | Метро | МОЭСК (ПАО ""Россети Московский регион"") | ОЭК | ЦОДД | Департамент РБиПК             (ГКУ МОСБЕЗ) | Департамент РБиПК             (ГКУ МОСБЕЗ) | Аппарат МЭРА | РЖД (МосковскаяЖД) | ОАТИ | Территориальные ОИВ | Территориальные ОИВ    ТиНАО | ГКУ НТУ | ФСО | ЦУКБ Министерство обороны | ГКУ Организатор перевозок"
12080800;;МЦК (вагон, поезд, перегон, тоннель, вестибюль, станция, платформа, переход, экскалатор, депо);Подтопление;;;МЦК подтопление;Подтопление сооружений метрополитена;MCHS;Подтопление зданий и сооружений;18;Классификатор МЧС | Классификатор МВД | Классификатор СМП | Автомобильные дороги | Мосгортранс | Гор. Хозяйство | ГОРМОСТ | ГОРМОСТ | ЦОДД | Департамент РБиПК             (ГКУ МОСБЕЗ) | Аппарат МЭРА | РЖД (МосковскаяЖД) | Территориальные ОИВ | Территориальные ОИВ    ТиНАО | Автомобильные дороги АО г.Москвы | ГКУ НТУ | ФСО | ГКУ Организатор перевозок
12080900;;МЦК (вагон, поезд, перегон, тоннель, вестибюль, станция, платформа, переход, экскалатор, депо);Поездная травма;;;МЦК - поездная травма;Поездная;AMBULANCE;;12;Классификатор МЧС | Классификатор МЧС | Классификатор МВД | Классификатор СМП | Классификатор СМП | Метро | ЦОДД | Аппарат МЭРА | Территориальные ОИВ | Территориальные ОИВ    ТиНАО | ГКУ НТУ | ФСО
12081000;;МЦК (вагон, поезд, перегон, тоннель, вестибюль, станция, платформа, переход, экскалатор, депо);Падение на рельсы;;;МЦК падение на рельсы;Падение с высоты;METRO;;16;Классификатор МЧС | Классификатор МЧС | Классификатор МВД | Классификатор СМП | Классификатор СМП | ЦЭМП | ЦЭМП | Классификатор ФСБ | Метро | ЦОДД | Аппарат МЭРА | Территориальные ОИВ | Территориальные ОИВ    ТиНАО | ГКУ НТУ | ФСО | ЦУКБ Министерство обороны
12081100;;МЦК (вагон, поезд, перегон, тоннель, вестибюль, станция, платформа, переход, экскалатор, депо);Аварийная ситуация, неисправность;;;Аварийная ситуация на МЦК;Авария на метрополитене;MCHS;;23;"Классификатор МЧС | Классификатор МЧС | Классификатор МЧС | Классификатор МВД | Классификатор СМП | Классификатор СМП | ЦЭМП | Классификатор ФСБ | Автомобильные дороги | Мосгортранс | МГТС | МОЭСК (ПАО ""Россети Московский регион"") | ЦОДД | Департамент РБиПК             (ГКУ МОСБЕЗ) | Департамент РБиПК             (ГКУ МОСБЕЗ) | Аппарат МЭРА | Росгвардия | Территориальные ОИВ | Территориальные ОИВ    ТиНАО | Автомобильные дороги АО г.Москвы | ГКУ НТУ | ФСО | ГКУ Организатор перевозок"
12050400;Остановка движения общественного транспорта;Транспорт жд;Задержка в движении скопление пассажиров;;;Скопление пассажиров на жд транспорте;Скопление пассажиров;MOSGORTRANS;;13;Классификатор СМП | ЦЭМП | ЦЭМП | ЦЭМП | ЦЭМП | Мосгортранс | Мосгортранс | Гор. Хозяйство | ЦОДД | Аппарат МЭРА | Территориальные ОИВ | Территориальные ОИВ    ТиНАО | ГКУ НТУ
12010400;;Транспорт воздушный;Задержка в движении скопление пассажиров;;;Скопление пассажиров на воздушном транспорте;Скопление пассажиров;MOSGORTRANS;;11;Классификатор СМП | ЦЭМП | ЦЭМП | ЦЭМП | ЦЭМП | Мосгортранс | Мосгортранс | Гор. Хозяйство | ЦОДД | Аппарат МЭРА | ГКУ НТУ
12090100;;Транспорт общественный (автобус, троллейбус, трамвай, маршрутка);Задержка в движении скопление пассажиров;;;Скопление пассажиров на общественном наземном транспорте;Скопление пассажиров;MOSGORTRANS;;12;Классификатор СМП | ЦЭМП | ЦЭМП | ЦЭМП | ЦЭМП | Мосгортранс | Мосгортранс | Гор. Хозяйство | ЦОДД | Аппарат МЭРА | ГКУ НТУ | ГКУ Организатор перевозок
12081200;;МЦК;Задержка в движении скопление пассажиров;;;Скопление пассажиров МЦК;Скопление пассажиров;METRO, MZD;;16;Классификатор СМП | ЦЭМП | ЦЭМП | ЦЭМП | ЦЭМП | Мосгортранс | Гор. Хозяйство | Метро | ЦОДД | Департамент РБиПК             (ГКУ МОСБЕЗ) | Департамент РБиПК             (ГКУ МОСБЕЗ) | Аппарат МЭРА | РЖД (МосковскаяЖД) | Территориальные ОИВ | Территориальные ОИВ    ТиНАО | ГКУ НТУ
12071200;;Метро;Задержка в движении скопление пассажиров;;;Скополение пассажиров метро;Скопление пассажиров;METRO, MZD;;16;Классификатор СМП | ЦЭМП | ЦЭМП | ЦЭМП | ЦЭМП | Мосгортранс | Гор. Хозяйство | Метро | ЦОДД | Департамент РБиПК             (ГКУ МОСБЕЗ) | Департамент РБиПК             (ГКУ МОСБЕЗ) | Аппарат МЭРА | РЖД (МосковскаяЖД) | Территориальные ОИВ | Территориальные ОИВ    ТиНАО | ГКУ НТУ
12090200;;Транспорт общественный;Происшествие с водителем;;;Происшестве с водителем общественного наземного транспорта;ЧП с водителем;MOSGORTRANS;;12;Классификатор МВД | Классификатор СМП | ЦЭМП | ЦЭМП | ЦЭМП | Мосгортранс | Гор. Хозяйство | ЦОДД | Аппарат МЭРА | ГКУ НТУ | ЦУКБ Министерство обороны | ГКУ Организатор перевозок
12090300;;Транспорт общественный;Происшествие с контролером;;;Происшестве с контролером общественного наземного транспорта;ЧП с контролером;MOSGORTRANS;;12;Классификатор МВД | Классификатор МВД | Классификатор СМП | ЦЭМП | ЦЭМП | ЦЭМП | Мосгортранс | Гор. Хозяйство | ЦОДД | Аппарат МЭРА | ГКУ НТУ | ГКУ Организатор перевозок
12090400;;Транспорт общественный;Происшествие с пассажиром;;;Происшестве с пассажиром общественного наземного транспорта;ЧП с пассажиром;MOSGORTRANS;;12;Классификатор МВД | Классификатор МВД | Классификатор СМП | ЦЭМП | ЦЭМП | ЦЭМП | Мосгортранс | Гор. Хозяйство | ЦОДД | Аппарат МЭРА | ГКУ НТУ | ГКУ Организатор перевозок
12090500;;Транспорт общественный;Происшествие с пешеходом;;;Происшествие с пешеходом и общественным наземным транспортом;ЧП с пешеходом;MOSGORTRANS;;12;Классификатор МВД | Классификатор МВД | Классификатор СМП | ЦЭМП | ЦЭМП | ЦЭМП | Мосгортранс | Гор. Хозяйство | ЦОДД | Аппарат МЭРА | ГКУ НТУ | ГКУ Организатор перевозок
12990100;;Ававии на воздушном, водном, железнодорожном транспорте;От Службы 102;;;Аварии на воздушном, водном, железнодорожном транспорте (от 102);;;;19;Классификатор МЧС | Классификатор МВД | Классификатор СМП | Классификатор МОСГАЗ | ЦЭМП | Классификатор ФСБ | ГОРМОСТ | Канал имени Москвы | ЦОДД | Департамент РБиПК             (ГКУ МОСБЕЗ) | Департамент РБиПК             (ГКУ МОСБЕЗ) | РЖД (МосковскаяЖД) | Центррегионводхоз (Московско-Окское БВУ) | Департамент ППиООС | Росгвардия | Территориальные ОИВ | Территориальные ОИВ    ТиНАО | ГКУ НТУ | ФСО
13010100;Запах газа на улице (вне помещения);Запах газа на улице;Коллектор;;;Запах бытового газа в коллекторе;Запах газа в коллекторе;MOSGAZ;;14;Классификатор МЧС | Классификатор МЧС | Классификатор СМП | Классификатор МОСГАЗ | Классификатор Мособлгаз | МГТС | Аппарат МЭРА | Москоллектор | Территориальные ОИВ | Территориальные ОИВ    ТиНАО | Департамент культуры | ГКУ НТУ | ФСО | ЦУКБ Министерство обороны
13010200;;Запах газа на улице;Метро (тоннель);;;Запах бытового газа в метро (тоннеле);Запах газа в метро (тонелле);MOSGAZ;Запах бытового газа;14;Классификатор МЧС | Классификатор МВД | Классификатор СМП | Классификатор МОСГАЗ | Классификатор Мособлгаз | Метро | ЦОДД | Аппарат МЭРА | Территориальные ОИВ | Территориальные ОИВ    ТиНАО | Департамент культуры | ГКУ НТУ | ФСО | ЦУКБ Министерство обороны
13010300;;Запах газа на улице;Подземный переход;;;Запах бытового газа в подземном переходе;Запах газа в подземном переходе;MOSGAZ;;13;Классификатор МЧС | Классификатор МЧС | Классификатор СМП | Классификатор МОСГАЗ | Классификатор Мособлгаз | ГОРМОСТ | Аппарат МЭРА | Территориальные ОИВ | Территориальные ОИВ    ТиНАО | Департамент культуры | ГКУ НТУ | ФСО | ЦУКБ Министерство обороны
13010400;;Запах газа на улице;Улица;;;Запах бытового газа на улице;Запах газа на улице;MOSGAZ;;12;Классификатор МЧС | Классификатор МЧС | Классификатор СМП | Классификатор МОСГАЗ | Классификатор Мособлгаз | Аппарат МЭРА | Территориальные ОИВ | Территориальные ОИВ    ТиНАО | Департамент культуры | ГКУ НТУ | ФСО | ГПБУ Мосэкомониторинг
13010500;;Запах газа на улице;От колодца (из люка);;;Запах бытовогогаза от колодца;Запах газа от колодца;MOSGAZ;;11;Классификатор МЧС | Классификатор МЧС | Классификатор СМП | Классификатор МОСГАЗ | Классификатор Мособлгаз | Аппарат МЭРА | Территориальные ОИВ | Территориальные ОИВ    ТиНАО | Департамент культуры | ГКУ НТУ | ГПБУ Мосэкомониторинг
13010600;;Запах газа на улице;У водоема;;;Запах бытового газа у водоема;Запах газа у водоема;MOSGAZ;;11;Классификатор МЧС | Классификатор МЧС | Классификатор СМП | Классификатор МОСГАЗ | Классификатор Мособлгаз | Аппарат МЭРА | Территориальные ОИВ | Территориальные ОИВ    ТиНАО | Департамент культуры | ГКУ НТУ | ГПБУ Мосэкомониторинг
13010700;;Запах газа на улице;Прочее;;;Запах бытового газа (прочее, вне помещения);Запах бытового газа;MOSGAZ;Запах бытового газа;11;Классификатор МЧС | Классификатор СМП | Классификатор МОСГАЗ | Классификатор Мособлгаз | Аппарат МЭРА | Территориальные ОИВ | Территориальные ОИВ    ТиНАО | Департамент культуры | ГКУ НТУ | ФСО | ГПБУ Мосэкомониторинг
13020100;Запах газа в помещении (в доме, в квартире);Запах газа в помещении;Кухня;;;Запах бытового газа в кухне;Запах газа в кухне;MOSGAZ;Запах бытового газа;14;Классификатор МЧС | Классификатор СМП | Классификатор МОСГАЗ | ЦЭМП | ЦЭМП | ЦЭМП | ЦЭМП | Классификатор Мособлгаз | Аппарат МЭРА | Территориальные ОИВ | Территориальные ОИВ    ТиНАО | Департамент культуры | ГКУ НТУ | ФСО
13020201;;Запах газа в помещении;Квартира помещение;Открыто;;Запах бытового газа в квартире;Запах газа в квартире;MOSGAZ;Запах бытового газа;17;Классификатор МЧС | Классификатор МЧС | Классификатор МЧС | Классификатор СМП | Классификатор МОСГАЗ | ЦЭМП | ЦЭМП | ЦЭМП | ЦЭМП | ЦЭМП | Классификатор Мособлгаз | Аппарат МЭРА | Территориальные ОИВ | Территориальные ОИВ    ТиНАО | Департамент культуры | ГКУ НТУ | ФСО
13020202;;Запах газа в помещении;Квартира помещение;Закрыто;;Запах бытового газа из закрытой квартиры;Запах газа из закрытой квартиры;MOSGAZ;Запах бытового газа;17;Классификатор МЧС | Классификатор МВД | Классификатор СМП | Классификатор МОСГАЗ | ЦЭМП | ЦЭМП | ЦЭМП | ЦЭМП | ЦЭМП | Классификатор Мособлгаз | Аппарат МЭРА | Территориальные ОИВ | Территориальные ОИВ    ТиНАО | Департамент культуры | ГКУ НТУ | ФСО | ЦУКБ Министерство обороны
13020203;;Запах газа в помещении;Квартира помещение;После пожара;;Запах бытового газа в квартире (после пожара);Запах газа в квартире (после пожара);MOSGAZ;Запах бытового газа;17;Классификатор МЧС | Классификатор МЧС | Классификатор МЧС | Классификатор СМП | Классификатор МОСГАЗ | ЦЭМП | ЦЭМП | ЦЭМП | ЦЭМП | ЦЭМП | Классификатор Мособлгаз | Аппарат МЭРА | Территориальные ОИВ | Территориальные ОИВ    ТиНАО | Департамент культуры | ГКУ НТУ | ФСО
13020204;;Запах газа в помещении;Квартира помещение;Нежилое;;Запах бытового газа в помещении (нежилом);Запах газа в помещении (нежилом);MOSGAZ;Запах бытового газа;12;Классификатор МЧС | Классификатор МЧС | Классификатор МЧС | Классификатор СМП | Классификатор МОСГАЗ | Классификатор Мособлгаз | Аппарат МЭРА | Территориальные ОИВ | Территориальные ОИВ    ТиНАО | Департамент культуры | ГКУ НТУ | ФСО
13020300;;Запах газа в помещении;Дом частный;;;Запах бытового газа в частном доме;Запах газа в частном доме;MOSGAZ;Запах бытового газа;16;Классификатор МЧС | Классификатор МЧС | Классификатор МЧС | Классификатор СМП | Классификатор МОСГАЗ | ЦЭМП | ЦЭМП | ЦЭМП | ЦЭМП | ЦЭМП | Классификатор Мособлгаз | Аппарат МЭРА | Территориальные ОИВ | Территориальные ОИВ    ТиНАО | Департамент культуры | ГКУ НТУ
13020400;;Запах газа в помещении;От газововго оборудования;;;Запах от газовового оборудования;Запах газа от газового оборудования;MOSGAZ;Запах бытового газа;13;Классификатор МЧС | Классификатор МЧС | Классификатор МЧС | Классификатор СМП | Классификатор МОСГАЗ | Классификатор Мособлгаз | Аппарат МЭРА | Территориальные ОИВ | Территориальные ОИВ    ТиНАО | Департамент культуры | ГКУ НТУ | ФСО | ООО Ситиэнерго
13020500;;Запах газа в помещении;В многоквартирном доме (подъезд и т.д.);;;Запах бытового газа в многоквартирном доме;Запах газа в многоквартирном доме;MOSGAZ;Запах бытового газа;13;Классификатор МЧС | Классификатор МЧС | Классификатор МЧС | Классификатор СМП | Классификатор МОСГАЗ | Классификатор Мособлгаз | Аппарат МЭРА | Территориальные ОИВ | Территориальные ОИВ    ТиНАО | Департамент культуры | ГКУ НТУ | ФСО | ЦУКБ Министерство обороны
13020600;;Запах газа в помещении;Прочее;;;Запах бытового газа (прочее, в помещении);Запах газа;MOSGAZ;Запах бытового газа;12;Классификатор МЧС | Классификатор МВД | Классификатор МВД | Классификатор СМП | Классификатор МОСГАЗ | Классификатор Мособлгаз | Аппарат МЭРА | Территориальные ОИВ | Территориальные ОИВ    ТиНАО | Департамент культуры | ГКУ НТУ | ФСО
13030100;Нарушения в работе газового оборудования;Нарушение работы газового оборудования;Слабое горение;;;Слабое горение бытового газа;Слабое горение;MOSGAZ;;9;Классификатор СМП | Классификатор МОСГАЗ | Классификатор Мособлгаз | Аппарат МЭРА | Территориальные ОИВ | Территориальные ОИВ    ТиНАО | Департамент культуры | ГКУ НТУ | ЦУКБ Министерство обороны
13030201;;Нарушение работы газового оборудования;Нет газа;Дом частный;;Нет газа в частном доме;Нет газа;MOSGAZ;;8;Классификатор СМП | Классификатор МОСГАЗ | Классификатор Мособлгаз | Аппарат МЭРА | Территориальные ОИВ | Территориальные ОИВ    ТиНАО | Департамент культуры | ГКУ НТУ
13030202;;Нарушение работы газового оборудования;Нет газа;Квартира помещение;;Нет газа в квартире (многоквартирном доме);Нет газа;MOSGAZ;;8;Классификатор СМП | Классификатор МОСГАЗ | Классификатор Мособлгаз | Аппарат МЭРА | Территориальные ОИВ | Территориальные ОИВ    ТиНАО | Департамент культуры | ГКУ НТУ
13030203;;Нарушение работы газового оборудования;Нет газа;Промышленное предприятие;;Нет газа на промышленном предприятии;Нет газа;MOSGAZ;;8;Классификатор СМП | Классификатор МОСГАЗ | Классификатор Мособлгаз | Аппарат МЭРА | Территориальные ОИВ | Территориальные ОИВ    ТиНАО | Департамент культуры | ГКУ НТУ
13030204;;Нарушение работы газового оборудования;Нет газа;Коммунально-бытовое предприятие;;Нет газа на бытовом предприятии;Нет газа;MOSGAZ;;8;Классификатор СМП | Классификатор МОСГАЗ | Классификатор Мособлгаз | Аппарат МЭРА | Территориальные ОИВ | Территориальные ОИВ    ТиНАО | Департамент культуры | ГКУ НТУ
13030300;;Нарушение работы газового оборудования;Хлопок газа (Плита, колонка, котел);;;Хлопок бытового газа;Хлопок газа;MOSGAZ;Запах бытового газа;16;Классификатор МЧС | Классификатор МЧС | Классификатор МЧС | Классификатор МВД | Классификатор МВД | Классификатор СМП | Классификатор МОСГАЗ | Классификатор Мособлгаз | Аппарат МЭРА | ОАТИ | Территориальные ОИВ | Территориальные ОИВ    ТиНАО | Мосжилинспекция | Департамент культуры | ГКУ НТУ | ФСО
13030301;;Нарушение работы газового оборудования;Хлопок газа (Плита, колонка, котел);Возгорание;;Пожар (газовая плита);Пожар: газовая плита;MCHS;Пожар;18;Классификатор МВД | Классификатор СМП | Классификатор МОСГАЗ | ЦЭМП | ЦЭМП | ЦЭМП | ЦЭМП | Классификатор Мособлгаз | Департамент РБиПК             (ГКУ МОСБЕЗ) | Аппарат МЭРА | ОАТИ | Территориальные ОИВ | Территориальные ОИВ    ТиНАО | Мосжилинспекция | Департамент культуры | ГКУ НТУ | ФСО | ЦУКБ Министерство обороны
13030400;;Нарушение работы газового оборудования;Прочая неисправность газового оборудования;;;Неисправность газовового оборудования;Нарушение работы газового оборудования;MOSGAZ;;12;Классификатор МЧС | Классификатор МЧС | Классификатор МЧС | Классификатор СМП | Классификатор МОСГАЗ | Классификатор Мособлгаз | Территориальные ОИВ | Территориальные ОИВ    ТиНАО | Департамент культуры | ГКУ НТУ | ФСО | ООО Ситиэнерго
13030500;;Нарушение работы газового оборудования;Вечный Огонь погас;;;Погас Вечный Огонь;Погас Вечный огонь;MOSGAZ;;8;Классификатор МВД | Классификатор СМП | Классификатор МОСГАЗ | Аппарат МЭРА | Территориальные ОИВ | Территориальные ОИВ    ТиНАО | Департамент культуры | ГКУ НТУ
13040100;;Повышенное давление газа;Дом частный;;;Повышенное давление бытового газа в частном доме;Повышенное давление бытового газа в частном доме;MOSGAZ;;7;Классификатор СМП | Классификатор МОСГАЗ | Классификатор Мособлгаз | Территориальные ОИВ | Территориальные ОИВ    ТиНАО | Департамент культуры | ГКУ НТУ
13040200;;Повышенное давление газа;Квартира помещение дом;;;Повышенное давление бытового газа в квартире;Повышенное давление бытового газа в квартире;MOSGAZ;;7;Классификатор СМП | Классификатор МОСГАЗ | Классификатор Мособлгаз | Территориальные ОИВ | Территориальные ОИВ    ТиНАО | Департамент культуры | ГКУ НТУ
13040300;;Повышенное давление газа;Промышленное предприятие;;;Повышенное давление бытового газа на промышеленном предприятии;Повышенное давление бытового газа на промышеленном предприятии;MOSGAZ;;7;Классификатор СМП | Классификатор МОСГАЗ | Классификатор Мособлгаз | Территориальные ОИВ | Территориальные ОИВ    ТиНАО | Департамент культуры | ГКУ НТУ
13040400;;Повышенное давление газа;Коммунально-бытовое предприятие;;;Повышенное давление бытового газа на бытовом предприятии;Повышенное давление бытового газа на бытовом предприятии;MOSGAZ;;7;Классификатор СМП | Классификатор МОСГАЗ | Классификатор Мособлгаз | Территориальные ОИВ | Территориальные ОИВ    ТиНАО | Департамент культуры | ГКУ НТУ
13050100;Повреждение газопровода;Повреждение газопровода;Настенный снаружи дома;;В:Искрение кабеля, обледенение провисание;Нарушение на настенном газопроводе (искрение кабеля, обледенение, провисание);Нарушение на настенном газопроводе (искрение кабеля, обледенение, провисание);MOSGAZ;Аварии на коммунальных газопроводах;12;Классификатор МЧС | Классификатор МЧС | Классификатор МЧС | Классификатор МОСГАЗ | Классификатор Мособлгаз | ЦОДД | Аппарат МЭРА | Территориальные ОИВ | Территориальные ОИВ    ТиНАО | Департамент культуры | ГКУ НТУ | ФСО
13050200;;Повреждение газопровода;Другой (уличый);;В:Гул шум свист вибрация запах газа столб газа;Гул (шум, вибрация) от газопровода;Гул (шум, вибрация) от газопровода;MOSGAZ;Аварии на коммунальных газопроводах;11;Классификатор МЧС | Классификатор МЧС | Классификатор МЧС | Классификатор МОСГАЗ | Классификатор Мособлгаз | Аппарат МЭРА | Территориальные ОИВ | Территориальные ОИВ    ТиНАО | Департамент культуры | ГКУ НТУ | ФСО
13050300;;Повреждение газопровода;Газовый шкаф пункт;;В:Гул шум свист вибрация запах газа столб газа;Гул (шум) на объекте АО МОСГАЗ;Гул (шум) на объекте АО МОСГАЗ;MOSGAZ;;11;Классификатор МЧС | Классификатор МЧС | Классификатор МЧС | Классификатор МОСГАЗ | Классификатор Мособлгаз | Аппарат МЭРА | Территориальные ОИВ | Территориальные ОИВ    ТиНАО | Департамент культуры | ГКУ НТУ | ФСО
14010100;Массовое отключение в городском хозяйстве;Массовое отключение (Несколько домов квартал район округ);Телефонная связь телефонная станция;;В: менее 24 часов, более 24 часов;Массовое отключение стационарной телефонной связи;Аварии на системах коммуникаций;MCHS;Аварии на электросетях;17;Классификатор МЧС | Классификатор МВД | Классификатор СМП | ЦЭМП | ЦЭМП | ЦЭМП | ЦЭМП | Гор. Хозяйство | МГТС | Аппарат МЭРА | Территориальные ОИВ | Территориальные ОИВ    ТиНАО | Департамент строительства города Москвы | Департамент культуры | ГКУ НТУ | ФСО | ЦУКБ Министерство обороны
14010200;;Массовое отключение (Несколько домов квартал район округ);Нет света;;;Отключение электроэнергии;Аварии на электросетях;MOESK;Аварии на электросетях;23;"Классификатор МЧС | Классификатор МВД | Классификатор СМП | ЦЭМП | ЦЭМП | ЦЭМП | ЦЭМП | Мосгортранс | Гор. Хозяйство | МОЭСК (ПАО ""Россети Московский регион"") | ОЭК | Аппарат МЭРА | ОАТИ | РСВО | Росгвардия | Территориальные ОИВ | Территориальные ОИВ    ТиНАО | Департамент строительства города Москвы | Мосжилинспекция | Департамент культуры | ГКУ НТУ | ФСО | ЦУКБ Министерство обороны"
14010201;;Массовое отключение (Несколько домов квартал район округ);Нет света;более 24 часов;;Отключение электроэнергии более 24 часов;Отключение электроэнергии более чем на 24 часа;MOESK;Аварии на электросетях;24;"Классификатор МЧС | Классификатор МВД | Классификатор СМП | ЦЭМП | ЦЭМП | ЦЭМП | ЦЭМП | Классификатор ФСБ | Гор. Хозяйство | МОЭСК (ПАО ""Россети Московский регион"") | ОЭК | Департамент РБиПК             (ГКУ МОСБЕЗ) | Департамент РБиПК             (ГКУ МОСБЕЗ) | Аппарат МЭРА | ОАТИ | Территориальные ОИВ | Территориальные ОИВ    ТиНАО | Департамент строительства города Москвы | Департамент культуры | ГКУ НТУ | ФСО | ДГП (Департамент градостроительной политики) | ДГП (Департамент градостроительной политики) | ЦУКБ Министерство обороны"
14010202;;Массовое отключение (Несколько домов квартал район округ);Нет света;Проезжая часть тоннель;В: менее 24 часов, более 24 часов;Нет света (проезжая часть, тоннель);Аварии на электросетях;MOESK;Аварии на электросетях;19;Классификатор МЧС | Классификатор МВД | Классификатор СМП | ЦЭМП | ЦЭМП | ЦЭМП | ЦЭМП | Мосгортранс | Гор. Хозяйство | ОЭК | ЦОДД | Аппарат МЭРА | РСВО | Росгвардия | Территориальные ОИВ | Территориальные ОИВ    ТиНАО | Департамент культуры | ГКУ НТУ | ФСО
14010300;;Массовое отключение (Несколько домов квартал район округ);Нет воды;;В: менее 24 часов, более 24 часов;Отключение водоснабжения;Авария на водопроводе;MOSVODOCANAL;Авария на водопроводе;20;Классификатор МЧС | Классификатор МВД | Классификатор СМП | ЦЭМП | ЦЭМП | ЦЭМП | ЦЭМП | Мосгортранс | Гор. Хозяйство | Мосводоканал | Департамент РБиПК             (ГКУ МОСБЕЗ) | Аппарат МЭРА | ОАТИ | Территориальные ОИВ | Территориальные ОИВ    ТиНАО | Департамент строительства города Москвы | Департамент культуры | ГКУ НТУ | ФСО | ЦУКБ Министерство обороны
14010400;;Массовое отключение (Несколько домов квартал район округ);Нет отопления;;В: менее 24 часов, более 24 часов;Отключение отопления;Авария на теплотрассе;MOEK;Авария на теплотрассе;20;Классификатор МЧС | Классификатор МВД | Классификатор СМП | ЦЭМП | ЦЭМП | ЦЭМП | ЦЭМП | Мосгортранс | Гор. Хозяйство | МОЭК | Деп. ЖКХ | Департамент РБиПК             (ГКУ МОСБЕЗ) | Аппарат МЭРА | ОАТИ | Территориальные ОИВ | Территориальные ОИВ    ТиНАО | Департамент строительства города Москвы | Департамент культуры | ГКУ НТУ | ЦУКБ Министерство обороны
14010500;;Массовое отключение (Несколько домов квартал район округ);Нет света и воды и отопления;;В: менее 24 часов, более 24 часов;Отключение света, воды и отопления;Авария на энергосистеме;;Авария на энергосистеме;26;"Классификатор МЧС | Классификатор МВД | ЦЭМП | ЦЭМП | ЦЭМП | ЦЭМП | Классификатор ФСБ | Гор. Хозяйство | Мосводоканал | МОЭК | МОЭСК (ПАО ""Россети Московский регион"") | ОЭК | Деп. ЖКХ | Департамент РБиПК             (ГКУ МОСБЕЗ) | Департамент РБиПК             (ГКУ МОСБЕЗ) | Аппарат МЭРА | ОАТИ | РСВО | Росгвардия | Территориальные ОИВ | Территориальные ОИВ    ТиНАО | Департамент строительства города Москвы | Департамент культуры | ГКУ НТУ | ФСО | ЦУКБ Министерство обороны"
14020100;Аварии в городском хозяйстве - прорыв воды;Прорыв воды;Водопроводная колонка или подводка;;;Прорыв водопроводной колонки (проводки);Течет водопроводная колонка или подводка;MOSVODOCANAL;;9;Классификатор СМП | Мосгортранс | Гор. Хозяйство | Мосводоканал | Аппарат МЭРА | Территориальные ОИВ | Территориальные ОИВ    ТиНАО | Департамент культуры | ГКУ НТУ
14020200;;Прорыв воды;в ЦТП или в теплосети;;;Прорыв воды в теплосети;При повреждениях на магистральных тепловых сетях…;;;20;Классификатор МВД | Классификатор МОСГАЗ | ЦЭМП | ЦЭМП | ЦЭМП | ЦЭМП | Мосгортранс | Гор. Хозяйство | МОЭК | Аппарат МЭРА | Москоллектор | ОАТИ | Территориальные ОИВ | Территориальные ОИВ    ТиНАО | Департамент строительства города Москвы | Департамент культуры | ГКУ НТУ | ДГП (Департамент градостроительной политики) | ДГП (Департамент градостроительной политики) | ГКУ Организатор перевозок
14020300;;Прорыв воды (холодной, горячей воды, в т.ч. системы отопления);Дом многоквартирный квартира подъезд подвал;;;Течь (прорыв трубы) в квартире (подъезде подвале);Течь/прорыв труб (в квартире);;;9;Классификатор МВД | Классификатор МОСГАЗ | Мосгортранс | Гор. Хозяйство | Аппарат МЭРА | Территориальные ОИВ | Территориальные ОИВ    ТиНАО | Департамент культуры | ГКУ НТУ
14020400;;Прорыв воды (холодной, горячей воды, в т.ч. системы отопления);Проезжая часть;;;Прорыв воды на проезжей части;Подтопление проезжей части;MCHS;Подтопление зданий и сооружений;24;Классификатор МВД | Классификатор МВД | Классификатор СМП | Классификатор МОСГАЗ | Автомобильные дороги | Мосгортранс | Гор. Хозяйство | ГОРМОСТ | Мосводоканал | МОЭК | ЦОДД | Аппарат МЭРА | Москоллектор | ОАТИ | Мосводосток | Территориальные ОИВ | Территориальные ОИВ    ТиНАО | Автомобильные дороги АО г.Москвы | Департамент строительства города Москвы | Департамент культуры | ГКУ НТУ | ФСО | ЦУКБ Министерство обороны | ГКУ Организатор перевозок
14020500;;Прорыв воды (холодной, горячей воды, в т.ч. системы отопления);Тоннель;;;Прорыв воды в тоннеле;Скопление воды, затопление путей, тоннелей;MCHS;Подтопление зданий и сооружений;20;Классификатор МВД | Классификатор СМП | Мосгортранс | Гор. Хозяйство | ГОРМОСТ | ГОРМОСТ | Мосводоканал | МОЭК | ЦОДД | Аппарат МЭРА | ОАТИ | Мосводосток | Территориальные ОИВ | Территориальные ОИВ    ТиНАО | Департамент строительства города Москвы | Департамент культуры | ГКУ НТУ | ФСО | ЦУКБ Министерство обороны | ГКУ Организатор перевозок
14020601;;Прорыв воды (холодной, горячей воды, в т.ч. системы отопления);Двор тротуар;на газоне, земле;;Прорыв воды на газоне (земле);Поступает вода из земли;MCHS;Авария на водопроводе;19;Классификатор МВД | Классификатор СМП | Классификатор МОСГАЗ | Мосгортранс | Гор. Хозяйство | ГОРМОСТ | ГОРМОСТ | Мосводоканал | МОЭК | ЦОДД | Аппарат МЭРА | ОАТИ | Мосводосток | Департамент ППиООС | Территориальные ОИВ | Территориальные ОИВ    ТиНАО | Департамент культуры | ГКУ НТУ | ГКУ Организатор перевозок
14020602;;Прорыв воды (холодной, горячей воды, в т.ч. системы отопления);Двор тротуар;из-под асфальта;;Прорыв воды из-под асфальта;Поступает вода из-под асфальта;MCHS;Авария на водопроводе;18;Классификатор МВД | Классификатор СМП | Классификатор МОСГАЗ | Мосгортранс | Гор. Хозяйство | МГТС | Мосводоканал | МОЭК | ЦОДД | Аппарат МЭРА | ОАТИ | Мосводосток | Территориальные ОИВ | Территориальные ОИВ    ТиНАО | Департамент культуры | ГКУ НТУ | ЦУКБ Министерство обороны | ГКУ Организатор перевозок
14020603;;Прорыв воды (холодной, горячей воды, в т.ч. системы отопления);Двор тротуар газон;из колодца (люка);;Прорыв воды из люка (колодца);Поступает вода из колодца;MCHS;Авария на водопроводе;19;Классификатор МВД | Классификатор СМП | Классификатор МОСГАЗ | Мосгортранс | Гор. Хозяйство | МГТС | Мосводоканал | МОЭК | ЦОДД | Аппарат МЭРА | Москоллектор | ОАТИ | Мосводосток | Территориальные ОИВ | Территориальные ОИВ    ТиНАО | Департамент культуры | ГКУ НТУ | ЦУКБ Министерство обороны | ГКУ Организатор перевозок
14020700;;Прорыв воды (холодной, горячей воды, в т.ч. системы отопления);В котлован строителей;;;Вода в котловане строителей;Поступает вода в котлован строителей;MOSVODOCANAL;;17;Классификатор МЧС | Классификатор МВД | Классификатор СМП | Мосгортранс | Гор. Хозяйство | Мосводоканал | Аппарат МЭРА | Мосводосток | Территориальные ОИВ | Территориальные ОИВ    ТиНАО | Департамент строительства города Москвы | Департамент культуры | ГКУ НТУ | ДГП (Департамент градостроительной политики) | ДГП (Департамент градостроительной политики) | ГКУ Организатор перевозок | Депортамент гражданского строительства
14030100;Происшествия в жилищно-коммунальным  хозяйстве - локального частного характера;Повод локального (частного) коммунального характера;починить кран, заменить лампочку, нет отопления и т.д.;;;Частная проблема коммунального характера;Городское хозяйство: Другое;GKH;;6;Классификатор СМП | Гор. Хозяйство | Территориальные ОИВ | Территориальные ОИВ    ТиНАО | Департамент культуры | ГКУ НТУ
14030201;;Повод локального (частного) коммунального характера;Нет света;Квартира, подъезд, дом;;Нет света в квартире (подъезде, доме);Перепады напряжения (мигание, временное отключение электроэнергии);OEK;;8;Классификатор СМП | Гор. Хозяйство | ОЭК | Аппарат МЭРА | Территориальные ОИВ | Территориальные ОИВ    ТиНАО | Департамент культуры | ГКУ НТУ
14030202;;Повод локального (частного) коммунального характера;Нет света;Двор;;Нет света во дворе;Неисправность элементов уличного освещения (дворовая территория);OEK;;7;Классификатор СМП | Гор. Хозяйство | ОЭК | Территориальные ОИВ | Территориальные ОИВ    ТиНАО | Департамент культуры | ГКУ НТУ
14030203;;Повод локального (частного) коммунального характера;Горит уличное освещение в дневное время;;;Горит уличное освещение в дневное время;;OEK;;6;Классификатор СМП | Гор. Хозяйство | Территориальные ОИВ | Территориальные ОИВ    ТиНАО | Департамент культуры | ГКУ НТУ
14030204;;Повод локального (частного) коммунального характера;Нет света;Проезжая часть;;Нет света на проезжей части;;OEK;;7;Классификатор СМП | Гор. Хозяйство | ОЭК | Территориальные ОИВ | Территориальные ОИВ    ТиНАО | Департамент культуры | ГКУ НТУ
14030205;;Повод локального (частного) коммунального характера;Работает сирена;;;Работает сирена;;;;7;Классификатор СМП | Гор. Хозяйство | Территориальные ОИВ | Территориальные ОИВ    ТиНАО | Департамент культуры | ГКУ НТУ | ЦУКБ Министерство обороны
14040100;Качество воды, нет воды, канализация;Водоснабжение и канализация;Ржавая вода;;;Ржавая вода;Ржавая вода;MOSVODOCANAL;;9;Классификатор СМП | Гор. Хозяйство | Мосводоканал | МОЭК | Аппарат МЭРА | Территориальные ОИВ | Территориальные ОИВ    ТиНАО | Департамент культуры | ГКУ НТУ
14040200;;Водоснабжение и канализация;Мутная вода;;;Мутная вода;Мутная вода;MOSVODOCANAL;;8;Классификатор СМП | Гор. Хозяйство | Мосводоканал | Аппарат МЭРА | Территориальные ОИВ | Территориальные ОИВ    ТиНАО | Департамент культуры | ГКУ НТУ
14040300;;Водоснабжение и канализация;Вода с запахом;;;Вода с запахом;Вода с запахом;MOSVODOCANAL;;9;Классификатор СМП | Гор. Хозяйство | Мосводоканал | МОЭК | Аппарат МЭРА | Территориальные ОИВ | Территориальные ОИВ    ТиНАО | Департамент культуры | ГКУ НТУ
14040400;;Водоснабжение и канализация;Вода спеском;;;Вода с песком;Вода с песком;MOSVODOCANAL;;8;Классификатор СМП | Гор. Хозяйство | Мосводоканал | Аппарат МЭРА | Территориальные ОИВ | Территориальные ОИВ    ТиНАО | Департамент культуры | ГКУ НТУ
14040500;;Водоснабжение и канализация;Водаокрашена;;;Вода окрашена;Окрашенная вода;MOSVODOCANAL;;8;Классификатор СМП | Гор. Хозяйство | Мосводоканал | Аппарат МЭРА | Территориальные ОИВ | Территориальные ОИВ    ТиНАО | Департамент культуры | ГКУ НТУ
14040600;;Водоснабжение и канализация;Вода с осадком;;;Вода с осадком;Вода с осадком;MOSVODOCANAL;;9;Классификатор СМП | Гор. Хозяйство | Мосводоканал | МОЭК | Аппарат МЭРА | Территориальные ОИВ | Территориальные ОИВ    ТиНАО | Департамент культуры | ГКУ НТУ
14040700;;Водоснабжение и канализация;Вода с пленкой на поверхности;;;Вода с пленкой;Вода с пленкой на поверхности;MOSVODOCANAL;;8;Классификатор СМП | Гор. Хозяйство | Мосводоканал | Аппарат МЭРА | Территориальные ОИВ | Территориальные ОИВ    ТиНАО | Департамент культуры | ГКУ НТУ
14040800;;Водоснабжение и канализация;Нет воды в квартире;;;Нет воды в квартире;Городское хозяйство: Другое;GKH;;6;Классификатор СМП | Гор. Хозяйство | Территориальные ОИВ | Территориальные ОИВ    ТиНАО | Департамент культуры | ГКУ НТУ
14040900;;Водоснабжение и канализация;Нет воды на верхних этажах;;;Нет воды на верхних этажах;Нет воды на верхних этажах;MOSVODOCANAL;;8;Классификатор СМП | Гор. Хозяйство | Мосводоканал | Аппарат МЭРА | Территориальные ОИВ | Территориальные ОИВ    ТиНАО | Департамент культуры | ГКУ НТУ
14041000;;Водоснабжение и канализация;Нет воды в здании;;;Нет воды во всем доме;Нет воды в здании;MOSVODOCANAL;;11;Классификатор СМП | Гор. Хозяйство | МГТС | Мосводоканал | МОЭК | Аппарат МЭРА | Территориальные ОИВ | Территориальные ОИВ    ТиНАО | Мосжилинспекция | Департамент культуры | ГКУ НТУ
14041100;;Водоснабжение и канализация;Не работает водопроводная колонка;;;Не работает водопроводная колонка;Не работает водопроводная колонка;MOSVODOCANAL;;7;Классификатор СМП | Мосводоканал | Аппарат МЭРА | Территориальные ОИВ | Территориальные ОИВ    ТиНАО | Департамент культуры | ГКУ НТУ
14041200;;Водоснабжение и канализация;Массовое отключение воды (Несколько домов квартал район округ);;В: менее 24 часов, более 24 часов;Нет воды в нескольких домах;Авария на водопроводе;MOSVODOCANAL;Авария на водопроводе;18;Классификатор МВД | Классификатор СМП | ЦЭМП | ЦЭМП | ЦЭМП | ЦЭМП | Мосгортранс | Гор. Хозяйство | Мосводоканал | Департамент РБиПК             (ГКУ МОСБЕЗ) | Аппарат МЭРА | ОАТИ | Территориальные ОИВ | Территориальные ОИВ    ТиНАО | Мосжилинспекция | Департамент культуры | ГКУ НТУ | ЦУКБ Министерство обороны
14041300;;Водоснабжение и канализация;Запах канализации;;;Запах канализации;Запах канализации;MOSVODOCANAL;;9;Классификатор СМП | Гор. Хозяйство | Мосводоканал | Аппарат МЭРА | Территориальные ОИВ | Территориальные ОИВ    ТиНАО | Департамент культуры | ГКУ НТУ | ГПБУ Мосэкомониторинг
14041400;;Водоснабжение и канализация;Засор наружной канализационной сети;;;Засор наружной канализации;Засор наружной канализационной сети;MOSVODOCANAL;;8;Классификатор СМП | Гор. Хозяйство | Мосводоканал | Аппарат МЭРА | Территориальные ОИВ | Территориальные ОИВ    ТиНАО | Департамент культуры | ГКУ НТУ
14041500;;Водоснабжение и канализация;Засор внутренней канализации;;;Засор внутренней канализации;Городское хозяйство: Другое;GKH;;6;Классификатор СМП | Гор. Хозяйство | Территориальные ОИВ | Территориальные ОИВ    ТиНАО | Департамент культуры | ГКУ НТУ
14050100;Электрощитовая;Электрощитовая;Сломана дверь;;;Сломана дверь электрощитовой;Сломана дверь электрощитовой в распределительной подстанции;OEK;;8;Классификатор СМП | Гор. Хозяйство | ОЭК | Департамент РБиПК             (ГКУ МОСБЕЗ) | Территориальные ОИВ | Территориальные ОИВ    ТиНАО | Департамент культуры | ГКУ НТУ
14050200;;Электрощитовая;Открыта дверь;;;Элеектрощитовая - открыта дверь;Открыта дверь электрощитовой в распределительной подстанции;OEK;;8;Классификатор СМП | Гор. Хозяйство | ОЭК | Департамент РБиПК             (ГКУ МОСБЕЗ) | Территориальные ОИВ | Территориальные ОИВ    ТиНАО | Департамент культуры | ГКУ НТУ
14050300;;Электрощитовая;Неисправность;;;Неисправность электрощитовой;Неисправность в электрощитовой;OEK;;7;Классификатор СМП | Гор. Хозяйство | ОЭК | Территориальные ОИВ | Территориальные ОИВ    ТиНАО | Департамент культуры | ГКУ НТУ
14060101;Провал грунта яма;Провал грунта яма;Газон;До 2х2;;Провал на газоне;Провалы грунта на газоне;MCHS;;16;"Классификатор МЧС | Классификатор МВД | Классификатор СМП | Мосгортранс | МОЭК | МОЭСК (ПАО ""Россети Московский регион"") | ЦОДД | Аппарат МЭРА | Москоллектор | Мосводосток | Департамент ППиООС | Территориальные ОИВ | Территориальные ОИВ    ТиНАО | Департамент культуры | ГКУ НТУ | ГКУ Организатор перевозок"
14060201;;Провал грунта яма;Двор тротуар;До 2х2 метров на тротуаре;;Провал на тротуаре;Провалы грунта с угрозой людям;MCHS;;25;"Классификатор МЧС | Классификатор МЧС | Классификатор МЧС | Классификатор МЧС | Классификатор МВД | Классификатор СМП | ЦЭМП | ЦЭМП | ЦЭМП | ЦЭМП | Мосгортранс | МГТС | Мосводоканал | МОЭК | МОЭСК (ПАО ""Россети Московский регион"") | ОЭК | ЦОДД | Аппарат МЭРА | Москоллектор | Мосводосток | Территориальные ОИВ | Территориальные ОИВ    ТиНАО | Департамент культуры | ГКУ НТУ | ГКУ Организатор перевозок"
14060302;;Провал грунта яма;Двор тротуар газон;Более 2х2 метров;;Провал более 2*2 метров;Провал грунта (более 2х2 метров или с разрушением коммуникаций);MCHS;Провалы грунта;30;"Классификатор МЧС | Классификатор МЧС | Классификатор МЧС | Классификатор МВД | Классификатор СМП | Классификатор МОСГАЗ | ЦЭМП | ЦЭМП | ЦЭМП | ЦЭМП | Мосгортранс | Гор. Хозяйство | Мосводоканал | МОЭК | МОЭСК (ПАО ""Россети Московский регион"") | ОЭК | ЦОДД | Аппарат МЭРА | Москоллектор | Мосводосток | Департамент ППиООС | Территориальные ОИВ | Территориальные ОИВ    ТиНАО | Департамент строительства города Москвы | Департамент культуры | ГКУ НТУ | ДГП (Департамент градостроительной политики) | ДГП (Департамент градостроительной политики) | ГКУ Организатор перевозок | Депортамент гражданского строительства"
14060303;;Провал грунта яма;Двор тротуар газон;Коммуникации разрушение повреждение;;Провал с разрушением коммуникаций;Провал грунта (более 2х2 метров или с разрушением коммуникаций);MCHS;Провалы грунта;33;"Классификатор МЧС | Классификатор МЧС | Классификатор МЧС | Классификатор МВД | Классификатор МВД | Классификатор МВД | Классификатор СМП | Классификатор МОСГАЗ | ЦЭМП | ЦЭМП | ЦЭМП | ЦЭМП | Мосгортранс | Гор. Хозяйство | МГТС | Мосводоканал | МОЭК | МОЭСК (ПАО ""Россети Московский регион"") | ОЭК | ЦОДД | Аппарат МЭРА | Москоллектор | Мосводосток | Территориальные ОИВ | Территориальные ОИВ    ТиНАО | Департамент строительства города Москвы | Департамент культуры | ГКУ НТУ | ДГП (Департамент градостроительной политики) | ДГП (Департамент градостроительной политики) | ГКУ Организатор перевозок | ГПБУ Мосэкомониторинг | Депортамент гражданского строительства"
14060304;;Провал грунта яма;Двор тротуар газон;Вода фонтан;;Провал фонтан воды;Провал грунта (более 2х2 метров или с разрушением коммуникаций);MCHS;Провалы грунта;27;"Классификатор МЧС | Классификатор МЧС | Классификатор МЧС | Классификатор МВД | Классификатор СМП | Классификатор МОСГАЗ | ЦЭМП | ЦЭМП | ЦЭМП | ЦЭМП | Мосгортранс | Гор. Хозяйство | Мосводоканал | МОЭК | МОЭСК (ПАО ""Россети Московский регион"") | ОЭК | ЦОДД | Аппарат МЭРА | Москоллектор | ОАТИ | Мосводосток | Территориальные ОИВ | Территориальные ОИВ    ТиНАО | Департамент культуры | ГКУ НТУ | ГКУ Организатор перевозок | ГПБУ Мосэкомониторинг"
14060305;;Провал грунта яма;Двор тротуар газон;Вода вытекает;;Провал утечка воды;Промоина;MCHS;;21;Классификатор МЧС | Классификатор МЧС | Классификатор МЧС | Классификатор МЧС | Классификатор МВД | Классификатор СМП | ЦЭМП | ЦЭМП | Мосгортранс | Гор. Хозяйство | ГОРМОСТ | МОЭК | Аппарат МЭРА | Москоллектор | Мосводосток | Территориальные ОИВ | Территориальные ОИВ    ТиНАО | Департамент культуры | ГКУ НТУ | ГКУ Организатор перевозок | ГПБУ Мосэкомониторинг
14060306;;Провал грунта яма;Двор тротуар газон;Просадка, повреждение дорожного покрытия;;Повреждение дорожного покрытия во дворе;Ямы/выступы на проезжей части/тротуаре;;;12;Классификатор МВД | Классификатор МОСГАЗ | Автомобильные дороги | Мосгортранс | Аппарат МЭРА | Москоллектор | Мосводосток | Территориальные ОИВ | Территориальные ОИВ    ТиНАО | Автомобильные дороги АО г.Москвы | Департамент культуры | ГКУ НТУ
14060401;;Провал грунта яма;Проезжая часть;Просадка, повреждение дорожного покрытия;;Повреждение дорожного покрытия на проезжей части;Ямы/выступы на проезжей части/тротуаре;;;15;Классификатор МВД | Классификатор МОСГАЗ | Автомобильные дороги | Мосгортранс | ГОРМОСТ | Аппарат МЭРА | Москоллектор | Мосводосток | Территориальные ОИВ | Территориальные ОИВ    ТиНАО | Автомобильные дороги АО г.Москвы | Департамент культуры | ГКУ НТУ | ФСО | ГКУ Организатор перевозок
14060402;;Провал грунта яма;Проезжая часть;До 2х2 метров;;Провал на проезжей части;Провал на проезжей части;;;24;"Классификатор МЧС | Классификатор МВД | Классификатор СМП | Классификатор МОСГАЗ | ЦЭМП | Автомобильные дороги | Мосгортранс | Гор. Хозяйство | ГОРМОСТ | Мосводоканал | МОЭК | МОЭСК (ПАО ""Россети Московский регион"") | ЦОДД | Аппарат МЭРА | Москоллектор | Мосводосток | Территориальные ОИВ | Территориальные ОИВ    ТиНАО | Автомобильные дороги АО г.Москвы | Департамент культуры | ГКУ НТУ | ФСО | ЦУКБ Министерство обороны | ГКУ Организатор перевозок"
14060403;;Провал грунта яма;Проезжая часть;Более 2х2 метров;;Провал более 2*2 метров на проезжей части;Провал грунта (более 2х2 метров или с разрушением коммуникаций);MCHS;Провалы грунта;33;"Классификатор МВД | Классификатор СМП | Классификатор МОСГАЗ | ЦЭМП | ЦЭМП | ЦЭМП | ЦЭМП | Автомобильные дороги | Мосгортранс | Гор. Хозяйство | ГОРМОСТ | МГТС | Мосводоканал | МОЭК | МОЭСК (ПАО ""Россети Московский регион"") | ОЭК | ЦОДД | Аппарат МЭРА | Москоллектор | Мосводосток | Территориальные ОИВ | Территориальные ОИВ    ТиНАО | Автомобильные дороги АО г.Москвы | Департамент строительства города Москвы | Департамент культуры | ГКУ НТУ | ФСО | ДГП (Департамент градостроительной политики) | ДГП (Департамент градостроительной политики) | ЦУКБ Министерство обороны | ГКУ Организатор перевозок | ГПБУ Мосэкомониторинг | Депортамент гражданского строительства"
14060404;;Провал грунта яма;Проезжая часть;Коммуникации разрушение повреждение;;Провал на проезжей части с разрушением коммуникаций;Провал грунта (более 2х2 метров или с разрушением коммуникаций);MCHS;Провалы грунта;32;"Классификатор МВД | Классификатор СМП | Классификатор МОСГАЗ | ЦЭМП | ЦЭМП | ЦЭМП | ЦЭМП | Автомобильные дороги | Мосгортранс | Гор. Хозяйство | ГОРМОСТ | Мосводоканал | МОЭК | МОЭСК (ПАО ""Россети Московский регион"") | ОЭК | ЦОДД | Аппарат МЭРА | Москоллектор | Мосводосток | Территориальные ОИВ | Территориальные ОИВ    ТиНАО | Автомобильные дороги АО г.Москвы | Департамент строительства города Москвы | Департамент культуры | ГКУ НТУ | ФСО | ДГП (Департамент градостроительной политики) | ДГП (Департамент градостроительной политики) | ЦУКБ Министерство обороны | ГКУ Организатор перевозок | ГПБУ Мосэкомониторинг | Депортамент гражданского строительства"
14060405;;Провал грунта яма;Проезжая часть;Вода фонтан;;Провал на проезжей части фонтан воды;Провал грунта (более 2х2 метров или с разрушением коммуникаций);MCHS;Провалы грунта;28;"Классификатор МВД | Классификатор СМП | Классификатор МОСГАЗ | ЦЭМП | ЦЭМП | ЦЭМП | ЦЭМП | Автомобильные дороги | Мосгортранс | Гор. Хозяйство | ГОРМОСТ | Мосводоканал | МОЭК | МОЭСК (ПАО ""Россети Московский регион"") | ЦОДД | Аппарат МЭРА | Москоллектор | ОАТИ | Мосводосток | Территориальные ОИВ | Территориальные ОИВ    ТиНАО | Автомобильные дороги АО г.Москвы | Департамент культуры | ГКУ НТУ | ФСО | ЦУКБ Министерство обороны | ГКУ Организатор перевозок | ГПБУ Мосэкомониторинг"
14060406;;Провал грунта яма;Проезжая часть;Вода вытекает;;Провал на проезжей части утечка воды;Промоина;MCHS;;22;Классификатор МЧС | Классификатор МВД | Классификатор СМП | ЦЭМП | ЦЭМП | Автомобильные дороги | Мосгортранс | Гор. Хозяйство | ГОРМОСТ | Мосводоканал | МОЭК | ЦОДД | Аппарат МЭРА | Москоллектор | Мосводосток | Территориальные ОИВ | Территориальные ОИВ    ТиНАО | Автомобильные дороги АО г.Москвы | Департамент культуры | ГКУ НТУ | ГКУ Организатор перевозок | ГПБУ Мосэкомониторинг
14060500;;Провал грунта яма;Пострадавшие;;;Провал грунта с пострадавшими;Провал грунта (более 2х2 метров или с разрушением коммуникаций);MCHS;;37;"Классификатор МЧС | Классификатор МЧС | Классификатор МВД | Классификатор СМП | Классификатор МОСГАЗ | ЦЭМП | ЦЭМП | ЦЭМП | ЦЭМП | Автомобильные дороги | Мосгортранс | Гор. Хозяйство | ГОРМОСТ | ГОРМОСТ | Мосводоканал | МОЭК | МОЭСК (ПАО ""Россети Московский регион"") | ОЭК | ЦОДД | Департамент РБиПК             (ГКУ МОСБЕЗ) | Департамент РБиПК             (ГКУ МОСБЕЗ) | Аппарат МЭРА | Москоллектор | ОАТИ | Мосводосток | Территориальные ОИВ | Территориальные ОИВ    ТиНАО | Автомобильные дороги АО г.Москвы | Департамент культуры | ГКУ НТУ | ФСО | ДГП (Департамент градостроительной политики) | ДГП (Департамент градостроительной политики) | ЦУКБ Министерство обороны | ГКУ Организатор перевозок | ГПБУ Мосэкомониторинг | Депортамент гражданского строительства"
14060601;;Провал грунта яма;Провалилась автомашина;полностью;;Провал грунта (автоамшина полностью);Провал грунта (более 2х2 метров или с разрушением коммуникаций);MCHS;;38;"Классификатор МЧС | Классификатор МЧС | Классификатор МВД | Классификатор СМП | Классификатор МОСГАЗ | ЦЭМП | ЦЭМП | ЦЭМП | ЦЭМП | Автомобильные дороги | Мосгортранс | Гор. Хозяйство | ГОРМОСТ | ГОРМОСТ | Мосводоканал | МОЭК | МОЭСК (ПАО ""Россети Московский регион"") | ОЭК | ЦОДД | Департамент РБиПК             (ГКУ МОСБЕЗ) | Департамент РБиПК             (ГКУ МОСБЕЗ) | Аппарат МЭРА | Москоллектор | ОАТИ | Мосводосток | Территориальные ОИВ | Территориальные ОИВ    ТиНАО | Автомобильные дороги АО г.Москвы | Департамент строительства города Москвы | Департамент культуры | ГКУ НТУ | ФСО | ДГП (Департамент градостроительной политики) | ДГП (Департамент градостроительной политики) | ЦУКБ Министерство обороны | ГКУ Организатор перевозок | ГПБУ Мосэкомониторинг | Депортамент гражданского строительства"
14060602;;Провал грунта яма;Провалилась автомашина;частично;;Провал грунта (автомашина частично);Провал грунта (более 2х2 метров или с разрушением коммуникаций);MCHS;;37;"Классификатор МЧС | Классификатор МЧС | Классификатор МВД | Классификатор СМП | Классификатор МОСГАЗ | ЦЭМП | ЦЭМП | ЦЭМП | ЦЭМП | Автомобильные дороги | Мосгортранс | Гор. Хозяйство | ГОРМОСТ | Мосводоканал | МОЭК | МОЭСК (ПАО ""Россети Московский регион"") | ОЭК | ЦОДД | Департамент РБиПК             (ГКУ МОСБЕЗ) | Департамент РБиПК             (ГКУ МОСБЕЗ) | Аппарат МЭРА | Москоллектор | ОАТИ | Мосводосток | Территориальные ОИВ | Территориальные ОИВ    ТиНАО | Автомобильные дороги АО г.Москвы | Департамент строительства города Москвы | Департамент культуры | ГКУ НТУ | ФСО | ДГП (Департамент градостроительной политики) | ДГП (Департамент градостроительной политики) | ЦУКБ Министерство обороны | ГКУ Организатор перевозок | ГПБУ Мосэкомониторинг | Депортамент гражданского строительства"
14060700;;Провал грунта яма;Животное;;;Провал грунта (животное);спасение животных;MCHS;;23;"Классификатор МЧС | Классификатор МЧС | Классификатор МВД | Классификатор МВД | Классификатор СМП | Классификатор МОСГАЗ | ЦЭМП | ЦЭМП | ЦЭМП | ЦЭМП | Автомобильные дороги | Мосгортранс | Гор. Хозяйство | Мосводоканал | МОЭК | МОЭСК (ПАО ""Россети Московский регион"") | Аппарат МЭРА | Территориальные ОИВ | Территориальные ОИВ    ТиНАО | Автомобильные дороги АО г.Москвы | Департамент культуры | ГКУ НТУ | ГКУ Организатор перевозок"
14070101;Колодец люк повреждение;Колодец люк;Хлопает крышка;принадлежность устаносить не удалось;Проезжая часть Двор тротуар  Газон;Хлопает крышка колодца (люка);Хлопает крышка колодца;;;15;"Классификатор МОСГАЗ | Гор. Хозяйство | ГОРМОСТ | ГОРМОСТ | ГОРМОСТ | МГТС | Мосводоканал | МОЭК | МОЭСК (ПАО ""Россети Московский регион"") | Аппарат МЭРА | Мосводосток | Территориальные ОИВ | Территориальные ОИВ    ТиНАО | Департамент культуры | ГКУ НТУ"
14070102;;Колодец люк;Хлопает крышка;104;Проезжая часть Двор тротуар  Газон;Хлопает крышка колодца (люка) 104;Хлопает крышка колодца;MOSGAZ;;10;Классификатор МОСГАЗ | Гор. Хозяйство | ГОРМОСТ | ГОРМОСТ | ГОРМОСТ | Аппарат МЭРА | Территориальные ОИВ | Территориальные ОИВ    ТиНАО | Департамент культуры | ГКУ НТУ
14070103;;Колодец люк;Хлопает крышка;МГТС;Проезжая часть Двор тротуар  Газон;Хлопает крышка колодца (люка) МГТС;Хлопает крышка колодца;MGTS;;7;Гор. Хозяйство | МГТС | Аппарат МЭРА | Территориальные ОИВ | Территориальные ОИВ    ТиНАО | Департамент культуры | ГКУ НТУ
14070104;;Колодец люк;Хлопает крышка;ОЭК;Проезжая часть Двор тротуар  Газон;Хлопает крышка колодца (люка) ОЭК;Хлопает крышка колодца;OEK;;6;Гор. Хозяйство | Аппарат МЭРА | Территориальные ОИВ | Территориальные ОИВ    ТиНАО | Департамент культуры | ГКУ НТУ
14070105;;Колодец люк;Хлопает крышка;МОЭСК;Проезжая часть Двор тротуар  Газон;Хлопает крышка колодца (люка) (МОЭСК);Хлопает крышка колодца;MOESK;;7;"Гор. Хозяйство | МОЭСК (ПАО ""Россети Московский регион"") | Аппарат МЭРА | Территориальные ОИВ | Территориальные ОИВ    ТиНАО | Департамент культуры | ГКУ НТУ"
14070106;;Колодец люк;Хлопает крышка;Мосводоканал;Проезжая часть Двор тротуар  Газон;Хлопает крышка колодца (люка) Мосводоканал;Хлопает крышка колодца;MOSVODOCANAL;;7;Гор. Хозяйство | Мосводоканал | Аппарат МЭРА | Территориальные ОИВ | Территориальные ОИВ    ТиНАО | Департамент культуры | ГКУ НТУ
14070107;;Колодец люк;Хлопает крышка;Мосводосток;Проезжая часть Двор тротуар  Газон;Хлопает крышка колодца (люка) Мосводосток;Хлопает крышка колодца;MOSVODOSTOK;;7;Гор. Хозяйство | Аппарат МЭРА | Мосводосток | Территориальные ОИВ | Территориальные ОИВ    ТиНАО | Департамент культуры | ГКУ НТУ
14070108;;Колодец люк;Хлопает крышка;МОЭК;Проезжая часть Двор тротуар  Газон;Хлопает крышка колодца (люка) МОЭК;Хлопает крышка колодца;MOEK;;7;Гор. Хозяйство | МОЭК | Аппарат МЭРА | Территориальные ОИВ | Территориальные ОИВ    ТиНАО | Департамент культуры | ГКУ НТУ
14070109;;Колодец люк;Хлопает крышка;Москоллектор;Проезжая часть Двор тротуар  Газон;Хлопает крышка колодца (люка) Москоллектор;Хлопает крышка колодца;MOSCOLLECTOR;;7;Гор. Хозяйство | Аппарат МЭРА | Москоллектор | Территориальные ОИВ | Территориальные ОИВ    ТиНАО | Департамент культуры | ГКУ НТУ
14070201;;Колодец люк;Разрушен асфальт вокруг люка, колодца;принадлежность устаносить не удалось;Проезжая часть Двор тротуар  Газон;Разрушен асфальт вокруг колодца (люка);Разрушен асфальт вокруг колодца;;;16;"Классификатор МОСГАЗ | Гор. Хозяйство | ГОРМОСТ | ГОРМОСТ | ГОРМОСТ | МГТС | Мосводоканал | МОЭК | МОЭСК (ПАО ""Россети Московский регион"") | Аппарат МЭРА | Москоллектор | Мосводосток | Территориальные ОИВ | Территориальные ОИВ    ТиНАО | Департамент культуры | ГКУ НТУ"
14070202;;Колодец люк;Разрушен асфальт вокруг люка, колодца;104;Проезжая часть Двор тротуар  Газон;Разрушен асфальт вокруг колодца (люка) 104;Разрушен асфальт вокруг колодца;MOSGAZ;;10;Классификатор МОСГАЗ | Гор. Хозяйство | ГОРМОСТ | ГОРМОСТ | ГОРМОСТ | Аппарат МЭРА | Территориальные ОИВ | Территориальные ОИВ    ТиНАО | Департамент культуры | ГКУ НТУ
14070203;;Колодец люк;Разрушен асфальт вокруг люка, колодца;МГТС;Проезжая часть Двор тротуар  Газон;Разрушен асфальт вокруг колодца (люка) МГТС;Разрушен асфальт вокруг колодца;MGTS;;7;Гор. Хозяйство | МГТС | Аппарат МЭРА | Территориальные ОИВ | Территориальные ОИВ    ТиНАО | Департамент культуры | ГКУ НТУ
14070204;;Колодец люк;Разрушен асфальт вокруг люка, колодца;ОЭК;Проезжая часть Двор тротуар  Газон;Разрушен асфальт вокруг колодца (люка) ОЭК;Разрушен асфальт вокруг колодца;OEK;;6;Гор. Хозяйство | Аппарат МЭРА | Территориальные ОИВ | Территориальные ОИВ    ТиНАО | Департамент культуры | ГКУ НТУ
14070205;;Колодец люк;Разрушен асфальт вокруг люка, колодца;МОЭСК;Проезжая часть Двор тротуар  Газон;Разрушен асфальт вокруг колодца (люка) МОЭСК;Разрушен асфальт вокруг колодца;MOESK;;7;"Гор. Хозяйство | МОЭСК (ПАО ""Россети Московский регион"") | Аппарат МЭРА | Территориальные ОИВ | Территориальные ОИВ    ТиНАО | Департамент культуры | ГКУ НТУ"
14070206;;Колодец люк;Разрушен асфальт вокруг люка, колодца;Мосводоканал;Проезжая часть Двор тротуар  Газон;Разрушен асфальт вокруг колодца (люка) Мосводоканал;Разрушен асфальт вокруг колодца;MOSVODOCANAL;;7;Гор. Хозяйство | Мосводоканал | Аппарат МЭРА | Территориальные ОИВ | Территориальные ОИВ    ТиНАО | Департамент культуры | ГКУ НТУ
14070207;;Колодец люк;Разрушен асфальт вокруг люка, колодца;Мосводосток;Проезжая часть Двор тротуар  Газон;Разрушен асфальт вокруг колодца (люка) Мосводосток;Разрушен асфальт вокруг колодца;MOSVODOSTOK;;7;Гор. Хозяйство | Аппарат МЭРА | Мосводосток | Территориальные ОИВ | Территориальные ОИВ    ТиНАО | Департамент культуры | ГКУ НТУ
14070208;;Колодец люк;Разрушен асфальт вокруг люка, колодца;МОЭК;Проезжая часть Двор тротуар  Газон;Разрушен асфальт вокруг колодца (люка) МОЭК;Разрушен асфальт вокруг колодца;MOEK;;7;Гор. Хозяйство | МОЭК | Аппарат МЭРА | Территориальные ОИВ | Территориальные ОИВ    ТиНАО | Департамент культуры | ГКУ НТУ
14070209;;Колодец люк;Разрушен асфальт вокруг люка, колодца;Москоллектор;Проезжая часть Двор тротуар  Газон;Разрушен асфальт вокруг колодца (люка) Москоллектор;Разрушен асфальт вокруг колодца;MOSCOLLECTOR;;7;Гор. Хозяйство | Аппарат МЭРА | Москоллектор | Территориальные ОИВ | Территориальные ОИВ    ТиНАО | Департамент культуры | ГКУ НТУ
14070301;;Колодец люк;Открыт (крышка рядом), крышка сдвинута, повреждена;принадлежность устаносить не удалось;Проезжая часть Двор тротуар  Газон;Люк открыт (крышка рядом, крышка сдвинута, повреждена);Открытый люк (дворовая территория);;;18;"Классификатор МЧС | Классификатор МВД | Классификатор МОСГАЗ | Гор. Хозяйство | ГОРМОСТ | ГОРМОСТ | МГТС | Мосводоканал | МОЭК | МОЭСК (ПАО ""Россети Московский регион"") | ЦОДД | Аппарат МЭРА | Москоллектор | Мосводосток | Территориальные ОИВ | Территориальные ОИВ    ТиНАО | Департамент культуры | ГКУ НТУ"
14070302;;Колодец люк;Открыт (крышка рядом), крышка сдвинута, повреждена;104;Проезжая часть Двор тротуар  Газон;Люк открыт (крышка рядом, крышка сдвинута, повреждена) 104;Открытый люк (дворовая территория);MOSGAZ;;11;Классификатор МЧС | Классификатор МВД | Классификатор СМП | Классификатор МОСГАЗ | Гор. Хозяйство | ЦОДД | Аппарат МЭРА | Территориальные ОИВ | Территориальные ОИВ    ТиНАО | Департамент культуры | ГКУ НТУ
14070303;;Колодец люк;Открыт (крышка рядом), крышка сдвинута, повреждена;МГТС;Проезжая часть Двор тротуар  Газон;Люк открыт (крышка рядом, крышка сдвинута, повреждена) МГТС;Открытый люк (дворовая территория);MGTS;;11;Классификатор МЧС | Классификатор МВД | Классификатор СМП | Гор. Хозяйство | МГТС | ЦОДД | Аппарат МЭРА | Территориальные ОИВ | Территориальные ОИВ    ТиНАО | Департамент культуры | ГКУ НТУ
14070304;;Колодец люк;Открыт (крышка рядом), крышка сдвинута, повреждена;ОЭК;Проезжая часть Двор тротуар  Газон;Люк открыт (крышка рядом, крышка сдвинута, повреждена) ОЭК;Открытый люк (дворовая территория);OEK;;11;Классификатор МЧС | Классификатор МВД | Классификатор СМП | Гор. Хозяйство | ОЭК | ЦОДД | Аппарат МЭРА | Территориальные ОИВ | Территориальные ОИВ    ТиНАО | Департамент культуры | ГКУ НТУ
14070305;;Колодец люк;Открыт (крышка рядом), крышка сдвинута, повреждена;МОЭСК;Проезжая часть Двор тротуар  Газон;Люк открыт (крышка рядом, крышка сдвинута, повреждена) МОЭСК;Открытый люк (дворовая территория);MOESK;;11;"Классификатор МЧС | Классификатор МВД | Классификатор СМП | Гор. Хозяйство | МОЭСК (ПАО ""Россети Московский регион"") | ЦОДД | Аппарат МЭРА | Территориальные ОИВ | Территориальные ОИВ    ТиНАО | Департамент культуры | ГКУ НТУ"
14070306;;Колодец люк;Открыт (крышка рядом), крышка сдвинута, повреждена;Мосводоканал;Проезжая часть Двор тротуар  Газон;Люк открыт (крышка рядом, крышка сдвинута, повреждена) Мосводоканал;Открытый люк (дворовая территория);MOSVODOCANAL;;11;Классификатор МЧС | Классификатор МВД | Классификатор СМП | Гор. Хозяйство | Мосводоканал | ЦОДД | Аппарат МЭРА | Территориальные ОИВ | Территориальные ОИВ    ТиНАО | Департамент культуры | ГКУ НТУ
14070307;;Колодец люк;Открыт (крышка рядом), крышка сдвинута, повреждена;Мосводосток;Проезжая часть Двор тротуар  Газон;Люк открыт (крышка рядом, крышка сдвинута, повреждена) Мосводосток;Открытый люк (дворовая территория);MOSVODOSTOK;;11;Классификатор МЧС | Классификатор МВД | Классификатор СМП | Гор. Хозяйство | ЦОДД | Аппарат МЭРА | Мосводосток | Территориальные ОИВ | Территориальные ОИВ    ТиНАО | Департамент культуры | ГКУ НТУ
14070308;;Колодец люк;Открыт (крышка рядом), крышка сдвинута, повреждена;МОЭК;Проезжая часть Двор тротуар  Газон;Люк открыт (крышка рядом, крышка сдвинута, повреждена) МОЭК;Открытый люк (дворовая территория);MOEK;;11;Классификатор МЧС | Классификатор МВД | Классификатор СМП | Гор. Хозяйство | МОЭК | ЦОДД | Аппарат МЭРА | Территориальные ОИВ | Территориальные ОИВ    ТиНАО | Департамент культуры | ГКУ НТУ
14070309;;Колодец люк;Открыт (крышка рядом), крышка сдвинута, повреждена;Москоллектор;Проезжая часть Двор тротуар  Газон;Люк открыт (крышка рядом, крышка сдвинута, повреждена) Москоллектор;Открытый люк (дворовая территория);MOSCOLLECTOR;;11;Классификатор МЧС | Классификатор МВД | Классификатор СМП | Гор. Хозяйство | ЦОДД | Аппарат МЭРА | Москоллектор | Территориальные ОИВ | Территориальные ОИВ    ТиНАО | Департамент культуры | ГКУ НТУ
14070401;;Колодец люк;Просадка люка;принадлежность устаносить не удалось;Проезжая часть Двор тротуар  Газон;Люк просел;Просадка люка на тротуаре;;;17;"Классификатор МОСГАЗ | Автомобильные дороги | Гор. Хозяйство | ГОРМОСТ | ГОРМОСТ | МГТС | Мосводоканал | МОЭК | МОЭСК (ПАО ""Россети Московский регион"") | Аппарат МЭРА | Москоллектор | Мосводосток | Территориальные ОИВ | Территориальные ОИВ    ТиНАО | Автомобильные дороги АО г.Москвы | Департамент культуры | ГКУ НТУ"
14070402;;Колодец люк;Просадка люка;104;Проезжая часть Двор тротуар  Газон;Люк просел 104;Просадка люка на тротуаре;MOSGAZ;;10;Классификатор СМП | Классификатор МОСГАЗ | Автомобильные дороги | Гор. Хозяйство | Аппарат МЭРА | Территориальные ОИВ | Территориальные ОИВ    ТиНАО | Автомобильные дороги АО г.Москвы | Департамент культуры | ГКУ НТУ
14070403;;Колодец люк;Просадка люка;МГТС;Проезжая часть Двор тротуар  Газон;Люк просел МГТС;Просадка люка на тротуаре;MGTS;;10;Классификатор СМП | Автомобильные дороги | Гор. Хозяйство | МГТС | Аппарат МЭРА | Территориальные ОИВ | Территориальные ОИВ    ТиНАО | Автомобильные дороги АО г.Москвы | Департамент культуры | ГКУ НТУ
14070404;;Колодец люк;Просадка люка;ОЭК;Проезжая часть Двор тротуар  Газон;Люк просел ОЭК;Просадка люка на тротуаре;OEK;;10;Классификатор СМП | Автомобильные дороги | Гор. Хозяйство | ОЭК | Аппарат МЭРА | Территориальные ОИВ | Территориальные ОИВ    ТиНАО | Автомобильные дороги АО г.Москвы | Департамент культуры | ГКУ НТУ
14070405;;Колодец люк;Просадка люка;МОЭСК;Проезжая часть Двор тротуар  Газон;Люк просел МОЭСК;Просадка люка на тротуаре;MOESK;;10;"Классификатор СМП | Автомобильные дороги | Гор. Хозяйство | МОЭСК (ПАО ""Россети Московский регион"") | Аппарат МЭРА | Территориальные ОИВ | Территориальные ОИВ    ТиНАО | Автомобильные дороги АО г.Москвы | Департамент культуры | ГКУ НТУ"
14070406;;Колодец люк;Просадка люка;Мосводоканал;Проезжая часть Двор тротуар  Газон;Люк просел Мосводоканал;Просадка люка на тротуаре;MOSVODOCANAL;;10;Классификатор СМП | Автомобильные дороги | Гор. Хозяйство | Мосводоканал | Аппарат МЭРА | Территориальные ОИВ | Территориальные ОИВ    ТиНАО | Автомобильные дороги АО г.Москвы | Департамент культуры | ГКУ НТУ
14070407;;Колодец люк;Просадка люка;Мосводосток;Проезжая часть Двор тротуар  Газон;Люк просел Мосводосток;Просадка люка на тротуаре;MOSVODOSTOK;;10;Классификатор СМП | Автомобильные дороги | Гор. Хозяйство | Аппарат МЭРА | Мосводосток | Территориальные ОИВ | Территориальные ОИВ    ТиНАО | Автомобильные дороги АО г.Москвы | Департамент культуры | ГКУ НТУ
14070408;;Колодец люк;Просадка люка;МОЭК;Проезжая часть Двор тротуар  Газон;Люк просел МОЭК;Просадка люка на тротуаре;MOEK;;10;Классификатор СМП | Автомобильные дороги | Гор. Хозяйство | МОЭК | Аппарат МЭРА | Территориальные ОИВ | Территориальные ОИВ    ТиНАО | Автомобильные дороги АО г.Москвы | Департамент культуры | ГКУ НТУ
14070409;;Колодец люк;Просадка люка;Москоллектор;Проезжая часть Двор тротуар  Газон;Люк просел Москоллектор;Просадка люка на тротуаре;MOSCOLLECTOR;;10;Классификатор СМП | Автомобильные дороги | Гор. Хозяйство | Аппарат МЭРА | Москоллектор | Территориальные ОИВ | Территориальные ОИВ    ТиНАО | Автомобильные дороги АО г.Москвы | Департамент культуры | ГКУ НТУ
14070500;;Колодец люк;Открыт люк (нет крышки);;Проезжая часть Двор тротуар  Газон;Люк открыт (нет крышки);Открыт колодец на газоне;;;19;"Классификатор МЧС | Классификатор МВД | Классификатор МОСГАЗ | Гор. Хозяйство | ГОРМОСТ | ГОРМОСТ | МГТС | МГТС | Мосводоканал | МОЭК | МОЭСК (ПАО ""Россети Московский регион"") | ЦОДД | Аппарат МЭРА | Москоллектор | Мосводосток | Территориальные ОИВ | Территориальные ОИВ    ТиНАО | Департамент культуры | ГКУ НТУ"
14070600;;Колодец люк;Пар из люка;;Проезжая часть Двор тротуар  Газон;Пар из люка;Нет в ЕКП;MOEK;;9;Классификатор СМП | Гор. Хозяйство | ГОРМОСТ | ГОРМОСТ | МОЭК | Территориальные ОИВ | Территориальные ОИВ    ТиНАО | Департамент культуры | ГКУ НТУ
14070700;;Колодец люк;Просадка;;;Люк на газоне просел;Просадка люка на газоне;;;14;"Классификатор МОСГАЗ | Автомобильные дороги | Гор. Хозяйство | МГТС | Мосводоканал | МОЭК | МОЭСК (ПАО ""Россети Московский регион"") | Аппарат МЭРА | Москоллектор | Территориальные ОИВ | Территориальные ОИВ    ТиНАО | Автомобильные дороги АО г.Москвы | Департамент культуры | ГКУ НТУ"
14070800;;Колодец люк;Пострадавшие;;;Падение в люк, колодец;Падение в люки, шахты;MCHS;;20;"Классификатор МЧС | Классификатор МЧС | Классификатор МВД | Классификатор СМП | Классификатор МОСГАЗ | Гор. Хозяйство | ГОРМОСТ | ГОРМОСТ | МГТС | Мосводоканал | МОЭК | МОЭСК (ПАО ""Россети Московский регион"") | ЦОДД | Аппарат МЭРА | Москоллектор | Мосводосток | Территориальные ОИВ | Территориальные ОИВ    ТиНАО | Департамент культуры | ГКУ НТУ"
14070900;;Колодец люк;Автомашина;;;Автомашина провалилась колесом в колодец;Нет в ЕКП;;;14;"Классификатор МВД | ГОРМОСТ | МГТС | Мосводоканал | МОЭК | МОЭСК (ПАО ""Россети Московский регион"") | ЦОДД | Москоллектор | Мосводосток | Территориальные ОИВ | Территориальные ОИВ    ТиНАО | Департамент культуры | ГКУ НТУ | ФСО"
14071000;;Колодец люк;Животное;;;Животное провалилось в колодец;Нет в ЕКП;MCHS;;13;"Классификатор МЧС | Классификатор МВД | Классификатор МОСГАЗ | Гор. Хозяйство | МГТС | Мосводоканал | МОЭК | МОЭСК (ПАО ""Россети Московский регион"") | Москоллектор | Территориальные ОИВ | Территориальные ОИВ    ТиНАО | Департамент культуры | ГКУ НТУ"
14080101;Дерево;Дерево;Упало, сломано;На провода электрические;;Дерево упало на электрические провода;Поваленные деревья с угрозой жизни людей;MCHS;Поваленные деревья с угрозой жизни людей;18;Классификатор МЧС | Классификатор МВД | Классификатор СМП | ЦЭМП | ЦЭМП | Мосгортранс | Гор. Хозяйство | ОЭК | ЦОДД | Аппарат МЭРА | Департамент ППиООС | Территориальные ОИВ | Территориальные ОИВ    ТиНАО | Департамент культуры | ГКУ НТУ | ФСО | ЦУКБ Министерство обороны | ГКУ Организатор перевозок
14080102;;Дерево;Упало, сломано;На провода контактной сети;;Дерево упало на провода контактной сети;Повреждение контактной сети;MCHS;Поваленные деревья с угрозой жизни людей;13;Классификатор МЧС | Классификатор МВД | Классификатор СМП | Мосгортранс | Метро | ЦОДД | Аппарат МЭРА | Территориальные ОИВ | Территориальные ОИВ    ТиНАО | Департамент культуры | ГКУ НТУ | ФСО | ЦУКБ Министерство обороны
14080103;;Дерево;Упало, сломано;На человека;;Дерево упало на человека;Поваленные деревья с угрозой жизни людей;MCHS;Поваленные деревья с угрозой жизни людей;22;Классификатор МЧС | Классификатор МВД | Классификатор МВД | Классификатор МВД | Классификатор СМП | ЦЭМП | ЦЭМП | Мосгортранс | Гор. Хозяйство | ЦОДД | Департамент РБиПК             (ГКУ МОСБЕЗ) | Департамент РБиПК             (ГКУ МОСБЕЗ) | Аппарат МЭРА | ОАТИ | Департамент ППиООС | Территориальные ОИВ | Территориальные ОИВ    ТиНАО | Департамент культуры | ГКУ НТУ | ФСО | ЦУКБ Министерство обороны | ГКУ Организатор перевозок
14080104;;Дерево;Упало, сломано;На автомашину - нет пострадавших;;Дерево упало на машину;Повреждение автомашины в результате паденияпредмета или действия людей;;;12;Классификатор МВД | ЦЭМП | ЦЭМП | Мосгортранс | Гор. Хозяйство | Аппарат МЭРА | Департамент ППиООС | Территориальные ОИВ | Территориальные ОИВ    ТиНАО | Департамент культуры | ГКУ НТУ | ГКУ Организатор перевозок
14080105;;Дерево;Упало, сломано;На автомашину - есть пострадавшие;;Дерево упало на машину (есть пострадавшие);Поваленные деревья с угрозой жизни людей;MCHS;Поваленные деревья с угрозой жизни людей;18;Классификатор МЧС | Классификатор МВД | Классификатор СМП | ЦЭМП | ЦЭМП | Мосгортранс | Гор. Хозяйство | ЦОДД | Аппарат МЭРА | ОАТИ | Департамент ППиООС | Территориальные ОИВ | Территориальные ОИВ    ТиНАО | Департамент культуры | ГКУ НТУ | ФСО | ЦУКБ Министерство обороны | ГКУ Организатор перевозок
14080201;;Дерево;Наклонилось;На провода электрические;;Дерево на электрических проводах;Поваленные деревья с угрозой жизни людей;;;14;ЦЭМП | ЦЭМП | Мосгортранс | Гор. Хозяйство | ОЭК | ЦОДД | Аппарат МЭРА | Департамент ППиООС | Территориальные ОИВ | Территориальные ОИВ    ТиНАО | Департамент культуры | ГКУ НТУ | ЦУКБ Министерство обороны | ГКУ Организатор перевозок
14080202;;Дерево;Наклонилось;На провода контактной сети;;Дерево на проводах контактной сети;Повреждение контактной сети;;;10;Мосгортранс | Метро | ЦОДД | Аппарат МЭРА | Департамент ППиООС | Территориальные ОИВ | Территориальные ОИВ    ТиНАО | Департамент культуры | ГКУ НТУ | ЦУКБ Министерство обороны
14080106;;Дерево;Упало, сломано;Двор тротуар газон;;Дерево упало во дворе;Поваленные деревья с угрозой жизни людей;;;12;Классификатор МВД | Классификатор СМП | ЦЭМП | ЦЭМП | Мосгортранс | Гор. Хозяйство | Аппарат МЭРА | Департамент ППиООС | Территориальные ОИВ | Территориальные ОИВ    ТиНАО | Департамент культуры | ГКУ НТУ
14080203;;Дерево;Наклонилось;Двор тротуар газон;;Дерево наклонилось во дворе;Наклонившееся дерево (дворовая территория);;;7;Гор. Хозяйство | Аппарат МЭРА | Департамент ППиООС | Территориальные ОИВ | Территориальные ОИВ    ТиНАО | Департамент культуры | ГКУ НТУ
14080107;;Дерево;Упало, сломано;на животное;;Дерево упало на животное;Поваленные деревья с угрозой жизни людей;MCHS;;16;Классификатор МЧС | Классификатор МВД | Классификатор МВД | Классификатор СМП | ЦЭМП | ЦЭМП | Мосгортранс | Гор. Хозяйство | ЦОДД | Аппарат МЭРА | Департамент ППиООС | Территориальные ОИВ | Территориальные ОИВ    ТиНАО | Департамент культуры | ГКУ НТУ | ФСО
14080108;;Дерево;Упало, сломано;Оперативные службы не могут проехать;;Упавшее дерево мешает проезду оперативных служб;Поваленное дерево (заблокирован проезд оперативных служб);MCHS;Оказание помощи службам города (общее);9;Классификатор МЧС | Классификатор СМП | ЦОДД | Территориальные ОИВ | Территориальные ОИВ    ТиНАО | Департамент культуры | ГКУ НТУ | ФСО | ЦУКБ Министерство обороны
14080109;;Дерево;Упало, сломано;Проезжая часть;;Дерево упало на проезжую часть;Поваленные деревья с угрозой жизни людей;;;15;Классификатор МВД | ЦЭМП | ЦЭМП | Мосгортранс | Гор. Хозяйство | ЦОДД | Аппарат МЭРА | Департамент ППиООС | Территориальные ОИВ | Территориальные ОИВ    ТиНАО | Департамент культуры | ГКУ НТУ | ФСО | ЦУКБ Министерство обороны | ГКУ Организатор перевозок
14080209;;Дерево;Наклонилось;Проезжая часть;;Дерево наклонилось над проезжей частью;Наклонившееся дерево (дворовая территория);;;8;Гор. Хозяйство | ЦОДД | Аппарат МЭРА | Территориальные ОИВ | Территориальные ОИВ    ТиНАО | Департамент культуры | ГКУ НТУ | ФСО
14080200;;Дерево;Вырубка без разрешения;;;Вырубка без разрешения;Экологическое правонарушение;Police;;16;Классификатор МВД | Классификатор СМП | ЦЭМП | ЦЭМП | ЦЭМП | ЦЭМП | Аппарат МЭРА | Департамент ППиООС | Росгвардия | Территориальные ОИВ | Территориальные ОИВ    ТиНАО | Департамент культуры | ГКУ НТУ | ФСО | ДГП (Департамент градостроительной политики) | ДГП (Департамент градостроительной политики)
14090100;Предмет - падение;Предмет - падение;Сосульки наледь снег;;;Падение сосулек, наледи, снега;Неубранные сосульки, наледь, снег, свисающие с крыши и карнизов;;;13;Классификатор МВД | Классификатор СМП | ЦЭМП | Гор. Хозяйство | ГОРМОСТ | ГОРМОСТ | Аппарат МЭРА | Территориальные ОИВ | Территориальные ОИВ    ТиНАО | Департамент культуры | ГКУ НТУ | ФСО | ЦУКБ Министерство обороны
14090201;;Предмет - падение;Сосульки наледь снег ЧАСТИ, ДЕТАЛИ - Кровля крыша фасад балкон Мачта освещения столб Рекламный щит Прочие объекты;на человека;;Падение предмета на человека;Нет в ЕКП;MCHS;;19;Классификатор МЧС | Классификатор МЧС | Классификатор МВД | Классификатор МВД | Классификатор СМП | Гор. Хозяйство | ГОРМОСТ | ГОРМОСТ | ЦОДД | ОАТИ | Территориальные ОИВ | Территориальные ОИВ    ТиНАО | Департамент строительства города Москвы | Департамент культуры | ГКУ НТУ | ДГП (Департамент градостроительной политики) | ДГП (Департамент градостроительной политики) | ЦУКБ Министерство обороны | Депортамент гражданского строительства
14090202;;Предмет - падение;Сосульки наледь снег ЧАСТИ, ДЕТАЛИ - Кровля крыша фасад балкон Мачта освещения столб Рекламный щит Прочие объекты;На автомашину - нет пострадавших;;Падение объектов на машину;Повреждение автомашины в результате падения предмета или действия людей;Police;;10;Классификатор МВД | ГОРМОСТ | Аппарат МЭРА | Территориальные ОИВ | Территориальные ОИВ    ТиНАО | Департамент культуры | ГКУ НТУ | ДГП (Департамент градостроительной политики) | ДГП (Департамент градостроительной политики) | Депортамент гражданского строительства
14090303;;Предмет - падение;Сосульки наледь снег Мачта освещения столб Рекламный щит Прочие объекты;На автомашину - есть пострадавшие;;Падение объектов на машину - пострадавшие;Обрушение конструкций;MCHS;;26;Классификатор МЧС | Классификатор МЧС | Классификатор МВД | Классификатор СМП | Классификатор МОСГАЗ | ЦЭМП | ЦЭМП | ЦЭМП | ЦЭМП | Мосгортранс | Гор. Хозяйство | ЦОДД | Департамент РБиПК             (ГКУ МОСБЕЗ) | Департамент РБиПК             (ГКУ МОСБЕЗ) | Аппарат МЭРА | ОАТИ | Территориальные ОИВ | Территориальные ОИВ    ТиНАО | Департамент культуры | ГКУ НТУ | ФСО | ДГП (Департамент градостроительной политики) | ДГП (Департамент градостроительной политики) | ЦУКБ Министерство обороны | ГКУ Организатор перевозок | Депортамент гражданского строительства
14090403;;Предмет - падение;ЧАСТИ, ДЕТАЛИ - Кровля крыша фасад балкон;На автомашину - есть пострадавшие;;Падение (детали кровли, крыши, балкона, фасада) на автомашину (есть пострадавшие);Обрушение наземных элементов зданий;MCHS;;29;Классификатор МЧС | Классификатор МЧС | Классификатор МВД | Классификатор СМП | Классификатор МОСГАЗ | ЦЭМП | ЦЭМП | ЦЭМП | ЦЭМП | ЦЭМП | Мосгортранс | Гор. Хозяйство | ГОРМОСТ | ЦОДД | Департамент РБиПК             (ГКУ МОСБЕЗ) | Департамент РБиПК             (ГКУ МОСБЕЗ) | Аппарат МЭРА | ОАТИ | Территориальные ОИВ | Территориальные ОИВ    ТиНАО | Департамент строительства города Москвы | Департамент культуры | ГКУ НТУ | ФСО | ДГП (Департамент градостроительной политики) | ДГП (Департамент градостроительной политики) | ЦУКБ Министерство обороны | ГКУ Организатор перевозок | Депортамент гражданского строительства
14090400;;Предмет - падение;ЧАСТИ, ДЕТАЛИ - Кровля крыша фасад балкон;;В: есть ли угроза обрушения в дальнейшем (один большой кусок штукатурки упал, падают другие);Падение (детали кровли, крыши, балкона, фасада);Обрушение наземных элементов зданий;Police;;19;Классификатор МВД | Классификатор МВД | Классификатор СМП | Классификатор МОСГАЗ | Мосгортранс | Гор. Хозяйство | МГТС | ЦОДД | Аппарат МЭРА | Территориальные ОИВ | Территориальные ОИВ    ТиНАО | Департамент культуры | ГКУ НТУ | ФСО | ДГП (Департамент градостроительной политики) | ДГП (Департамент градостроительной политики) | ЦУКБ Министерство обороны | ГКУ Организатор перевозок | Депортамент гражданского строительства
14090500;;Предмет - падение;Мачта освещения столб;;;Падение (мачта освещения);Обрушение конструкций;;;16;Классификатор МВД | Классификатор МВД | Классификатор СМП | Классификатор МОСГАЗ | ЦЭМП | Мосгортранс | Гор. Хозяйство | ГОРМОСТ | ЦОДД | Аппарат МЭРА | Территориальные ОИВ | Территориальные ОИВ    ТиНАО | Департамент культуры | ГКУ НТУ | ФСО | ГКУ Организатор перевозок
14090600;;Предмет - падение;Рекламный щит;;;Падение (рекламный щит);Обрушение конструкций;;;17;Классификатор МВД | Классификатор МВД | Классификатор СМП | Классификатор МОСГАЗ | ЦЭМП | Мосгортранс | Гор. Хозяйство | ГОРМОСТ | ЦОДД | Аппарат МЭРА | Территориальные ОИВ | Территориальные ОИВ    ТиНАО | Департамент культуры | ГКУ НТУ | ФСО | ЦУКБ Министерство обороны | ГКУ Организатор перевозок
14090700;;Предмет - падение;Прочие объекты;;;Падение (прочие объекты);Обрушение конструкций;;;18;Классификатор МВД | Классификатор МВД | Классификатор СМП | Классификатор МОСГАЗ | ЦЭМП | Мосгортранс | Гор. Хозяйство | ГОРМОСТ | ЦОДД | Аппарат МЭРА | Территориальные ОИВ | Территориальные ОИВ    ТиНАО | Департамент культуры | ГКУ НТУ | ФСО | ДГП (Департамент градостроительной политики) | ДГП (Департамент градостроительной политики) | ГКУ Организатор перевозок
14090800;;Предмет - падение;Набережная: Облицовочных плит;;;Падение (облицовочные плиты набережной);Обрушение облицовочных плит в воду;GORMOST;;8;Гор. Хозяйство | ГОРМОСТ | ЦОДД | Аппарат МЭРА | Территориальные ОИВ | Территориальные ОИВ    ТиНАО | Департамент культуры | ГКУ НТУ
14090104;;Предмет - падение;Сосульки наледь снег;Угроза падения;;Сосульки, наледь, снег, свисающие с крыши и карнизов;Неубранные сосульки, наледь, снег, свисающие с крыши и карнизов;;;11;Классификатор МВД | Классификатор СМП | ЦЭМП | Гор. Хозяйство | ГОРМОСТ | ГОРМОСТ | Аппарат МЭРА | Территориальные ОИВ | Территориальные ОИВ    ТиНАО | Департамент культуры | ГКУ НТУ
14090404;;Предмет - падение;ЧАСТИ, ДЕТАЛИ - Кровля крыша фасад балкон;Угроза падения;;Угроза падения (детали кровли, крыши, балкона, фасада);Нарушение элементов облицовки стен и выступающих конструкций, угрожающее безопасности людей;Police;;15;Классификатор МЧС | Классификатор МЧС | Классификатор МВД | Классификатор СМП | Классификатор МОСГАЗ | Гор. Хозяйство | ЦОДД | Аппарат МЭРА | Территориальные ОИВ | Территориальные ОИВ    ТиНАО | Департамент культуры | ГКУ НТУ | ДГП (Департамент градостроительной политики) | ДГП (Департамент градостроительной политики) | ЦУКБ Министерство обороны
14090504;;Предмет - падение;Мачта освещения столб;Угроза падения;;Угроза падение (мачта освещения);Нет в ЕКП;;;7;Классификатор СМП | ЦЭМП | ЦОДД | Территориальные ОИВ | Территориальные ОИВ    ТиНАО | Департамент культуры | ГКУ НТУ
14090604;;Предмет - падение;Рекламный щит;Угроза падения;;Угроза падение (рекламный щит);Нет в ЕКП;;;8;Классификатор СМП | ЦЭМП | ЦОДД | Территориальные ОИВ | Территориальные ОИВ    ТиНАО | Департамент культуры | ГКУ НТУ | ЦУКБ Министерство обороны
14090704;;Предмет - падение;Прочие объекты;Угроза падения;;Угроза падение (прочие объекты);Нет в ЕКП;;;9;Классификатор СМП | ЦЭМП | ЦОДД | Территориальные ОИВ | Территориальные ОИВ    ТиНАО | Департамент культуры | ГКУ НТУ | ДГП (Департамент градостроительной политики) | ДГП (Департамент градостроительной политики)
14100100;ЛИФТ;Лифт;Застревание;;;Застревание в лифте;Застревание в лифте;MOSLIFT;;10;Гор. Хозяйство | ГОРМОСТ | ГОРМОСТ | ГОРМОСТ | Мослифт | Аппарат МЭРА | Территориальные ОИВ | Территориальные ОИВ    ТиНАО | Департамент культуры | ГКУ НТУ
14100101;;Лифт;Застревание;Требуется медицинская помощь;;Застревание в лифте (требуется медицинская помощь);Помощь лифтовым службам;MOSLIFT;Помощь лифтовым службам;12;Классификатор СМП | Классификатор СМП | Гор. Хозяйство | ГОРМОСТ | ГОРМОСТ | ГОРМОСТ | Мослифт | Аппарат МЭРА | Территориальные ОИВ | Территориальные ОИВ    ТиНАО | Департамент культуры | ГКУ НТУ
14100102;;Лифт;Застревание;Дети до 10 лет без сопровождения взрослых;;Застревание в лифте (ребенок без взрослых);Помощь лифтовым службам;MOSLIFT;Помощь лифтовым службам;12;Классификатор МВД | Классификатор СМП | Гор. Хозяйство | ГОРМОСТ | ГОРМОСТ | ГОРМОСТ | Мослифт | Аппарат МЭРА | Территориальные ОИВ | Территориальные ОИВ    ТиНАО | Департамент культуры | ГКУ НТУ
14100201;;Лифт;Падение в шахту;Человек;;Падение человека в шахту лифта;Падение с высоты;MOSLIFT;;22;Классификатор МЧС | Классификатор МВД | Классификатор СМП | ЦЭМП | ЦЭМП | Гор. Хозяйство | МГТС | Мослифт | Департамент РБиПК             (ГКУ МОСБЕЗ) | Департамент РБиПК             (ГКУ МОСБЕЗ) | Аппарат МЭРА | ОАТИ | Территориальные ОИВ | Территориальные ОИВ    ТиНАО | Департамент строительства города Москвы | Мосжилинспекция | Департамент культуры | ГКУ НТУ | ФСО | ДГП (Департамент градостроительной политики) | ДГП (Департамент градостроительной политики) | Депортамент гражданского строительства
14100202;;Лифт;Падение в шахту;Вещи;;Падение предметов в шахту лифта;Падение вещей, предметов в шахту лифта;MOSLIFT;;11;Классификатор СМП | Гор. Хозяйство | ГОРМОСТ | ГОРМОСТ | ГОРМОСТ | Мослифт | Территориальные ОИВ | Территориальные ОИВ    ТиНАО | Мосжилинспекция | Департамент культуры | ГКУ НТУ
14100203;;Лифт;Падение в шахту;Животные;;Падение животных в шахту лифта;Спасение животных;MOSLIFT;;12;Классификатор МЧС | Классификатор СМП | Гор. Хозяйство | ГОРМОСТ | ГОРМОСТ | ГОРМОСТ | Мослифт | Аппарат МЭРА | Территориальные ОИВ | Территориальные ОИВ    ТиНАО | Департамент культуры | ГКУ НТУ
14100300;;Лифт;Упал;;;Лифт упал;Обрушение конструкций;;Обрушение конструкций;24;Классификатор МВД | Классификатор СМП | Классификатор МОСГАЗ | ЦЭМП | Мосгортранс | Гор. Хозяйство | ГОРМОСТ | Мослифт | ЦОДД | Департамент РБиПК             (ГКУ МОСБЕЗ) | Департамент РБиПК             (ГКУ МОСБЕЗ) | Аппарат МЭРА | ОАТИ | Территориальные ОИВ | Территориальные ОИВ    ТиНАО | Департамент строительства города Москвы | Департамент культуры | ГКУ НТУ | ФСО | ДГП (Департамент градостроительной политики) | ДГП (Департамент градостроительной политики) | ЦУКБ Министерство обороны | ГКУ Организатор перевозок | Депортамент гражданского строительства
14100400;;Лифт;Не работает;;;Лифт не работает;Не работает лифт (левый, правый, средний);MOSLIFT;;9;Классификатор СМП | Гор. Хозяйство | ГОРМОСТ | Мослифт | Аппарат МЭРА | Территориальные ОИВ | Территориальные ОИВ    ТиНАО | Департамент культуры | ГКУ НТУ
14100500;;Лифт;Не вызывается на этаж;;;Лифт не вызывается;Лифт не вызывается на этаж;MOSLIFT;;11;Классификатор СМП | Гор. Хозяйство | ГОРМОСТ | ГОРМОСТ | ГОРМОСТ | Мослифт | Аппарат МЭРА | Территориальные ОИВ | Территориальные ОИВ    ТиНАО | Департамент культуры | ГКУ НТУ
14100600;;Лифт;Не останавливается на этаже;;;Лифт не останавливается на этаже;Лифт не останавливается на этаже;MOSLIFT;;11;Классификатор СМП | Гор. Хозяйство | ГОРМОСТ | ГОРМОСТ | ГОРМОСТ | Мослифт | Аппарат МЭРА | Территориальные ОИВ | Территориальные ОИВ    ТиНАО | Департамент культуры | ГКУ НТУ
14100700;;Лифт;Не закрываются двери лифта;;;Не закрываются двери лифта;Не закрываются двери лифта;MOSLIFT;;11;Классификатор СМП | Гор. Хозяйство | ГОРМОСТ | ГОРМОСТ | ГОРМОСТ | Мослифт | Аппарат МЭРА | Территориальные ОИВ | Территориальные ОИВ    ТиНАО | Департамент культуры | ГКУ НТУ
14100800;;Лифт;Не закрываются двери кабины, шахты;;;Не закрываются двери кабины, шахты;Не закрываются двери кабины, шахты;MOSLIFT;;11;Классификатор СМП | Гор. Хозяйство | ГОРМОСТ | ГОРМОСТ | ГОРМОСТ | Мослифт | Аппарат МЭРА | Территориальные ОИВ | Территориальные ОИВ    ТиНАО | Департамент культуры | ГКУ НТУ
14100900;;Лифт;Кнопки повреждены;;;Повреждение кнопок в лифте;Неисправность/повреждение кнопок в лифте (левый, правый, средний);MOSLIFT;;9;Классификатор СМП | Гор. Хозяйство | ГОРМОСТ | Мослифт | Аппарат МЭРА | Территориальные ОИВ | Территориальные ОИВ    ТиНАО | Департамент культуры | ГКУ НТУ
14101000;;Лифт;Нет связи с кабиной лифта;;;Нет связи с кабиной лифта;Нет связи с кабиной лифта;MOSLIFT;;11;Классификатор СМП | Гор. Хозяйство | ГОРМОСТ | ГОРМОСТ | ГОРМОСТ | Мослифт | Аппарат МЭРА | Территориальные ОИВ | Территориальные ОИВ    ТиНАО | Департамент культуры | ГКУ НТУ
14101100;;Лифт;Самопроизвольное движение;;;Самопроизвольное движение лифта;Самопроизвольное движение лифта;MOSLIFT;;11;Классификатор СМП | Гор. Хозяйство | ГОРМОСТ | ГОРМОСТ | ГОРМОСТ | Мослифт | Аппарат МЭРА | Территориальные ОИВ | Территориальные ОИВ    ТиНАО | Департамент культуры | ГКУ НТУ
14101200;;Лифт;Нет повторного вызова;;;Отсутствует повторный вызов лифта;Отсутствует повторный вызов лифта;MOSLIFT;;10;Классификатор СМП | Гор. Хозяйство | ГОРМОСТ | ГОРМОСТ | ГОРМОСТ | Мослифт | Территориальные ОИВ | Территориальные ОИВ    ТиНАО | Департамент культуры | ГКУ НТУ
14101300;;Лифт;Шум, скрежет, вибрация при движении;;;Скрежет (вибрация) в кабине лифта при движении;Шум, скрежет, вибрация в кабине лифта при движении;MOSLIFT;;11;Классификатор СМП | Гор. Хозяйство | ГОРМОСТ | ГОРМОСТ | ГОРМОСТ | Мослифт | Аппарат МЭРА | Территориальные ОИВ | Территориальные ОИВ    ТиНАО | Департамент культуры | ГКУ НТУ
14101400;;Лифт;Дверь шахта открыто;;;Открыты двери шахты;Открыты двери шахты;MOSLIFT;;11;Классификатор СМП | Гор. Хозяйство | ГОРМОСТ | ГОРМОСТ | ГОРМОСТ | Мослифт | Аппарат МЭРА | Территориальные ОИВ | Территориальные ОИВ    ТиНАО | Департамент культуры | ГКУ НТУ
14101500;;Лифт;Дверь машинное помещение открыто;;;Открыта дверь машинного помещения;Открыта дверь маш. помещения;MOSLIFT;;12;Классификатор СМП | Гор. Хозяйство | ГОРМОСТ | ГОРМОСТ | ГОРМОСТ | Мослифт | Аппарат МЭРА | ЭВАЖД | Территориальные ОИВ | Территориальные ОИВ    ТиНАО | Департамент культуры | ГКУ НТУ
14101600;;Лифт;Нет света;;;Нет света в кабине лифта;Неисправное освещение/отсутствие освещения в кабине лифта;MOSLIFT;;11;Классификатор СМП | Гор. Хозяйство | ГОРМОСТ | ГОРМОСТ | ГОРМОСТ | Мослифт | Аппарат МЭРА | Территориальные ОИВ | Территориальные ОИВ    ТиНАО | Департамент культуры | ГКУ НТУ
14101700;;Лифт;Грязь, мусор;;;Мусор в лифте;Мусор, грязь в лифте;;;7;ЦЭМП | Гор. Хозяйство | ГОРМОСТ | Территориальные ОИВ | Территориальные ОИВ    ТиНАО | Департамент культуры | ГКУ НТУ
14101800;;Лифт;Порча кабина (надписи, разломана и т.д.);;;Порча кабины лифта;Порча кабины лифта;MOSLIFT;;12;Классификатор МВД | Классификатор СМП | Гор. Хозяйство | ГОРМОСТ | ГОРМОСТ | ГОРМОСТ | Мослифт | Департамент РБиПК             (ГКУ МОСБЕЗ) | Территориальные ОИВ | Территориальные ОИВ    ТиНАО | Департамент культуры | ГКУ НТУ
14101900;;Лифт;Проникновение в шахту;;;Проникновение в шахту;Проникновение в шахту;MOSLIFT;;10;Классификатор МВД | Классификатор СМП | Гор. Хозяйство | Мослифт | Департамент РБиПК             (ГКУ МОСБЕЗ) | Аппарат МЭРА | Территориальные ОИВ | Территориальные ОИВ    ТиНАО | Департамент культуры | ГКУ НТУ
14102000;;Лифт;Другое;;;Лифты Другое;Лифты Другое;;;10;ЦЭМП | Гор. Хозяйство | ГОРМОСТ | ГОРМОСТ | ГОРМОСТ | Аппарат МЭРА | Территориальные ОИВ | Территориальные ОИВ    ТиНАО | Департамент культуры | ГКУ НТУ
14102100;;Лифт;Подъемник для инвалидов не работает;;;Неисправна подъемная платформа для инвалидов;Неисправность/недоступность подъемной платформы для инвалидов;MOSLIFT;;11;Классификатор СМП | Гор. Хозяйство | ГОРМОСТ | ГОРМОСТ | ГОРМОСТ | Мослифт | Аппарат МЭРА | Территориальные ОИВ | Территориальные ОИВ    ТиНАО | Департамент культуры | ГКУ НТУ
14102200;;Лифт;Нарушение работы эскалатора (быстрое движение, резкая остановка);;;Нарушение работы эскалатора;Нет в ЕКП;;;13;Классификатор МЧС | Классификатор МВД | Классификатор МВД | Классификатор СМП | ЦЭМП | ЦЭМП | ЦЭМП | ЦЭМП | Гор. Хозяйство | Территориальные ОИВ | Территориальные ОИВ    ТиНАО | Департамент культуры | ГКУ НТУ
14110100;Провода электрические;Провода  электрические;Провисли;;;Провисли электрические провода;Свисающие, оборванные, искрящие провода;OEK;;12;Классификатор СМП | Мосгортранс | Гор. Хозяйство | МГТС | ОЭК | ЦОДД | Аппарат МЭРА | Территориальные ОИВ | Территориальные ОИВ    ТиНАО | Департамент культуры | ГКУ НТУ | ЦУКБ Министерство обороны
14110200;;Провода электрические;Искрят;;;Искрят электрические провода;Свисающие, оборванные, искрящие провода;OEK;Аварии на электросетях;13;Классификатор СМП | Мосгортранс | Гор. Хозяйство | МГТС | ОЭК | ЦОДД | Аппарат МЭРА | Территориальные ОИВ | Территориальные ОИВ    ТиНАО | Департамент культуры | ГКУ НТУ | ЦУКБ Министерство обороны | ООО Ситиэнерго
14110301;;Провода электрические;Обрыв;Двор тротуар газон на здании на землю;;Обрыв проводов (двор);Обрыв в сети наружного электроснабжения;OEK;Аварии на электросетях;15;"Классификатор МВД | Классификатор МВД | Классификатор СМП | ЦЭМП | ЦЭМП | ЦЭМП | ЦЭМП | Гор. Хозяйство | МОЭСК (ПАО ""Россети Московский регион"") | ОЭК | Аппарат МЭРА | Территориальные ОИВ | Территориальные ОИВ    ТиНАО | Департамент культуры | ГКУ НТУ"
14110302;;Провода электрические;Обрыв;Проезжая часть;;Обрыв проводов (проезжая часть);Обрыв в сети наружного электроснабжения;OEK;Аварии на электросетях;19;"Классификатор МВД | Классификатор МВД | Классификатор СМП | ЦЭМП | ЦЭМП | ЦЭМП | ЦЭМП | Гор. Хозяйство | МОЭСК (ПАО ""Россети Московский регион"") | ОЭК | ЦОДД | Аппарат МЭРА | Территориальные ОИВ | Территориальные ОИВ    ТиНАО | Департамент культуры | ГКУ НТУ | ФСО | ЦУКБ Министерство обороны | ГКУ Организатор перевозок"
14110303;;Провода электрические;Обрыв;На автомашину - нет пострадавших;;Обрыв проводов на автомашину;Повреждение автомашины в результате паденияпредмета или действия людей;;;13;Классификатор МВД | Классификатор СМП | Гор. Хозяйство | ЦОДД | Департамент РБиПК             (ГКУ МОСБЕЗ) | Департамент РБиПК             (ГКУ МОСБЕЗ) | Аппарат МЭРА | Территориальные ОИВ | Территориальные ОИВ    ТиНАО | Департамент культуры | ГКУ НТУ | ФСО | ЦУКБ Министерство обороны
14110304;;Провода электрические;Обрыв;На автомашину - есть пострадавшие;;Обрыв проводов на автомашину (пострадавшие);Обрыв в сети наружного электроснабжения;MCHS;Аварии на электросетях;18;"Классификатор МВД | Классификатор СМП | ЦЭМП | ЦЭМП | ЦЭМП | ЦЭМП | Гор. Хозяйство | МОЭСК (ПАО ""Россети Московский регион"") | ОЭК | ЦОДД | Аппарат МЭРА | ОАТИ | Территориальные ОИВ | Территориальные ОИВ    ТиНАО | Департамент культуры | ГКУ НТУ | ФСО | ЦУКБ Министерство обороны"
14110401;;Провода электрические;Мачта освещения;Повреждение;;Повреждены провода у мачты освещения;Сбита опора лэп , мачта освещения;;;11;Классификатор МВД | Классификатор СМП | ЦЭМП | ОЭК | ЦОДД | Аппарат МЭРА | Территориальные ОИВ | Территориальные ОИВ    ТиНАО | Департамент культуры | ГКУ НТУ | ЦУКБ Министерство обороны
14110402;;Провода электрические;Мачта освещения;Упала;;Упала мачта освещения;Сбита опора лэп , мачта освещения;;;12;Классификатор МВД | Классификатор СМП | ЦЭМП | ОЭК | ЦОДД | Аппарат МЭРА | Территориальные ОИВ | Территориальные ОИВ    ТиНАО | Департамент культуры | ГКУ НТУ | ФСО | ГКУ Организатор перевозок
14110403;;Провода электрические;Мачта освещения;Горит;;Горит мачта освещения;Нет в ЕКП;MCHS;пожар;19;Классификатор МВД | Классификатор СМП | ЦЭМП | ЦЭМП | ЦЭМП | ЦЭМП | Мосгортранс | Гор. Хозяйство | ГОРМОСТ | ГОРМОСТ | ОЭК | ЦОДД | ОАТИ | Территориальные ОИВ | Территориальные ОИВ    ТиНАО | Департамент культуры | ГКУ НТУ | ФСО | ГКУ Организатор перевозок
14110500;;Провода электрические;Упали на человека;;нет доступа;Обрыв проводов на человека;Нет в ЕКП;MCHS;;21;"Классификатор МЧС | Классификатор МВД | Классификатор СМП | ЦЭМП | ЦЭМП | ЦЭМП | ЦЭМП | Мосгортранс | Гор. Хозяйство | ГОРМОСТ | ГОРМОСТ | МОЭСК (ПАО ""Россети Московский регион"") | ОЭК | ЦОДД | ОАТИ | Территориальные ОИВ | Территориальные ОИВ    ТиНАО | Департамент культуры | ГКУ НТУ | ФСО | ЦУКБ Министерство обороны"
14110600;;Провода электрические;Упали на животное;;нет доступа;Обрыв проводов на животное;Нет в ЕКП;MCHS;;17;"Классификатор МЧС | Классификатор СМП | ЦЭМП | ЦЭМП | ЦЭМП | ЦЭМП | Мосгортранс | Гор. Хозяйство | ГОРМОСТ | ГОРМОСТ | МОЭСК (ПАО ""Россети Московский регион"") | ОЭК | ЦОДД | Территориальные ОИВ | Территориальные ОИВ    ТиНАО | Департамент культуры | ГКУ НТУ"
14120100;Провода контактные;Провода контактные;Провисли;;;Провисли контактные провода;Повреждение контактной сети;MOSGORTRANS;;8;Классификатор СМП | Мосгортранс | ЦОДД | Аппарат МЭРА | Территориальные ОИВ | Территориальные ОИВ    ТиНАО | Департамент культуры | ГКУ НТУ
14120200;;Провода контактные;Искрят, короткое замыкание;;;Искрят контактные провода;Короткое замыкание в контактной сети;MOSGORTRANS;;9;Классификатор МВД | Классификатор СМП | Мосгортранс | ЦОДД | Аппарат МЭРА | Территориальные ОИВ | Территориальные ОИВ    ТиНАО | Департамент культуры | ГКУ НТУ
14120301;;Провода контактные;Обрыв;На землю, на здание, на проезжую часть, двор, тротуар, газон;;Обрыв контактные провода;Повреждение контактной сети;MOSGORTRANS;;12;Классификатор МВД | Классификатор МВД | Классификатор СМП | Мосгортранс | ЦОДД | Аппарат МЭРА | Территориальные ОИВ | Территориальные ОИВ    ТиНАО | Департамент культуры | ГКУ НТУ | ФСО | ЦУКБ Министерство обороны
14120302;;Провода контактные;Обрыв;На автомашину - нет пострадавших;;Обрыв контактных проводов на автомашину;Повреждение автомашины в результате паденияпредмета или действия людей;Police;;7;Классификатор МВД | ЦОДД | Аппарат МЭРА | Территориальные ОИВ | Территориальные ОИВ    ТиНАО | Департамент культуры | ГКУ НТУ
14120303;;Провода контактные;Обрыв;На автомашину - есть пострадавшие;;Обрыв контактных проводов на автомашину (пострадавшие);Повреждение контактной сети;MCHS;;14;Классификатор МЧС | Классификатор МВД | Классификатор СМП | Мосгортранс | ЦОДД | Аппарат МЭРА | ОАТИ | Территориальные ОИВ | Территориальные ОИВ    ТиНАО | Департамент культуры | ГКУ НТУ | ФСО | ЦУКБ Министерство обороны | ГКУ Организатор перевозок
14120304;;Провода контактные;Обрыв;На человека;;Обрыв контактные провода на человека;Нет в ЕКП;MOSGORTRANS;;18;Классификатор МЧС | Классификатор МВД | Классификатор СМП | ЦЭМП | ЦЭМП | ЦЭМП | ЦЭМП | Мосгортранс | Гор. Хозяйство | ГОРМОСТ | ЦОДД | ОАТИ | Территориальные ОИВ | Территориальные ОИВ    ТиНАО | Департамент культуры | ГКУ НТУ | ФСО | ЦУКБ Министерство обороны
14120305;;Провода контактные;Обрыв;на животное;нет доступа;Обрыв контактные провода на животное;Нет в ЕКП;MOSGORTRANS;;14;Классификатор МЧС | Классификатор МВД | Классификатор СМП | ЦЭМП | ЦЭМП | ЦЭМП | ЦЭМП | Мосгортранс | Гор. Хозяйство | ЦОДД | Территориальные ОИВ | Территориальные ОИВ    ТиНАО | Департамент культуры | ГКУ НТУ
14120400;;Провода контактные;Предмет на контактной сети;;;Посторонний предмет на контактной сети;Посторонний предмет на контактной сети;MOSGORTRANS;;10;Классификатор МЧС | Классификатор СМП | Мосгортранс | Метро | ЦОДД | Аппарат МЭРА | Территориальные ОИВ | Территориальные ОИВ    ТиНАО | Департамент культуры | ГКУ НТУ
14120501;;Провода контактные;Столб опора;Повреждение;;Повреждение опоры контактной сети;Сбита опора с повреждением контактной сети;MCHS;;11;Классификатор МЧС | Классификатор МВД | Классификатор СМП | Мосгортранс | ЦОДД | Аппарат МЭРА | Территориальные ОИВ | Территориальные ОИВ    ТиНАО | Департамент культуры | ГКУ НТУ | ЦУКБ Министерство обороны
14120502;;Провода контактные;Столб опора;Упала;На землю, на здание, на проезжую часть, двор, тротуар, газон;Опора контактной сети падение;Сбита опора с повреждением контактной сети;MCHS;;12;Классификатор МЧС | Классификатор МВД | Классификатор СМП | Мосгортранс | ГОРМОСТ | ЦОДД | Аппарат МЭРА | Территориальные ОИВ | Территориальные ОИВ    ТиНАО | Департамент культуры | ГКУ НТУ | ФСО
14120503;;Провода контактные;Столб опора;Упала (на человека);;Опора контактной сети падение на человека;Сбита опора с повреждением контактной сети;MCHS;;14;Классификатор МЧС | Классификатор МВД | Классификатор СМП | Мосгортранс | ГОРМОСТ | ЦОДД | Аппарат МЭРА | ОАТИ | Территориальные ОИВ | Территориальные ОИВ    ТиНАО | Департамент культуры | ГКУ НТУ | ФСО | ЦУКБ Министерство обороны
14120504;;Провода контактные;Столб опора;Упала (на животное);;Опора контактной сети падение на животное;Сбита опора с повреждением контактной сети;MCHS;;10;Классификатор МЧС | Классификатор МВД | Классификатор СМП | Мосгортранс | ЦОДД | Аппарат МЭРА | Территориальные ОИВ | Территориальные ОИВ    ТиНАО | Департамент культуры | ГКУ НТУ
14120505;;Провода контактные;Столб опора;горит;;Горит опора контактной сети;Нет в ЕКП;MCHS;пожар;19;"Классификатор МВД | Классификатор СМП | ЦЭМП | ЦЭМП | ЦЭМП | ЦЭМП | Мосгортранс | Гор. Хозяйство | ГОРМОСТ | МОЭСК (ПАО ""Россети Московский регион"") | ОЭК | ЦОДД | ОАТИ | Территориальные ОИВ | Территориальные ОИВ    ТиНАО | Департамент культуры | ГКУ НТУ | ЦУКБ Министерство обороны | ГКУ Организатор перевозок"
14130101;Снег грязь мусор тротуарная плитка;Снег, грязь, плитка;Снег неубранный;Проезжая часть Обочина;;Снег на обочинах, проезжей части;Снеговые кучи на обочинах;AUTOROADS;;11;Классификатор СМП | Автомобильные дороги | Мосгортранс | Гор. Хозяйство | ЦОДД | Аппарат МЭРА | Территориальные ОИВ | Территориальные ОИВ    ТиНАО | Автомобильные дороги АО г.Москвы | Департамент культуры | ГКУ НТУ
14130102;;Снег, грязь, плитка;Снег неубранный;Остановка общественного транспорта;;Снег на остановках;Неубранный снег на остановке;AUTOROADS;;11;Классификатор СМП | Автомобильные дороги | Мосгортранс | Гор. Хозяйство | ЦОДД | Аппарат МЭРА | Территориальные ОИВ | Территориальные ОИВ    ТиНАО | Автомобильные дороги АО г.Москвы | Департамент культуры | ГКУ НТУ
14130103;;Снег, грязь, плитка;Снег неубранный;На газоне с реагентами;;Снег с реагентами на газоне;Складирование снега с реагентами на газонах;AUTOROADS;;10;Классификатор СМП | Автомобильные дороги | Мосгортранс | Гор. Хозяйство | Аппарат МЭРА | Территориальные ОИВ | Территориальные ОИВ    ТиНАО | Автомобильные дороги АО г.Москвы | Департамент культуры | ГКУ НТУ
14130104;;Снег, грязь, плитка;Снег неубранный;"В парковочных ""карманах""";;Снег в парковочных карманах;Неочищенные от снега парковочные карманы на проезжей части;AUTOROADS;;11;Классификатор СМП | Автомобильные дороги | Мосгортранс | Гор. Хозяйство | ЦОДД | Аппарат МЭРА | Территориальные ОИВ | Территориальные ОИВ    ТиНАО | Автомобильные дороги АО г.Москвы | Департамент культуры | ГКУ НТУ
14130105;;Снег, грязь, плитка;Снег неубранный;Много реагентов;;Избыточное применение реагентов;Избыточное/неравномерное применение реагентов;AUTOROADS;;11;Классификатор СМП | Автомобильные дороги | Мосгортранс | Гор. Хозяйство | Аппарат МЭРА | Территориальные ОИВ | Территориальные ОИВ    ТиНАО | Автомобильные дороги АО г.Москвы | Департамент культуры | ГКУ НТУ | ГПБУ Мосэкомониторинг
14130201;;Снег, грязь, плитка;Грязь, мусор;Проезжая часть;;Грязь на проезжей части;Неубранная проезжая часть/тротуар;AUTOROADS;;11;Классификатор СМП | Автомобильные дороги | Мосгортранс | Гор. Хозяйство | ЦОДД | Аппарат МЭРА | Территориальные ОИВ | Территориальные ОИВ    ТиНАО | Автомобильные дороги АО г.Москвы | Департамент культуры | ГКУ НТУ
14130202;;Снег, грязь, плитка;Грязь, мусор;Тротуар;;Грязь на тротуаре;Неубранная проезжая часть/тротуар;AUTOROADS;;10;Классификатор СМП | Автомобильные дороги | Мосгортранс | Гор. Хозяйство | Аппарат МЭРА | Территориальные ОИВ | Территориальные ОИВ    ТиНАО | Автомобильные дороги АО г.Москвы | Департамент культуры | ГКУ НТУ
14130203;;Снег, грязь, плитка;Грязь, мусор;Остановка общественного транспорта;;Грязь на остановке;Грязь/мусор на остановках общественного транспорта;AUTOROADS;;11;Классификатор СМП | Автомобильные дороги | Мосгортранс | Мосгортранс | Гор. Хозяйство | ЦОДД | Территориальные ОИВ | Территориальные ОИВ    ТиНАО | Автомобильные дороги АО г.Москвы | Департамент культуры | ГКУ НТУ
14130204;;Снег, грязь, плитка;Грязь, мусор;Мачта освещения столб;;Грязь у столба освещения;Неудовлетворительное санитарное содержание осветительных опор;AUTOROADS;;10;Классификатор СМП | Автомобильные дороги | Мосгортранс | Гор. Хозяйство | Аппарат МЭРА | Территориальные ОИВ | Территориальные ОИВ    ТиНАО | Автомобильные дороги АО г.Москвы | Департамент культуры | ГКУ НТУ
14130300;;Снег, грязь, плитка;Тротуарная плитка некачественная укладка;;;Некачественная укладка уличной плитки;Некачественная укладка плитки на тротуаре;AUTOROADS;;10;Классификатор СМП | Автомобильные дороги | Мосгортранс | Гор. Хозяйство | Аппарат МЭРА | Территориальные ОИВ | Территориальные ОИВ    ТиНАО | Автомобильные дороги АО г.Москвы | Департамент культуры | ГКУ НТУ
14140100;повреждение элементов набережной, моста, эстакады, инженерного сооружения;Повреждение, разрушение;Инженерное сооружение;;;Повреждение инженерного сооружения;Повреждение инженерного сооружения;MCHS;;17;Классификатор МЧС | Классификатор МЧС | Классификатор МВД | Классификатор МВД | Классификатор СМП | Автомобильные дороги | Мосгортранс | Гор. Хозяйство | ЦОДД | Аппарат МЭРА | Территориальные ОИВ | Территориальные ОИВ    ТиНАО | Автомобильные дороги АО г.Москвы | Департамент строительства города Москвы | Департамент культуры | ГКУ НТУ | ГПБУ Мосэкомониторинг
14140200;;Повреждение, разрушение;Набережная ограждение;;;Разрушение ограждения набережной;Разрушение ограждения набережной;GORMOST;;19;Классификатор МЧС | Классификатор МЧС | Классификатор МВД | Классификатор МВД | Классификатор СМП | Мосгортранс | ГОРМОСТ | ЦОДД | Аппарат МЭРА | Территориальные ОИВ | Территориальные ОИВ    ТиНАО | Департамент строительства города Москвы | Департамент культуры | ГКУ НТУ | ДГП (Департамент градостроительной политики) | ДГП (Департамент градостроительной политики) | ЦУКБ Министерство обороны | ГКУ Организатор перевозок | ГПБУ Мосэкомониторинг
14140300;;Повреждение, разрушение;Мост элементы;;;Повреждение элементов моста или моста;Повреждение элементов моста или моста;GORMOST;;20;Классификатор МЧС | Классификатор МЧС | Классификатор МВД | Классификатор МВД | Классификатор СМП | Мосгортранс | ГОРМОСТ | ЦОДД | Аппарат МЭРА | Территориальные ОИВ | Территориальные ОИВ    ТиНАО | Департамент строительства города Москвы | Департамент культуры | ГКУ НТУ | ДГП (Департамент градостроительной политики) | ДГП (Департамент градостроительной политики) | ЦУКБ Министерство обороны | ГКУ Организатор перевозок | ГПБУ Мосэкомониторинг | Депортамент гражданского строительства
14140400;;Повреждение, разрушение;Эстакада элементы;;;Повреждение элементов эстакады или эстакады;Повреждение элементов эстакады или эстакады;GORMOST;;19;Классификатор МЧС | Классификатор МЧС | Классификатор МВД | Классификатор МВД | Классификатор СМП | Мосгортранс | ГОРМОСТ | ЦОДД | Аппарат МЭРА | Территориальные ОИВ | Территориальные ОИВ    ТиНАО | Департамент строительства города Москвы | Департамент культуры | ГКУ НТУ | ДГП (Департамент градостроительной политики) | ДГП (Департамент градостроительной политики) | ГКУ Организатор перевозок | ГПБУ Мосэкомониторинг | Депортамент гражданского строительства
14990100;;Аварии в городском хозяйстве;От Службы 102;;;Аварии в городском хозяйстве (от 102);;;;26;"Классификатор МЧС | Классификатор МВД | Классификатор СМП | Классификатор МОСГАЗ | Автомобильные дороги | ГОРМОСТ | МГТС | Метро | Мосводоканал | МОЭК | МОЭСК (ПАО ""Россети Московский регион"") | ОЭК | Мослифт | ЦОДД | Департамент РБиПК             (ГКУ МОСБЕЗ) | Департамент РБиПК             (ГКУ МОСБЕЗ) | Москоллектор | Департамент ППиООС | ЭВАЖД | Территориальные ОИВ | Территориальные ОИВ    ТиНАО | Автомобильные дороги АО г.Москвы | Департамент культуры | ГКУ НТУ | ФСО | ЦУКБ Министерство обороны"
15010100;Автомашина - Нарушение правопорядка;Автомашина;В воде извлечь;;;Достать автомашину из воды;Происшествия на воде: извлечение транспортных средств;MCHS;Извлечение транспортных средств;13;Классификатор МЧС | Классификатор МВД | Классификатор СМП | ЦЭМП | ЦЭМП | ЦЭМП | ЦЭМП | ЦОДД | Аппарат МЭРА | Центррегионводхоз (Московско-Окское БВУ) | Департамент культуры | ГКУ НТУ | ЦУКБ Министерство обороны
15010200;;Автомашина;Повреждение в результате действий людей или падения предмета;;;Повреждение автомашины (не ДТП);Повреждение автомобиля в результате падения предмета либо действий людей;Police;;8;Классификатор МВД | Классификатор СМП | Аппарат МЭРА | Территориальные ОИВ | Территориальные ОИВ    ТиНАО | Департамент культуры | ГКУ НТУ | ЦУКБ Министерство обороны
15010300;;Автомашина;Брошенная;;;Брошеная автомашина;Брошенная автомашина;Police;;11;Классификатор МВД | Классификатор СМП | Департамент РБиПК             (ГКУ МОСБЕЗ) | Аппарат МЭРА | Росгвардия | Территориальные ОИВ | Территориальные ОИВ    ТиНАО | Департамент культуры | ГКУ НТУ | ФСО | ЦУКБ Министерство обороны
15010301;;Автомашина;Брошенная;На трамвайных путях / по ходу движения троллейбуса.;;Оставлено транспортное средство мешающее проезду трамвая и тролейбуса;Оставлено транспортное средство мешающее проезду трамвая и тролейбуса;Police;;13;Классификатор МВД | Классификатор СМП | Мосгортранс | Метро | ЦОДД | Департамент РБиПК             (ГКУ МОСБЕЗ) | Департамент РБиПК             (ГКУ МОСБЕЗ) | Аппарат МЭРА | Территориальные ОИВ | Территориальные ОИВ    ТиНАО | Департамент культуры | ГКУ НТУ | ГКУ Организатор перевозок
15010302;;Автомашина;Брошенная;Давно стоит автохлам;;Брошеная автомашина (давно);Брошенная автомашина;Police;;10;Классификатор МВД | Классификатор СМП | Департамент РБиПК             (ГКУ МОСБЕЗ) | Аппарат МЭРА | Росгвардия | Территориальные ОИВ | Территориальные ОИВ    ТиНАО | Департамент культуры | ГКУ НТУ | ЦУКБ Министерство обороны
15010400;;Автомашина;Моют в неположенном месте;;;Моют автомашину в неположенном месте;Экологическое правонарушение;Police;;10;Классификатор МВД | Классификатор СМП | ЦЭМП | ЦЭМП | ЦЭМП | ЦЭМП | Аппарат МЭРА | Росгвардия | Департамент культуры | ГКУ НТУ
15010500;;Автомашина;Нарушение ПДД;;В: (подтипы);Нарушение ПДД;Нарушение правил дорожного движения;Police;;5;Классификатор МВД | Классификатор СМП | Аппарат МЭРА | Департамент культуры | ГКУ НТУ
15010600;;Автомашина;Вскрывают разбирают в настоящий момент;;;Автомашину вскрывают;Вскрывают, разбирают автомашину;Police;;9;Классификатор МВД | Классификатор СМП | Департамент РБиПК             (ГКУ МОСБЕЗ) | Департамент РБиПК             (ГКУ МОСБЕЗ) | Аппарат МЭРА | Росгвардия | Департамент культуры | ГКУ НТУ | ЦУКБ Министерство обороны
15010700;;Автомашина;Подозрительная;;;Автомашина подозрительная;Подозрительная автомашина;Police;;9;Классификатор МВД | Классификатор СМП | МГТС | Аппарат МЭРА | Росгвардия | Департамент культуры | ГКУ НТУ | ФСО | ЦУКБ Министерство обороны
15020100;Вскрыта /открыто;Вскрыта;Квартира помещение гараж;;;Вскрыта квартира, помещение;Вскрыта квартира, помещение;Police;;8;Классификатор МВД | Классификатор СМП | Департамент РБиПК             (ГКУ МОСБЕЗ) | Аппарат МЭРА | Росгвардия | Департамент культуры | ГКУ НТУ | ФСО
15020200;;Вскрыта;Автомашина;;;Вскрыта автомашина;Кража (из гаража, из организации, из автомашины, личного имущества, документов);Police;;6;Классификатор МВД | Классификатор СМП | Росгвардия | Департамент культуры | ГКУ НТУ | ЦУКБ Министерство обороны
15020300;;Вскрыта;Объект МОСГАЗ, МОСОБЛГАЗ /Нет сотрудников МОСГАЗ;;;Открыта дверь на объекте АО МОСГАЗ;Открыта дверь на объекте АО МОСГАЗ;MOSGAZ;;9;Классификатор МВД | Классификатор СМП | Классификатор МОСГАЗ | Классификатор Мособлгаз | Департамент РБиПК             (ГКУ МОСБЕЗ) | Аппарат МЭРА | Департамент культуры | ГКУ НТУ | ФСО
15020400;;Вскрыта;Электрощитовая подстанции ОЭК;;;Открыта дверь электрощитовой;Открыта дверь электрощитовой в распределительной подстанции;MOESK, OEK;;7;"Классификатор СМП | Гор. Хозяйство | МОЭСК (ПАО ""Россети Московский регион"") | ОЭК | Департамент РБиПК             (ГКУ МОСБЕЗ) | Департамент культуры | ГКУ НТУ"
15020500;;Вскрыта;Прочие объекты;;;Вскрыт объект (прочее);Вскрыта квартира, помещение;Police;;7;Классификатор МВД | Классификатор СМП | Департамент РБиПК             (ГКУ МОСБЕЗ) | Аппарат МЭРА | Росгвардия | Департамент культуры | ГКУ НТУ
15020600;;Вскрыта;Вскрывают разбирают в настоящий момент: Квартира помещение гараж лифт;;;Вскрывают квартиру сейчас;Посторонние пытаются вскрыть квартиру;Police;;8;Классификатор МВД | Классификатор СМП | Департамент РБиПК             (ГКУ МОСБЕЗ) | Аппарат МЭРА | Росгвардия | Департамент культуры | ГКУ НТУ | ФСО
15020700;;Вскрыта;Вскрывают разбирают в настоящий момент: Автомашина;;;Вскрывают автомашину сейчас;Вскрывают, разбирают автомашину;Police;;7;Классификатор МВД | Классификатор СМП | Департамент РБиПК             (ГКУ МОСБЕЗ) | Аппарат МЭРА | Росгвардия | Департамент культуры | ГКУ НТУ
15030100;Вымогательство Мошенничество;Вымогательство, Мошенничество;Вымогательство: Требование взятки;;;Требуют взятку;Вымогательство;Police;;7;Классификатор МВД | Классификатор СМП | Аппарат МЭРА | Росгвардия | Департамент культуры | ГКУ НТУ | ФСО
15030200;;Вымогательство, Мошенничество;Вымогательство: Требование вознаграждения за возврат личных вещей;;;Требуют деньги;Вымогательство;Police;;7;Классификатор МВД | Классификатор СМП | Аппарат МЭРА | Росгвардия | Департамент культуры | ГКУ НТУ | ФСО
15030300;;Вымогательство, Мошенничество;Вымогательство: Прочие происшествия;;;Вымогательство;Вымогательство;Police;;7;Классификатор МВД | Классификатор СМП | Аппарат МЭРА | Росгвардия | Департамент культуры | ГКУ НТУ | ФСО
15030400;;Вымогательство, Мошенничество;Мошенничество: Фальшивые деньги;;;Фальшивые деньги;Мошенничество;Police;;7;Классификатор МВД | Классификатор СМП | Департамент РБиПК             (ГКУ МОСБЕЗ) | Аппарат МЭРА | Департамент культуры | ГКУ НТУ | ФСО
15030500;;Вымогательство, Мошенничество;Мошенничество: Обман;;;Обман;Мошенничество;Police;;7;Классификатор МВД | Классификатор СМП | Департамент РБиПК             (ГКУ МОСБЕЗ) | Аппарат МЭРА | Департамент культуры | ГКУ НТУ | ФСО
15030600;;Вымогательство, Мошенничество;Мошенничество: Телефонное мошенничество;;;Телефонное мошенничество;Мошенничество;Police;;7;Классификатор МВД | Классификатор СМП | Департамент РБиПК             (ГКУ МОСБЕЗ) | Аппарат МЭРА | Департамент культуры | ГКУ НТУ | ФСО
15030700;;Вымогательство, Мошенничество;Мошенничество: Прочие происшествия;;;Мошенничество;Мошенничество;Police;;7;Классификатор МВД | Классификатор СМП | Департамент РБиПК             (ГКУ МОСБЕЗ) | Аппарат МЭРА | Департамент культуры | ГКУ НТУ | ФСО
15040000;Граждане с оружием;Граждане с оружием;;;Описание;Граждане с оружием;Граждане с оружием;Police;;8;Классификатор МВД | Классификатор СМП | Аппарат МЭРА | Росгвардия | Департамент культуры | ГКУ НТУ | ФСО | ЦУКБ Министерство обороны
15050100;Кража, грабеж, разбой;Кража, грабеж, разбой;Кража: Квартира;;;Квартирная кража;Кража из квартиры;Police;;8;Классификатор МВД | Классификатор СМП | Департамент РБиПК             (ГКУ МОСБЕЗ) | Аппарат МЭРА | Росгвардия | Департамент культуры | ГКУ НТУ | ФСО
15050200;;Кража, грабеж, разбой;Кража: Госномер автомашины;;;Кража гос.номеров;Кража государственных регистрационных знаков с автомашин;Police;;6;Классификатор МВД | Классификатор СМП | Росгвардия | Департамент культуры | ГКУ НТУ | ФСО
15050300;;Кража, грабеж, разбой;Кража: Гараж, огранизация, Автомашина, личное имущество, документы;;;Кража;Кража (из гаража, из организации, из автомашины, личного имущества, документов);Police;;7;Классификатор МВД | Классификатор СМП | Департамент РБиПК             (ГКУ МОСБЕЗ) | Росгвардия | Департамент культуры | ГКУ НТУ | ФСО
15050400;;Кража, грабеж, разбой;Кража: Кабели связи и оборудование;;;Кража кабелей связи;Хищение кабелей связи и оборудования;Police;;7;Классификатор МВД | Классификатор СМП | МГТС | Департамент РБиПК             (ГКУ МОСБЕЗ) | Департамент культуры | ГКУ НТУ | ФСО
15050500;;Кража, грабеж, разбой;Кража: с  улицы - кабели, трубы и т.п. оборудование;;;Кража кабели, трубы и т.п. оборудование с улицы;Кража (из гаража, из организации, из автомашины, личного имущества, документов);Police;;6;Классификатор МВД | Классификатор СМП | Росгвардия | Департамент культуры | ГКУ НТУ | ФСО
15050600;;Кража, грабеж, разбой;Грабеж;;;Грабеж;Грабеж;Police;;8;Классификатор МВД | Классификатор СМП | Департамент РБиПК             (ГКУ МОСБЕЗ) | Департамент РБиПК             (ГКУ МОСБЕЗ) | Росгвардия | Департамент культуры | ГКУ НТУ | ФСО
15050701;;Кража, грабеж, разбой;Грабеж;Инкассация, перевозка ценностей;В: направляение движения;Грабеж - инкассация;Грабеж;Police;;9;Классификатор МВД | Классификатор СМП | Департамент РБиПК             (ГКУ МОСБЕЗ) | Департамент РБиПК             (ГКУ МОСБЕЗ) | Росгвардия | Департамент культуры | ГКУ НТУ | ФСО | ЦУКБ Министерство обороны
15050702;;Кража, грабеж, разбой;Грабеж;Транспорт завладение;В: направляение движения;Грабеж (завладели автомашиной);Грабеж;Police;;9;Классификатор МВД | Классификатор СМП | Департамент РБиПК             (ГКУ МОСБЕЗ) | Департамент РБиПК             (ГКУ МОСБЕЗ) | Росгвардия | Департамент культуры | ГКУ НТУ | ФСО | ЦУКБ Министерство обороны
15050800;;Кража, грабеж, разбой;Разбой;;Применение оружия;Разбой;Разбой;Police;;9;Классификатор МВД | Классификатор СМП | Департамент РБиПК             (ГКУ МОСБЕЗ) | Департамент РБиПК             (ГКУ МОСБЕЗ) | Росгвардия | Департамент культуры | ГКУ НТУ | ФСО | ЦУКБ Министерство обороны
15050801;;Кража, грабеж, разбой;Разбой;Инкассация, перевозка ценностей;Применение оружия, Направляение движения;Разбой - инкассация;Разбой;Police;;9;Классификатор МВД | Классификатор СМП | Департамент РБиПК             (ГКУ МОСБЕЗ) | Департамент РБиПК             (ГКУ МОСБЕЗ) | Росгвардия | Департамент культуры | ГКУ НТУ | ФСО | ЦУКБ Министерство обороны
15050802;;Кража, грабеж, разбой;Разбой;Транспорт завладение;Применение оружия, Направляение движения;Разбой (завладели автомашиной);Разбой;Police;;9;Классификатор МВД | Классификатор СМП | Департамент РБиПК             (ГКУ МОСБЕЗ) | Департамент РБиПК             (ГКУ МОСБЕЗ) | Росгвардия | Департамент культуры | ГКУ НТУ | ФСО | ЦУКБ Министерство обороны
15050900;;Кража, грабеж, разбой;Посторонние пытаются вскрыть: Автомашина;;;Кража - вскрывают автомашину;Вскрывают, разбирают автомашину;Police;;9;Классификатор МВД | Классификатор СМП | Департамент РБиПК             (ГКУ МОСБЕЗ) | Департамент РБиПК             (ГКУ МОСБЕЗ) | Аппарат МЭРА | Росгвардия | Департамент культуры | ГКУ НТУ | ФСО
15051000;;Кража, грабеж, разбой;Посторонние пытаются вскрыть: Квартира помещение гараж лифт частный дом;;;Кража - вскрывают квартиру;Посторонние пытаются вскрыть квартиру;Police;;8;Классификатор МВД | Классификатор СМП | Департамент РБиПК             (ГКУ МОСБЕЗ) | Аппарат МЭРА | Росгвардия | Департамент культуры | ГКУ НТУ | ФСО
15060100;Драка;Драка;Квартира;;;Драка в квартире;Драка в квартире;Police;;6;Классификатор МВД | Классификатор СМП | Аппарат МЭРА | Росгвардия | Департамент культуры | ГКУ НТУ
15060201;;Драка;Улица общественное место;До 10 человек;Наличие оружия;Драка на улице;Драка в общественном месте;Police;;11;Классификатор МВД | Классификатор СМП | ЦОДД | Департамент РБиПК             (ГКУ МОСБЕЗ) | Департамент РБиПК             (ГКУ МОСБЕЗ) | Аппарат МЭРА | Росгвардия | Департамент культуры | ГКУ НТУ | ФСО | ЦУКБ Министерство обороны
15060202;;Драка;Улица общественное место;Массовая (от 10 человек);Наличие оружия;Массовая драка;Драка массовая в общественном месте;Police;;18;Классификатор МВД | Классификатор СМП | ЦЭМП | ЦЭМП | ЦЭМП | ЦЭМП | Классификатор ФСБ | ЦОДД | Департамент РБиПК             (ГКУ МОСБЕЗ) | Департамент РБиПК             (ГКУ МОСБЕЗ) | Аппарат МЭРА | Росгвардия | Территориальные ОИВ | Территориальные ОИВ    ТиНАО | Департамент культуры | ГКУ НТУ | ФСО | ЦУКБ Министерство обороны
15070100;Заложники;Захват заложников;"Квартира, помещение, дом частный, учебное, лечебное, административное, общественное, прочие объекты; Аэропорт, порт/причал, опасный объект";;В: кто сообщает, количество захваченных, количество захватчиков, наличие оружия, требования захватчиков;Захват заложников;Захват заложников;Police;;20;Классификатор МВД | Классификатор СМП | Классификатор СМП | ЦЭМП | Классификатор ФСБ | Гор. Хозяйство | МГТС | ЦОДД | Департамент РБиПК             (ГКУ МОСБЕЗ) | Департамент РБиПК             (ГКУ МОСБЕЗ) | Аппарат МЭРА | ОАТИ | ДТУ | Росгвардия | Территориальные ОИВ | Территориальные ОИВ    ТиНАО | Департамент культуры | ГКУ НТУ | ФСО | ЦУКБ Министерство обороны
15070200;;Захват заложников;Вокзал, ж/д станция, поезд грузовой, поезд пассажирский;;В: кто сообщает, количество захваченных, количество захватчиков, наличие оружия, требования захватчиков;Захват заложников - ж/д объект;Захват заложников;Police;;19;Классификатор МВД | Классификатор СМП | Классификатор СМП | ЦЭМП | Классификатор ФСБ | Гор. Хозяйство | МГТС | ЦОДД | Департамент РБиПК             (ГКУ МОСБЕЗ) | Департамент РБиПК             (ГКУ МОСБЕЗ) | Аппарат МЭРА | РЖД (МосковскаяЖД) | ОАТИ | Росгвардия | Территориальные ОИВ | Территориальные ОИВ    ТиНАО | Департамент культуры | ГКУ НТУ | ФСО
15070300;;Захват заложников;Метро;;В: кто сообщает, количество захваченных, количество захватчиков, наличие оружия, требования захватчиков;Захват заложников - метро;Захват заложников;Police;;20;Классификатор МВД | Классификатор СМП | Классификатор СМП | ЦЭМП | Классификатор ФСБ | Гор. Хозяйство | МГТС | Метро | ЦОДД | Департамент РБиПК             (ГКУ МОСБЕЗ) | Департамент РБиПК             (ГКУ МОСБЕЗ) | Аппарат МЭРА | ОАТИ | Росгвардия | Территориальные ОИВ | Территориальные ОИВ    ТиНАО | Департамент культуры | ГКУ НТУ | ФСО | ЦУКБ Министерство обороны
15070400;;Захват заложников;МЦК;;В: кто сообщает, количество захваченных, количество захватчиков, наличие оружия, требования захватчиков;Захват заложников - МЦК;Захват заложников;Police;;21;Классификатор МВД | Классификатор СМП | Классификатор СМП | ЦЭМП | Классификатор ФСБ | Гор. Хозяйство | МГТС | Метро | ЦОДД | Департамент РБиПК             (ГКУ МОСБЕЗ) | Департамент РБиПК             (ГКУ МОСБЕЗ) | Аппарат МЭРА | РЖД (МосковскаяЖД) | ОАТИ | Росгвардия | Территориальные ОИВ | Территориальные ОИВ    ТиНАО | Департамент культуры | ГКУ НТУ | ФСО | ЦУКБ Министерство обороны
15070500;;Захват заложников;Общественный транспорт - автобус, троллейбус, трамвай, маршрутка;;В: кто сообщает, количество захваченных, количество захватчиков, наличие оружия, требования захватчиков;Захват заложников - общественный транспорт;Захват заложников;Police;;21;Классификатор МВД | Классификатор СМП | Классификатор СМП | ЦЭМП | Классификатор ФСБ | Мосгортранс | Гор. Хозяйство | МГТС | ЦОДД | Департамент РБиПК             (ГКУ МОСБЕЗ) | Департамент РБиПК             (ГКУ МОСБЕЗ) | Аппарат МЭРА | ОАТИ | Росгвардия | Территориальные ОИВ | Территориальные ОИВ    ТиНАО | Департамент культуры | ГКУ НТУ | ФСО | ЦУКБ Министерство обороны | ГКУ Организатор перевозок
15070600;;Захват заложников;Воздушный транспорт - самолет, вертолет и т.д;;В: кто сообщает, количество захваченных, количество захватчиков, наличие оружия, требования захватчиков;Захват заложников - воздушный транспорт;Захват заложников;Police;;19;Классификатор МВД | Классификатор СМП | Классификатор СМП | ЦЭМП | Классификатор ФСБ | Гор. Хозяйство | МГТС | ЦОДД | Департамент РБиПК             (ГКУ МОСБЕЗ) | Департамент РБиПК             (ГКУ МОСБЕЗ) | Аппарат МЭРА | ОАТИ | Росгвардия | Территориальные ОИВ | Территориальные ОИВ    ТиНАО | Департамент культуры | ГКУ НТУ | ФСО | ЦУКБ Министерство обороны
15070700;;Захват заложников;Водный транспорт - пассажирский, грузовой, маломерный;;В: кто сообщает, количество захваченных, количество захватчиков, наличие оружия, требования захватчиков;Захват заложников - водный транспорт;Захват заложников;Police;;20;Классификатор МВД | Классификатор СМП | Классификатор СМП | ЦЭМП | Классификатор ФСБ | Гор. Хозяйство | МГТС | ЦОДД | Департамент РБиПК             (ГКУ МОСБЕЗ) | Департамент РБиПК             (ГКУ МОСБЕЗ) | Аппарат МЭРА | ОАТИ | Росгвардия | Территориальные ОИВ | Территориальные ОИВ    ТиНАО | Департамент культуры | ГКУ НТУ | ФСО | ЦУКБ Министерство обороны | ГКУ Организатор перевозок
15070800;;Захват заложников;Спецтранспорт - МВД, Росгвардия, МЧС, 103;;В: кто сообщает, количество захваченных, количество захватчиков, наличие оружия, требования захватчиков;Захват заложников -спецтранспорт;Захват заложников;Police;;19;Классификатор МВД | Классификатор СМП | Классификатор СМП | ЦЭМП | Классификатор ФСБ | Гор. Хозяйство | МГТС | ЦОДД | Департамент РБиПК             (ГКУ МОСБЕЗ) | Департамент РБиПК             (ГКУ МОСБЕЗ) | Аппарат МЭРА | ОАТИ | Росгвардия | Территориальные ОИВ | Территориальные ОИВ    ТиНАО | Департамент культуры | ГКУ НТУ | ФСО | ЦУКБ Министерство обороны
15070900;;Захват заложников;Спецтранспорт - 104;;В: кто сообщает, количество захваченных, количество захватчиков, наличие оружия, требования захватчиков;Захват заложников -спецтранспорт 104;Захват заложников;Police;;20;Классификатор МВД | Классификатор СМП | Классификатор СМП | Классификатор МОСГАЗ | ЦЭМП | Классификатор ФСБ | Гор. Хозяйство | МГТС | ЦОДД | Департамент РБиПК             (ГКУ МОСБЕЗ) | Департамент РБиПК             (ГКУ МОСБЕЗ) | Аппарат МЭРА | ОАТИ | Росгвардия | Территориальные ОИВ | Территориальные ОИВ    ТиНАО | Департамент культуры | ГКУ НТУ | ФСО | ЦУКБ Министерство обороны
15071000;;Захват заложников;Спецтранспорт - прочий;;В: кто сообщает, количество захваченных, количество захватчиков, наличие оружия, требования захватчиков;Захват заложников -спецтранспорт прочий;Захват заложников;Police;;18;Классификатор МВД | Классификатор СМП | Классификатор СМП | ЦЭМП | Классификатор ФСБ | Гор. Хозяйство | МГТС | ЦОДД | Департамент РБиПК             (ГКУ МОСБЕЗ) | Департамент РБиПК             (ГКУ МОСБЕЗ) | Аппарат МЭРА | Росгвардия | Территориальные ОИВ | Территориальные ОИВ    ТиНАО | Департамент культуры | ГКУ НТУ | ФСО | ЦУКБ Министерство обороны
15080100;Имущественный спор, рейдерский захват;Имущественно-хозяйственный спор;Рейдерский захват;;;Рейдерский захват;Имущественно-хозяйственный спор;Police;;8;Классификатор МВД | Классификатор СМП | Аппарат МЭРА | Территориальные ОИВ | Территориальные ОИВ    ТиНАО | Департамент культуры | ГКУ НТУ | ФСО
15080200;;Имущественно-хозяйственный спор;Прочее;;;Имущественный спор;Имущественно-хозяйственный спор;Police;;5;Классификатор МВД | Классификатор СМП | Аппарат МЭРА | Департамент культуры | ГКУ НТУ
15090101;Нападение;Нападение;Спецслужба;Сотрудник полиции;Применяется оружие;Нападение на сотрудника полиции;Нападение cотрудник правоохранительных органов;Police;;13;Классификатор МВД | Классификатор СМП | ЦЭМП | Классификатор ФСБ | ЦОДД | Департамент РБиПК             (ГКУ МОСБЕЗ) | Департамент РБиПК             (ГКУ МОСБЕЗ) | Аппарат МЭРА | Росгвардия | Департамент культуры | ГКУ НТУ | ФСО | ЦУКБ Министерство обороны
15090102;;Нападение;Спецслужба;Сотрудник ФСБ;Применяется оружие;Нападение на сотрудника ФСБ;Нападение cотрудник правоохранительных органов;Police;;12;Классификатор МВД | Классификатор СМП | Классификатор ФСБ | ЦОДД | Департамент РБиПК             (ГКУ МОСБЕЗ) | Департамент РБиПК             (ГКУ МОСБЕЗ) | Аппарат МЭРА | Росгвардия | Департамент культуры | ГКУ НТУ | ФСО | ЦУКБ Министерство обороны
15090103;;Нападение;Спецслужба;Сотрудние Росгвардия;Применяется оружие;Нападение на сотрудника Росгвардия;Нападение cотрудник правоохранительных органов;Police;;12;Классификатор МВД | Классификатор СМП | Классификатор ФСБ | ЦОДД | Департамент РБиПК             (ГКУ МОСБЕЗ) | Департамент РБиПК             (ГКУ МОСБЕЗ) | Аппарат МЭРА | Росгвардия | Департамент культуры | ГКУ НТУ | ФСО | ЦУКБ Министерство обороны
15090104;;Нападение;Спецслужба;Сотрудник МЧС;Применяется оружие;Нападение на сотрудника МЧС;Нападение cотрудник правоохранительных органов;Police;прочие происшествия;13;Классификатор МЧС | Классификатор МВД | Классификатор СМП | Классификатор ФСБ | ЦОДД | Департамент РБиПК             (ГКУ МОСБЕЗ) | Департамент РБиПК             (ГКУ МОСБЕЗ) | Аппарат МЭРА | Росгвардия | Департамент культуры | ГКУ НТУ | ФСО | ЦУКБ Министерство обороны
15090105;;Нападение;Спецслужба;Сотрудние 103;Применяется оружие;Нападение на сотрудника скорой помощи;Нападение cотрудник правоохранительных органов;Police;;12;Классификатор МВД | Классификатор СМП | Классификатор ФСБ | ЦОДД | Департамент РБиПК             (ГКУ МОСБЕЗ) | Департамент РБиПК             (ГКУ МОСБЕЗ) | Аппарат МЭРА | Росгвардия | Департамент культуры | ГКУ НТУ | ФСО | ЦУКБ Министерство обороны
15090106;;Нападение;Спецслужба;Сотрудник 104;Применяется оружие;Нападение на сотрудника службы газа;Нападение cотрудник правоохранительных органов;Police;;12;Классификатор МВД | Классификатор СМП | Классификатор МОСГАЗ | Классификатор ФСБ | ЦОДД | Департамент РБиПК             (ГКУ МОСБЕЗ) | Департамент РБиПК             (ГКУ МОСБЕЗ) | Аппарат МЭРА | Росгвардия | Департамент культуры | ГКУ НТУ | ФСО
15090107;;Нападение;Спецслужба;Сотрудник МГТС;Применяется оружие;Нападение на сотрудника МГТС;Нападение cотрудник правоохранительных органов;Police;;12;Классификатор МВД | Классификатор СМП | Классификатор ФСБ | МГТС | ЦОДД | Департамент РБиПК             (ГКУ МОСБЕЗ) | Департамент РБиПК             (ГКУ МОСБЕЗ) | Аппарат МЭРА | Росгвардия | Департамент культуры | ГКУ НТУ | ФСО
15090108;;Нападение;Спецслужба;Сотрудник (прочие службы);Применяется оружие;Нападение на сотрудника (прочие службы);Нападение cотрудник правоохранительных органов;Police;;12;Классификатор МВД | Классификатор СМП | Классификатор ФСБ | ЦОДД | Департамент РБиПК             (ГКУ МОСБЕЗ) | Департамент РБиПК             (ГКУ МОСБЕЗ) | Аппарат МЭРА | Росгвардия | Департамент культуры | ГКУ НТУ | ФСО | ЦУКБ Министерство обороны
15090200;;Нападение;Военнослужащий;;Применяется оружие;Нападение на военного;Нападение военнослужащий;Police;;14;Классификатор МВД | Классификатор СМП | ЦЭМП | Классификатор ФСБ | ЦОДД | Департамент РБиПК             (ГКУ МОСБЕЗ) | Департамент РБиПК             (ГКУ МОСБЕЗ) | Аппарат МЭРА | Военная комендатура | Росгвардия | Департамент культуры | ГКУ НТУ | ФСО | ЦУКБ Министерство обороны
15090300;;Нападение;Депутат;;Применяется оружие;Нападение на депутата;Нападение Депутат;Police;;13;Классификатор МВД | Классификатор СМП | ЦЭМП | Классификатор ФСБ | ЦОДД | Департамент РБиПК             (ГКУ МОСБЕЗ) | Департамент РБиПК             (ГКУ МОСБЕЗ) | Аппарат МЭРА | Росгвардия | Департамент культуры | ГКУ НТУ | ФСО | ЦУКБ Министерство обороны
15090400;;Нападение;Правозащитник, адвокат;;Применяется оружие;Нападение на правозащитника;Нападение Правозащитник;Police;;13;Классификатор МВД | Классификатор СМП | ЦЭМП | Классификатор ФСБ | ЦОДД | Департамент РБиПК             (ГКУ МОСБЕЗ) | Департамент РБиПК             (ГКУ МОСБЕЗ) | Аппарат МЭРА | Росгвардия | Департамент культуры | ГКУ НТУ | ФСО | ЦУКБ Министерство обороны
15090500;;Нападение;Представитель духовенства;;Применяется оружие;Нападение на представителя духовенства;Нападение Представитель духовенства;Police;;13;Классификатор МВД | Классификатор СМП | ЦЭМП | Классификатор ФСБ | ЦОДД | Департамент РБиПК             (ГКУ МОСБЕЗ) | Департамент РБиПК             (ГКУ МОСБЕЗ) | Аппарат МЭРА | Росгвардия | Департамент культуры | ГКУ НТУ | ФСО | ЦУКБ Министерство обороны
15090600;;Нападение;Судья;;Применяется оружие;Нападение на судью;Нападение Судья;Police;;13;Классификатор МВД | Классификатор СМП | ЦЭМП | Классификатор ФСБ | ЦОДД | Департамент РБиПК             (ГКУ МОСБЕЗ) | Департамент РБиПК             (ГКУ МОСБЕЗ) | Аппарат МЭРА | Росгвардия | Департамент культуры | ГКУ НТУ | ФСО | ЦУКБ Министерство обороны
15090700;;Нападение;Склад с оружием;;Применяется оружие;Нападение на склад с оружием;Нападение Склад с оружием;Police;;14;Классификатор МВД | Классификатор СМП | ЦЭМП | Классификатор ФСБ | ЦОДД | Департамент РБиПК             (ГКУ МОСБЕЗ) | Департамент РБиПК             (ГКУ МОСБЕЗ) | Аппарат МЭРА | Военная комендатура | Росгвардия | Департамент культуры | ГКУ НТУ | ФСО | ЦУКБ Министерство обороны
15090800;;Нападение;Теле- радиоцентр;;Применяется оружие;Нападение на теле (радио) центр;Нападение Теле радиоцентр;Police;;14;Классификатор МВД | Классификатор СМП | ЦЭМП | Классификатор ФСБ | Мосгортранс | ЦОДД | Департамент РБиПК             (ГКУ МОСБЕЗ) | Департамент РБиПК             (ГКУ МОСБЕЗ) | Аппарат МЭРА | Росгвардия | Департамент культуры | ГКУ НТУ | ФСО | ГКУ Организатор перевозок
15090900;;Нападение;Военный объект;;Применяется оружие;Нападение на военный объект,;Нападение Военный объект;Police;;14;Классификатор МВД | Классификатор СМП | ЦЭМП | Классификатор ФСБ | ЦОДД | Департамент РБиПК             (ГКУ МОСБЕЗ) | Департамент РБиПК             (ГКУ МОСБЕЗ) | Аппарат МЭРА | Военная комендатура | Росгвардия | Департамент культуры | ГКУ НТУ | ФСО | ЦУКБ Министерство обороны
15091000;;Нападение;Здание правоохранительных огранов;;Применяется оружие;Нападение на здание полиции;Нападение Здание правоохранительных органов;Police;;15;Классификатор МВД | Классификатор СМП | ЦЭМП | Классификатор ФСБ | Мосгортранс | ЦОДД | Департамент РБиПК             (ГКУ МОСБЕЗ) | Департамент РБиПК             (ГКУ МОСБЕЗ) | Аппарат МЭРА | Росгвардия | Департамент культуры | ГКУ НТУ | ФСО | ЦУКБ Министерство обороны | ГКУ Организатор перевозок
15091100;;Нападение;Общественно-политическая организация;;Применяется оружие;Нападение на здание политической организации;Нападение Общественно-политическая организация;Police;;12;Классификатор МВД | Классификатор СМП | ЦЭМП | Классификатор ФСБ | ЦОДД | Департамент РБиПК             (ГКУ МОСБЕЗ) | Департамент РБиПК             (ГКУ МОСБЕЗ) | Аппарат МЭРА | Росгвардия | Департамент культуры | ГКУ НТУ | ФСО
15091200;;Нападение;Объект хранения денежных средств;;Применяется оружие;Нападение на банк;Нападение Объект хранения денежных средств;Police;;15;Классификатор МВД | Классификатор СМП | ЦЭМП | Классификатор ФСБ | Мосгортранс | ЦОДД | Департамент РБиПК             (ГКУ МОСБЕЗ) | Департамент РБиПК             (ГКУ МОСБЕЗ) | Аппарат МЭРА | Росгвардия | Департамент культуры | ГКУ НТУ | ФСО | ЦУКБ Министерство обороны | ГКУ Организатор перевозок
15091300;;Нападение;СМИ, журналист;;Применяется оружие;Нападение на журналиста, редакцию;Нападение СМИ;Police;;13;Классификатор МВД | Классификатор СМП | ЦЭМП | Классификатор ФСБ | ЦОДД | Департамент РБиПК             (ГКУ МОСБЕЗ) | Департамент РБиПК             (ГКУ МОСБЕЗ) | Аппарат МЭРА | Росгвардия | Департамент культуры | ГКУ НТУ | ФСО | ЦУКБ Министерство обороны
15091400;;Нападение;Инкассатор перевозка ценностей;;;Ограблены инкассаторы;Грабеж;Police;;10;Классификатор МВД | Классификатор СМП | ЦОДД | Департамент РБиПК             (ГКУ МОСБЕЗ) | Департамент РБиПК             (ГКУ МОСБЕЗ) | Росгвардия | Департамент культуры | ГКУ НТУ | ФСО | ЦУКБ Министерство обороны
15091401;;Нападение;Инкассатор перевозка ценностей;Применяется оружие;;Разбой инкассаторы;Разбой;Police;;10;Классификатор МВД | Классификатор СМП | ЦОДД | Департамент РБиПК             (ГКУ МОСБЕЗ) | Департамент РБиПК             (ГКУ МОСБЕЗ) | Росгвардия | Департамент культуры | ГКУ НТУ | ФСО | ЦУКБ Министерство обороны
15091500;;Нападение;Прочие лица;;Применяется оружие;Нападение;Нападение;Police;;12;Классификатор МВД | Классификатор СМП | ЦЭМП | МГТС | Департамент РБиПК             (ГКУ МОСБЕЗ) | Департамент РБиПК             (ГКУ МОСБЕЗ) | Аппарат МЭРА | Росгвардия | Департамент культуры | ГКУ НТУ | ФСО | ЦУКБ Министерство обороны
15091600;;Нападение;Прочие объекты;;Применяется оружие;Нападение на объект;Нападение здание органов гос.власти;Police;;14;Классификатор МВД | Классификатор СМП | ЦЭМП | Классификатор ФСБ | Мосгортранс | ЦОДД | Департамент РБиПК             (ГКУ МОСБЕЗ) | Департамент РБиПК             (ГКУ МОСБЕЗ) | Аппарат МЭРА | Росгвардия | Департамент культуры | ГКУ НТУ | ФСО | ЦУКБ Министерство обороны
15100100;нарушение тишины;Нарушение тишины - в неразрешенное время;Шум, музыка, ремонт, сигнализация автомашины;;;Нарушение тишины;Нарушение тишины;Police;;7;Классификатор МВД | Классификатор СМП | Аппарат МЭРА | Территориальные ОИВ | Территориальные ОИВ    ТиНАО | Департамент культуры | ГКУ НТУ
15100200;;Нарушение тишины - в неразрешенное время;Дорожно строительные работы;;;Дорожно-строительные работы в ночное время;Дорожно-строительные работы в ночное время;Police;;11;Классификатор МВД | Классификатор СМП | Мосгортранс | ЦОДД | Аппарат МЭРА | Территориальные ОИВ | Территориальные ОИВ    ТиНАО | Департамент культуры | ГКУ НТУ | ДГП (Департамент градостроительной политики) | ДГП (Департамент градостроительной политики)
15110100;Нарушение правил торговли;Нарушение правил торговли;Продажа алкоголя несовершеннолетним;;;Продажа алкоголя несовершеннолетним;Нарушение правил торговли;Police;;6;Классификатор МВД | Классификатор СМП | Департамент РБиПК             (ГКУ МОСБЕЗ) | Аппарат МЭРА | Департамент культуры | ГКУ НТУ
15110200;;Нарушение правил торговли;Продажа алкоголя в неположенное время;;;Продажа алкоголя в неположенное время;Нарушение правил торговли;Police;;6;Классификатор МВД | Классификатор СМП | Департамент РБиПК             (ГКУ МОСБЕЗ) | Аппарат МЭРА | Департамент культуры | ГКУ НТУ
15110300;;Нарушение правил торговли;Продажа алкоголя без лицензии;;;Продажа алкоголя без лицензии;Нарушение правил торговли;Police;;6;Классификатор МВД | Классификатор СМП | Департамент РБиПК             (ГКУ МОСБЕЗ) | Аппарат МЭРА | Департамент культуры | ГКУ НТУ
15110400;;Нарушение правил торговли;Обман потребителей;;;Обман потребителей;Нарушение правил торговли;Police;;5;Классификатор МВД | Классификатор СМП | Аппарат МЭРА | Департамент культуры | ГКУ НТУ
15110500;;Нарушение правил торговли;Товар ненадлежащего качества (например, истек срок годности);;;Товар ненадлежащего качества;Нарушение правил торговли;Police;;5;Классификатор МВД | Классификатор СМП | Аппарат МЭРА | Департамент культуры | ГКУ НТУ
15110600;;Нарушение правил торговли;Торгуют в неположенном месте;;;Нарушение правил торговли;Нарушение правил торговли;Police;;9;Классификатор МВД | Классификатор СМП | Департамент РБиПК             (ГКУ МОСБЕЗ) | Аппарат МЭРА | ДТУ | Территориальные ОИВ | Территориальные ОИВ    ТиНАО | Департамент культуры | ГКУ НТУ
15110700;;Нарушение правил торговли;Скандал с продавцом, охраной магазина;;;Скандал в магазине;Скандал;Police;;5;Классификатор МВД | Классификатор СМП | ДТУ | Департамент культуры | ГКУ НТУ
15120100;Нарушение ПДД;Нарушение ПДД;Пешеход;;;Нарушение ПДД - пешеход;Нарушение правил дорожного движения;Police;;5;Классификатор МВД | Классификатор СМП | Аппарат МЭРА | Департамент культуры | ГКУ НТУ
15120200;;Нарушение ПДД;Животное движется по проезжей части;;;Животное идет по проезжей части;Посторонний предмет на проезжей части;Police;;6;Классификатор МВД | ЦЭМП | Мосгортранс | Аппарат МЭРА | Департамент культуры | ГКУ НТУ
15120300;;Нарушение ПДД;Автомашина;;перегородил выезд, нарушение правил парковки, агрессивное вождение, прочее;Нарушение ПДД - автомашина;Нарушение правил дорожного движения;Police;;5;Классификатор МВД | Классификатор СМП | Аппарат МЭРА | Департамент культуры | ГКУ НТУ
15130100;Обнаружение подозрительных предметов и транспортных средств;Подозрительный предмет, транспорт, боебприпасы, оружие;Граната;;;Нашли гранату;Обнаружение гранат;Police;Обнаружение гранат;28;Классификатор МЧС | Классификатор МВД | Классификатор СМП | Классификатор МОСГАЗ | ЦЭМП | ЦЭМП | ЦЭМП | ЦЭМП | ЦЭМП | Классификатор ФСБ | Мосгортранс | МГТС | ЦОДД | Департамент РБиПК             (ГКУ МОСБЕЗ) | Департамент РБиПК             (ГКУ МОСБЕЗ) | Аппарат МЭРА | Военная комендатура | ОАТИ | Росгвардия | Территориальные ОИВ | Территориальные ОИВ    ТиНАО | Департамент строительства города Москвы | Департамент культуры | ГКУ НТУ | ФСО | ГУП МСР | ЦУКБ Министерство обороны | ГКУ Организатор перевозок
15130200;;Подозрительный предмет, транспорт, боебприпасы, оружие;Мина;;;Нашли мину;Обнаружение мины;Police;Обнаружение мины;27;Классификатор МЧС | Классификатор МВД | Классификатор СМП | Классификатор МОСГАЗ | ЦЭМП | ЦЭМП | ЦЭМП | ЦЭМП | Классификатор ФСБ | Мосгортранс | МГТС | ЦОДД | Департамент РБиПК             (ГКУ МОСБЕЗ) | Департамент РБиПК             (ГКУ МОСБЕЗ) | Аппарат МЭРА | Военная комендатура | ОАТИ | Росгвардия | Территориальные ОИВ | Территориальные ОИВ    ТиНАО | Департамент строительства города Москвы | Департамент культуры | ГКУ НТУ | ФСО | ГУП МСР | ЦУКБ Министерство обороны | ГКУ Организатор перевозок
15130300;;Подозрительный предмет, транспорт, боебприпасы, оружие;Снаряд;;;Нашли снаряд;Обнаружение снаряда;Police;Обнаружение снаряда;32;Классификатор МЧС | Классификатор МВД | Классификатор СМП | Классификатор МОСГАЗ | ЦЭМП | ЦЭМП | ЦЭМП | ЦЭМП | Классификатор ФСБ | Мосгортранс | МГТС | МОЭК | ЦОДД | Департамент РБиПК             (ГКУ МОСБЕЗ) | Департамент РБиПК             (ГКУ МОСБЕЗ) | Аппарат МЭРА | Военная комендатура | ОАТИ | Росгвардия | Территориальные ОИВ | Территориальные ОИВ    ТиНАО | Департамент строительства города Москвы | Департамент культуры | ГКУ НТУ | ФСО | ГУП МСР | ДГП (Департамент градостроительной политики) | ДГП (Департамент градостроительной политики) | ЦУКБ Министерство обороны | ГКУ Организатор перевозок | Министерство обороны РХБЗ | Депортамент гражданского строительства
15130400;;Подозрительный предмет, транспорт, боебприпасы, оружие;Оружие;;;Нашли оружие;Обнаружение оружия;Police;;20;Классификатор МВД | Классификатор СМП | Классификатор МОСГАЗ | ЦЭМП | ЦЭМП | ЦЭМП | ЦЭМП | Классификатор ФСБ | Департамент РБиПК             (ГКУ МОСБЕЗ) | Департамент РБиПК             (ГКУ МОСБЕЗ) | Аппарат МЭРА | Росгвардия | Территориальные ОИВ | Территориальные ОИВ    ТиНАО | Департамент строительства города Москвы | Департамент культуры | ГКУ НТУ | ФСО | ГУП МСР | ЦУКБ Министерство обороны
15130500;;Подозрительный предмет, транспорт, боебприпасы, оружие;Взрывчатые вещества (боеприпасы);;;Нашли боеприпасы (взрывчатые вещества);Обнаружение боеприпасов, взврывчатых веществ;Police;Обнаружение мины;26;Классификатор МЧС | Классификатор МВД | Классификатор СМП | Классификатор МОСГАЗ | ЦЭМП | ЦЭМП | ЦЭМП | Классификатор ФСБ | Мосгортранс | МГТС | ЦОДД | Департамент РБиПК             (ГКУ МОСБЕЗ) | Департамент РБиПК             (ГКУ МОСБЕЗ) | Аппарат МЭРА | Военная комендатура | ОАТИ | Росгвардия | Территориальные ОИВ | Территориальные ОИВ    ТиНАО | Департамент строительства города Москвы | Департамент культуры | ГКУ НТУ | ФСО | ГУП МСР | ЦУКБ Министерство обороны | ГКУ Организатор перевозок
15130600;;Подозрительный предмет, транспорт, боебприпасы, оружие;Подозрительный предмет (коробка, сумка, мешок и т.д.);;Сумка, коробка, мешок, похожий на ВУ предмет;Подозрительный предмет;Обнаружение подозрительного предмета;Police;Обнаружение подозрительного предмета;28;Классификатор МЧС | Классификатор МВД | Классификатор СМП | Классификатор МОСГАЗ | ЦЭМП | ЦЭМП | ЦЭМП | Мосгортранс | ГОРМОСТ | ГОРМОСТ | ГОРМОСТ | МГТС | ЦОДД | Департамент РБиПК             (ГКУ МОСБЕЗ) | Департамент РБиПК             (ГКУ МОСБЕЗ) | Аппарат МЭРА | Росгвардия | Территориальные ОИВ | Территориальные ОИВ    ТиНАО | Департамент строительства города Москвы | Департамент культуры | ГКУ НТУ | ФСО | ГУП МСР | ДГП (Департамент градостроительной политики) | ДГП (Департамент градостроительной политики) | ЦУКБ Министерство обороны | ГКУ Организатор перевозок
15130601;;Подозрительный предмет, транспорт, боебприпасы, оружие;Подозрительный предмет (коробка, сумка, мешок и т.д.);водный транспорт, судоходные гидротехнические сооружения;;Подозрительный предмет - водный транспорт;Обнаружение подозрительного предмета;Police;Обнаружение подозрительного предмета;27;Классификатор МЧС | Классификатор МВД | Классификатор СМП | Классификатор МОСГАЗ | ЦЭМП | ЦЭМП | ЦЭМП | Мосгортранс | ГОРМОСТ | ГОРМОСТ | ГОРМОСТ | Канал имени Москвы | МГТС | ЦОДД | Департамент РБиПК             (ГКУ МОСБЕЗ) | Департамент РБиПК             (ГКУ МОСБЕЗ) | Аппарат МЭРА | Росгвардия | Территориальные ОИВ | Территориальные ОИВ    ТиНАО | Департамент строительства города Москвы | Департамент культуры | ГКУ НТУ | ФСО | ГУП МСР | ЦУКБ Министерство обороны | ГКУ Организатор перевозок
15130700;;Подозрительный предмет, транспорт, боебприпасы, оружие;Подозрительная автомашина;;;Подозрительная автомашина;Подозрительная автомашина;Police;;14;Классификатор МВД | Классификатор СМП | МГТС | Департамент РБиПК             (ГКУ МОСБЕЗ) | Департамент РБиПК             (ГКУ МОСБЕЗ) | Аппарат МЭРА | Росгвардия | Территориальные ОИВ | Территориальные ОИВ    ТиНАО | Департамент культуры | ГКУ НТУ | ФСО | ГУП МСР | ЦУКБ Министерство обороны
15140000;Подозрительные, посторонние граждане;Подозрительные, посторонние граждане;;;Описание;Подозрительные граждане;Подозрительные граждане;Police;;9;Классификатор МВД | Классификатор СМП | МГТС | Аппарат МЭРА | Росгвардия | Департамент культуры | ГКУ НТУ | ФСО | ЦУКБ Министерство обороны
15140100;;Подозрительные, посторонние граждане;Посторонние выносят вещи из квартиры, подъезда;;;Посторонние выносят вещи;Посторонние выносят вещи из квартиры, подъезда;Police;;6;Классификатор МВД | Классификатор СМП | Аппарат МЭРА | Росгвардия | Департамент культуры | ГКУ НТУ
15140200;;Подозрительные, посторонние граждане;Посторонние в квартире, только что вышли;;;Посторонние в квартире или только что вышли;Посторонние в квартире или только что вышли;Police;;6;Классификатор МВД | Классификатор СМП | Аппарат МЭРА | Росгвардия | Департамент культуры | ГКУ НТУ
15140300;;Подозрительные, посторонние граждане;Посторонние пытаются вскрыть квартиру (помещение);;;Посторонние вскрывают квартиру;Посторонние пытаются вскрыть квартиру;Police;;6;Классификатор МВД | Классификатор СМП | Аппарат МЭРА | Росгвардия | Департамент культуры | ГКУ НТУ
15140400;;Подозрительные, посторонние граждане;Посторонние рвутся в квартиру магазин, организацию, гараж и др;;;Рвутся в квартиру (огранизацию);Посторонние рвутся в квартиру магазин, организацию и др;Police;;7;Классификатор МВД | Классификатор СМП | Аппарат МЭРА | Росгвардия | Департамент культуры | ГКУ НТУ | ЦУКБ Министерство обороны
15140500;;Подозрительные, посторонние граждане;Посторонние пытаются вскрыть, разобрать автомашину;;;Вскрывают автомашину;Вскрывают, разбирают автомашину;Police;;6;Классификатор МВД | Классификатор СМП | Аппарат МЭРА | Росгвардия | Департамент культуры | ГКУ НТУ
15140600;;Подозрительные, посторонние граждане;Посторонние проживают без регистрации;;;Проживают без регистрации;Проживают без регистрации;Police;;10;Классификатор МВД | Классификатор СМП | Департамент РБиПК             (ГКУ МОСБЕЗ) | Аппарат МЭРА | Росгвардия | Территориальные ОИВ | Территориальные ОИВ    ТиНАО | Департамент культуры | ГКУ НТУ | ФСО
15140700;;Подозрительные, посторонние граждане;Посторонние пьют, курят в неположенном месте;;;Посторонние пьют (курят) в неположенном месте;Распитие спиртных напитков/курение в общественном месте;Police;;4;Классификатор МВД | Классификатор СМП | Департамент культуры | ГКУ НТУ
15140800;;Подозрительные, посторонние граждане;Посторонние прозванивают квартиры;;;Прозванивают квартиры;Прозванивают квартиры;Police;;6;Классификатор МВД | Классификатор СМП | Департамент РБиПК             (ГКУ МОСБЕЗ) | Аппарат МЭРА | Департамент культуры | ГКУ НТУ
15140900;;Подозрительные, посторонние граждане;Лица в розыске;;;Лица в розыске;Лица в розыске;Police;;10;Классификатор МВД | Классификатор СМП | Департамент РБиПК             (ГКУ МОСБЕЗ) | Департамент РБиПК             (ГКУ МОСБЕЗ) | Аппарат МЭРА | Росгвардия | Департамент культуры | ГКУ НТУ | ФСО | ЦУКБ Министерство обороны
15150100;Пьяный в общественном месте;Пьют, курят в неположенном месте;Пьяный в общественном месте;;;Пьяный в общественном месте;Пьяный в общественном месте;Police;;8;Классификатор МВД | Классификатор СМП | Департамент РБиПК             (ГКУ МОСБЕЗ) | Департамент РБиПК             (ГКУ МОСБЕЗ) | Аппарат МЭРА | Росгвардия | Департамент культуры | ГКУ НТУ
15150200;;Пьют, курят в неположенном месте;Пьют в неположенном месте;;;Распитие в неположенном месте;Распитие спиртных напитков/курение в общественном месте;Police;;6;Классификатор МВД | Классификатор СМП | Департамент РБиПК             (ГКУ МОСБЕЗ) | Департамент РБиПК             (ГКУ МОСБЕЗ) | Департамент культуры | ГКУ НТУ
15150300;;Пьют, курят в неположенном месте;Курят в неположенном месте;;;Курение в неположенном месте;Распитие спиртных напитков/курение в общественном месте;Police;;5;Классификатор МВД | Классификатор СМП | Департамент РБиПК             (ГКУ МОСБЕЗ) | Департамент культуры | ГКУ НТУ
15160100;Притон;Притон;Гастарбайтеры;;;Притон (гастарбайтеры);Проживают без регистрации;Police;;11;Классификатор МВД | Классификатор СМП | Департамент РБиПК             (ГКУ МОСБЕЗ) | Департамент РБиПК             (ГКУ МОСБЕЗ) | Аппарат МЭРА | Росгвардия | Территориальные ОИВ | Территориальные ОИВ    ТиНАО | Департамент культуры | ГКУ НТУ | ЦУКБ Министерство обороны
15160200;;Притон;Проститутки;;;Притон (проститутки);нет в ЕКП;Police;;8;Классификатор МВД | Классификатор СМП | Департамент РБиПК             (ГКУ МОСБЕЗ) | Департамент РБиПК             (ГКУ МОСБЕЗ) | Департамент культуры | ГКУ НТУ | ФСО | ЦУКБ Министерство обороны
15160300;;Притон;Наркоманы;;;Притон (наркоманы);Хранение и сбыт наркотиков;Police;;9;Классификатор МВД | Классификатор СМП | Департамент РБиПК             (ГКУ МОСБЕЗ) | Департамент РБиПК             (ГКУ МОСБЕЗ) | Аппарат МЭРА | Департамент культуры | ГКУ НТУ | ФСО | ЦУКБ Министерство обороны
15170000;Преступления в сфере экономики;Преступления в сфере экономики;;;;Преступления в сфере экономики;Преступление в сфере экономики;Police;;5;Классификатор МВД | Классификатор СМП | Аппарат МЭРА | Департамент культуры | ГКУ НТУ
15180000;Развратные действия;Развратные действия (в отношении лиц до 16 лет);;;;Развратные действия в отношении лиц до 16 лет;Развратные действия;Police;;6;Классификатор МВД | Классификатор СМП | Аппарат МЭРА | Росгвардия | Департамент культуры | ГКУ НТУ
15190000;Скандал;Скандал;;;;Скандал;Скандал;Police;;4;Классификатор МВД | Классификатор СМП | Департамент культуры | ГКУ НТУ
15200000;Стрельба;Стрельба;;;;Стрельба;Стрельба;Police;;14;Классификатор МВД | Классификатор СМП | ЦЭМП | ЦЭМП | ЦЭМП | ЦЭМП | Департамент РБиПК             (ГКУ МОСБЕЗ) | Департамент РБиПК             (ГКУ МОСБЕЗ) | Аппарат МЭРА | Росгвардия | Департамент культуры | ГКУ НТУ | ФСО | ЦУКБ Министерство обороны
15200100;;Стрельба;Огнестрельное ранение;;;Стрельба - огнестрельное ранение;Огнестрельное ранение;Police;;14;Классификатор МЧС | Классификатор МВД | Классификатор СМП | Классификатор СМП | Классификатор ФСБ | Метро | Департамент РБиПК             (ГКУ МОСБЕЗ) | Департамент РБиПК             (ГКУ МОСБЕЗ) | Аппарат МЭРА | Росгвардия | Департамент культуры | ГКУ НТУ | ФСО | ЦУКБ Министерство обороны
15200200;;Стрельба;Транспорт общественный;;Автобус / троллейбус / трамвай;Обстрелян общественный транспорт;Обстрелян общественный транспорт;Police;;15;Классификатор МВД | Классификатор СМП | ЦЭМП | Классификатор ФСБ | Мосгортранс | ЦОДД | Департамент РБиПК             (ГКУ МОСБЕЗ) | Департамент РБиПК             (ГКУ МОСБЕЗ) | Аппарат МЭРА | Росгвардия | Департамент культуры | ГКУ НТУ | ФСО | ЦУКБ Министерство обороны | ГКУ Организатор перевозок
15200300;;Стрельба;Звуки похожие на выстрелы стрельбу;;;Звуки, похожие на стрельбу;Стрельба;Police;;14;Классификатор МВД | Классификатор СМП | ЦЭМП | ЦЭМП | ЦЭМП | ЦЭМП | Департамент РБиПК             (ГКУ МОСБЕЗ) | Департамент РБиПК             (ГКУ МОСБЕЗ) | Аппарат МЭРА | Росгвардия | Департамент культуры | ГКУ НТУ | ФСО | ЦУКБ Министерство обороны
15210101;Угон транспорта;Угон транспорта;Транспорт автомашина;До 30 минут;;Угон автомашины (до 30 минут);Угон;Police;;7;Классификатор МВД | Классификатор СМП | Аппарат МЭРА | Департамент культуры | ГКУ НТУ | ФСО | ЦУКБ Министерство обороны
15210201;;Угон транспорта;Спецтранспорт 101;До 30 минут;;Угон спецтранспорта 101 (до 30 минут);Угон;Police;;8;Классификатор МВД | Классификатор СМП | ЦОДД | Аппарат МЭРА | Департамент культуры | ГКУ НТУ | ФСО | ЦУКБ Министерство обороны
15210301;;Угон транспорта;Спецтранспорт 102;До 30 минут;;Угон спецтранспорта 102 (до 30 минут);Угон;Police;;8;Классификатор МВД | Классификатор СМП | ЦОДД | Аппарат МЭРА | Департамент культуры | ГКУ НТУ | ФСО | ЦУКБ Министерство обороны
15210401;;Угон транспорта;Спецтранспорт 103;До 30 минут;;Угон спецтранспорта 103 (до 30 минут);Угон;Police;;8;Классификатор МВД | Классификатор СМП | ЦОДД | Аппарат МЭРА | Департамент культуры | ГКУ НТУ | ФСО | ЦУКБ Министерство обороны
15210501;;Угон транспорта;Спецтранспорт 104;До 30 минут;;Угон спецтранспорта 104 (до 30 минут);Угон;Police;;8;Классификатор МВД | Классификатор СМП | ЦОДД | Аппарат МЭРА | Департамент культуры | ГКУ НТУ | ФСО | ЦУКБ Министерство обороны
15210601;;Угон транспорта;Спецтранспорт спецтехника;До 30 минут;;Угон спецтранспорта спецтехника (до 30 минут);Угон;Police;;8;Классификатор МВД | Классификатор СМП | ЦОДД | Аппарат МЭРА | Департамент культуры | ГКУ НТУ | ФСО | ЦУКБ Министерство обороны
15210701;;Угон транспорта;Спецтранспорт прочее;До 30 минут;;Угон спецтранспорта прочее (до 30 минут);Угон;Police;;8;Классификатор МВД | Классификатор СМП | ЦОДД | Аппарат МЭРА | Департамент культуры | ГКУ НТУ | ФСО | ЦУКБ Министерство обороны
15210801;;Угон транспорта;Транспорт ОЭК;До 30 минут;;Угон (транспорт ОЭК, до 30 минут);Угон;Police;;8;Классификатор МВД | Классификатор СМП | ОЭК | Аппарат МЭРА | Департамент культуры | ГКУ НТУ | ФСО | ЦУКБ Министерство обороны
15210901;;Угон транспорта;Транспорт общественный;До 30 минут;Автобус / троллейбус / трамвай;Угон общественный транспорт (до 30 минут);Угон общественный транспорт;Police;;10;Классификатор МВД | Классификатор СМП | Мосгортранс | ЦОДД | Аппарат МЭРА | Департамент культуры | ГКУ НТУ | ФСО | ЦУКБ Министерство обороны | ГКУ Организатор перевозок
15211001;;Угон транспорта;Транспорт воздушный;До 30 минут;;Угон воздушный транспорт (до 30 минут);Угон воздушный транспорт;Police;;10;Классификатор МВД | Классификатор СМП | Классификатор ФСБ | ЦОДД | Аппарат МЭРА | Росгвардия | Департамент культуры | ГКУ НТУ | ФСО | ЦУКБ Министерство обороны
15211101;;Угон транспорта;Транспорт водный;До 30 минут;;Угон водный транспорт (до 30 минут);Угон водный транспорт;Police;;10;Классификатор МВД | Классификатор СМП | Классификатор ФСБ | ЦОДД | Аппарат МЭРА | Департамент культуры | ГКУ НТУ | ФСО | ЦУКБ Министерство обороны | ГКУ Организатор перевозок
15211201;;Угон транспорта;Транспорт жд;До 30 минут;;Угон ж/д поезд (до 30 минут);Угон ж/д транспорт;Police;;9;Классификатор МВД | Классификатор СМП | Классификатор ФСБ | ЦОДД | Аппарат МЭРА | РЖД (МосковскаяЖД) | Департамент культуры | ГКУ НТУ | ФСО
15211301;;Угон транспорта;Подвижной состав жд;До 30 минут;;Угон вагон ж/д (до 30 минут);Угон ж/д подвижной состав;Police;;9;Классификатор МВД | Классификатор СМП | Классификатор ФСБ | ЦОДД | Аппарат МЭРА | РЖД (МосковскаяЖД) | Департамент культуры | ГКУ НТУ | ФСО
15210102;;Угон транспорта;Транспорт автомашина;Свыше 30 мин;;Угон автомашины (свыше 30 минут);Угон;Police;;8;Классификатор МВД | Классификатор СМП | Департамент РБиПК             (ГКУ МОСБЕЗ) | Аппарат МЭРА | Департамент культуры | ГКУ НТУ | ФСО | ЦУКБ Министерство обороны
15210202;;Угон транспорта;Спецтранспорт 101;Свыше 30 мин;;Угон спецтранспорта 101 (свыше 30 минут);Угон;Police;;10;Классификатор МВД | Классификатор СМП | ЦОДД | Департамент РБиПК             (ГКУ МОСБЕЗ) | Департамент РБиПК             (ГКУ МОСБЕЗ) | Аппарат МЭРА | Департамент культуры | ГКУ НТУ | ФСО | ЦУКБ Министерство обороны
15210302;;Угон транспорта;Спецтранспорт 102;Свыше 30 мин;;Угон спецтранспорта 102 (свыше 30 минут);;Police;;10;Классификатор МВД | Классификатор СМП | ЦОДД | Департамент РБиПК             (ГКУ МОСБЕЗ) | Департамент РБиПК             (ГКУ МОСБЕЗ) | Аппарат МЭРА | Департамент культуры | ГКУ НТУ | ФСО | ЦУКБ Министерство обороны
15210402;;Угон транспорта;Спецтранспорт 103;Свыше 30 мин;;Угон спецтранспорта 103 (свыше 30 минут);;Police;;10;Классификатор МВД | Классификатор СМП | ЦОДД | Департамент РБиПК             (ГКУ МОСБЕЗ) | Департамент РБиПК             (ГКУ МОСБЕЗ) | Аппарат МЭРА | Департамент культуры | ГКУ НТУ | ФСО | ЦУКБ Министерство обороны
15210502;;Угон транспорта;Спецтранспорт 104;Свыше 30 мин;;Угон спецтранспорта 104 (свыше 30 минут);;Police;;10;Классификатор МВД | Классификатор СМП | ЦОДД | Департамент РБиПК             (ГКУ МОСБЕЗ) | Департамент РБиПК             (ГКУ МОСБЕЗ) | Аппарат МЭРА | Департамент культуры | ГКУ НТУ | ФСО | ЦУКБ Министерство обороны
15210602;;Угон транспорта;Спецтранспорт спецтехника;Свыше 30 мин;;Угон спецтранспорта спецтехника (свыше 30 минут);;Police;;10;Классификатор МВД | Классификатор СМП | ЦОДД | Департамент РБиПК             (ГКУ МОСБЕЗ) | Департамент РБиПК             (ГКУ МОСБЕЗ) | Аппарат МЭРА | Департамент культуры | ГКУ НТУ | ФСО | ЦУКБ Министерство обороны
15210702;;Угон транспорта;Спецтранспорт прочее;Свыше 30 мин;;Угон спецтранспорта прочее (свыше 30 минут);;Police;;10;Классификатор МВД | Классификатор СМП | ЦОДД | Департамент РБиПК             (ГКУ МОСБЕЗ) | Департамент РБиПК             (ГКУ МОСБЕЗ) | Аппарат МЭРА | Департамент культуры | ГКУ НТУ | ФСО | ЦУКБ Министерство обороны
15210802;;Угон транспорта;Транспорт ОЭК;Свыше 30 мин;;Угон (транспорт ОЭК, свыше 30 минут);Угон;Police;;9;Классификатор МВД | Классификатор СМП | ОЭК | Департамент РБиПК             (ГКУ МОСБЕЗ) | Аппарат МЭРА | Департамент культуры | ГКУ НТУ | ФСО | ЦУКБ Министерство обороны
15210902;;Угон транспорта;Транспорт общественный;Свыше 30 мин;Автобус / троллейбус / трамвай;Угон общественный транспорт (свыше 30 минут);Угон общественный транспорт;Police;;11;Классификатор МВД | Классификатор СМП | Мосгортранс | ЦОДД | Департамент РБиПК             (ГКУ МОСБЕЗ) | Аппарат МЭРА | Департамент культуры | ГКУ НТУ | ФСО | ЦУКБ Министерство обороны | ГКУ Организатор перевозок
15211002;;Угон транспорта;Транспорт воздушный;Свыше 30 мин;;Угон воздушный транспорт (свыше 30 минут);Угон воздушный транспорт;Police;;11;Классификатор МВД | Классификатор СМП | Классификатор ФСБ | ЦОДД | Департамент РБиПК             (ГКУ МОСБЕЗ) | Аппарат МЭРА | Росгвардия | Департамент культуры | ГКУ НТУ | ФСО | ЦУКБ Министерство обороны
15211102;;Угон транспорта;Транспорт водный;Свыше 30 мин;;Угон водный транспорт (свыше 30 минут);Угон водный транспорт;Police;;11;Классификатор МВД | Классификатор СМП | Классификатор ФСБ | ЦОДД | Департамент РБиПК             (ГКУ МОСБЕЗ) | Аппарат МЭРА | Департамент культуры | ГКУ НТУ | ФСО | ЦУКБ Министерство обороны | ГКУ Организатор перевозок
15211202;;Угон транспорта;Транспорт жд;Свыше 30 мин;;Угон ж/д поезд (свыше 30 минут);Угон ж/д транспорт;Police;;10;Классификатор МВД | Классификатор СМП | Классификатор ФСБ | ЦОДД | Департамент РБиПК             (ГКУ МОСБЕЗ) | Аппарат МЭРА | РЖД (МосковскаяЖД) | Департамент культуры | ГКУ НТУ | ФСО
15211302;;Угон транспорта;Подвижной состав жд;Свыше 30 мин;;Угон вагон ж/д (свыше 30 минут);Угон ж/д подвижной состав;Police;;10;Классификатор МВД | Классификатор СМП | Классификатор ФСБ | ЦОДД | Департамент РБиПК             (ГКУ МОСБЕЗ) | Аппарат МЭРА | РЖД (МосковскаяЖД) | Департамент культуры | ГКУ НТУ | ФСО
15211400;;Угон транспорта;Грабеж с завладением автомашиной;;;Угон (грабеж);Грабеж;Police;;9;Классификатор МВД | Классификатор СМП | Департамент РБиПК             (ГКУ МОСБЕЗ) | Департамент РБиПК             (ГКУ МОСБЕЗ) | Росгвардия | Департамент культуры | ГКУ НТУ | ФСО | ЦУКБ Министерство обороны
15211500;;Угон транспорта;Разбой с завладением автомашиной;;;Угон (разбой);Разбой;Police;;9;Классификатор МВД | Классификатор СМП | Департамент РБиПК             (ГКУ МОСБЕЗ) | Департамент РБиПК             (ГКУ МОСБЕЗ) | Росгвардия | Департамент культуры | ГКУ НТУ | ФСО | ЦУКБ Министерство обороны
15220000;Хулиганство;Хулиганство;;;;Мелкое хулиганство;Хулиганство мелкое;Police;;5;Классификатор МВД | Классификатор СМП | Департамент культуры | ГКУ НТУ | ФСО
15220100;;Хулиганство;Пьяный в общественном месте;;;Хулиганство - пьяный;Пьяный в общественном месте;Police;;6;Классификатор МВД | Классификатор СМП | Аппарат МЭРА | Росгвардия | Департамент культуры | ГКУ НТУ
15220200;;Хулиганство;Пьют /курят в неположенном месте;;;Распитие (курение) в неположенном месте;Распитие спиртных напитков/курение в общественном месте;Police;;4;Классификатор МВД | Классификатор СМП | Департамент культуры | ГКУ НТУ
15220300;;Хулиганство;Бомж в общественном месте (Нарушенение правопорядка);;;Бомж (нарушение правопорядка);Хулиганство мелкое;Police;;4;Классификатор МВД | Департамент РБиПК             (ГКУ МОСБЕЗ) | Департамент культуры | ГКУ НТУ
15220400;;Хулиганство;Попрошайки;;;Попрошайки;Хулиганство мелкое;Police;;5;Классификатор МВД | Классификатор СМП | Департамент РБиПК             (ГКУ МОСБЕЗ) | Департамент культуры | ГКУ НТУ
15220500;;Хулиганство;Запускают фейверки, петарды в неположеном месте;;;Запускают фейверки, петарды в неположеном месте;Нарушение тишины;Police;;6;Классификатор МВД | Классификатор СМП | Департамент РБиПК             (ГКУ МОСБЕЗ) | Аппарат МЭРА | Департамент культуры | ГКУ НТУ
15220600;;Хулиганство;Оружие биты предметы;;;Хулиганство (с оружием или предметами);Хулиганство (с оружием или предметами);Police;;11;Классификатор МВД | Классификатор СМП | Департамент РБиПК             (ГКУ МОСБЕЗ) | Департамент РБиПК             (ГКУ МОСБЕЗ) | Аппарат МЭРА | Территориальные ОИВ | Территориальные ОИВ    ТиНАО | Департамент культуры | ГКУ НТУ | ФСО | ЦУКБ Министерство обороны
15220601;;Хулиганство;Оружие биты предметы;Угрожают;;Хулиганство - угрожают;Хулиганство (с оружием или предметами);Police;;10;Классификатор МВД | Классификатор СМП | Департамент РБиПК             (ГКУ МОСБЕЗ) | Департамент РБиПК             (ГКУ МОСБЕЗ) | Аппарат МЭРА | Территориальные ОИВ | Территориальные ОИВ    ТиНАО | Департамент культуры | ГКУ НТУ | ЦУКБ Министерство обороны
15220602;;Хулиганство;Оружие биты предметы;Применяют;;Хулиганство - применяют оружие;Хулиганство (с оружием или предметами);Police;;11;Классификатор МВД | Классификатор СМП | Департамент РБиПК             (ГКУ МОСБЕЗ) | Департамент РБиПК             (ГКУ МОСБЕЗ) | Аппарат МЭРА | Территориальные ОИВ | Территориальные ОИВ    ТиНАО | Департамент культуры | ГКУ НТУ | ФСО | ЦУКБ Министерство обороны
15220603;;Хулиганство;Оружие биты предметы;Ломают остановку общественного транспорта;;Ломают остановку общественного транспорта;Хулиганство (с оружием или предметами);Police;;11;Классификатор МВД | Классификатор СМП | Мосгортранс | Департамент РБиПК             (ГКУ МОСБЕЗ) | Департамент РБиПК             (ГКУ МОСБЕЗ) | Аппарат МЭРА | Территориальные ОИВ | Территориальные ОИВ    ТиНАО | Департамент культуры | ГКУ НТУ | ЦУКБ Министерство обороны
15220700;;Хулиганство;Газовый балончик распылили (улица, помещение);;;Хулиганство;Хулиганство (с оружием или предметами);Police;;8;Классификатор МВД | Классификатор СМП | Департамент РБиПК             (ГКУ МОСБЕЗ) | Департамент РБиПК             (ГКУ МОСБЕЗ) | Аппарат МЭРА | Департамент культуры | ГКУ НТУ | ЦУКБ Министерство обороны
15230100;Хранение и сбыт наркотиков;Наркотики;Хранение;;;Хранение наркотиков;Хранение и сбыт наркотиков;Police;;8;Классификатор МВД | Классификатор СМП | Департамент РБиПК             (ГКУ МОСБЕЗ) | Департамент РБиПК             (ГКУ МОСБЕЗ) | Аппарат МЭРА | Департамент культуры | ГКУ НТУ | ФСО
15230200;;Наркотики;Продажа;;;Продажа наркотиков;Хранение и сбыт наркотиков;Police;;8;Классификатор МВД | Классификатор СМП | Департамент РБиПК             (ГКУ МОСБЕЗ) | Департамент РБиПК             (ГКУ МОСБЕЗ) | Аппарат МЭРА | Департамент культуры | ГКУ НТУ | ФСО
15230300;;Наркотики;Употребление в общественном месте;;;Употребление наркотиков в общественном месте;Пьяный в общественном месте;Police;;9;Классификатор МВД | Классификатор СМП | Департамент РБиПК             (ГКУ МОСБЕЗ) | Департамент РБиПК             (ГКУ МОСБЕЗ) | Аппарат МЭРА | Росгвардия | Департамент культуры | ГКУ НТУ | ФСО
15240000;Хранение оружия;Хранение оружия;;;;Хранеие оружия;Хранение оружия;Police;;9;Классификатор МВД | Классификатор СМП | Классификатор ФСБ | Аппарат МЭРА | Росгвардия | Департамент культуры | ГКУ НТУ | ФСО | ЦУКБ Министерство обороны
15250000;Массовый беспорядок, скопление, пикет, забастовка, межнациональный;Массовые беспорядки;;;;Массовые беспорядки;Массовые беспорядки;Police;;22;Классификатор МВД | Классификатор СМП | Классификатор СМП | ЦЭМП | ЦЭМП | ЦЭМП | ЦЭМП | Классификатор ФСБ | Мосгортранс | ЦОДД | Департамент РБиПК             (ГКУ МОСБЕЗ) | Департамент РБиПК             (ГКУ МОСБЕЗ) | Аппарат МЭРА | Москоллектор | Росгвардия | Территориальные ОИВ | Территориальные ОИВ    ТиНАО | Департамент культуры | ГКУ НТУ | ФСО | ЦУКБ Министерство обороны | ГКУ Организатор перевозок
15250101;;Массовые беспорядки;Скопление людей (10 и более человек);Молодежь;Молодежь скинхеды;Скопление молодежи;Массовое скопление молодежи;Police;;13;Классификатор МВД | Классификатор СМП | Мосгортранс | Департамент РБиПК             (ГКУ МОСБЕЗ) | Департамент РБиПК             (ГКУ МОСБЕЗ) | Аппарат МЭРА | Росгвардия | Территориальные ОИВ | Территориальные ОИВ    ТиНАО | Департамент культуры | ГКУ НТУ | ФСО | ЦУКБ Министерство обороны
15250102;;Массовые беспорядки;Скопление людей (10 и более человек);Взрослые;;Скопление людей;нет в ЕКП;Police;;11;Классификатор МВД | Классификатор СМП | Мосгортранс | Департамент РБиПК             (ГКУ МОСБЕЗ) | Департамент РБиПК             (ГКУ МОСБЕЗ) | Территориальные ОИВ | Территориальные ОИВ    ТиНАО | Департамент культуры | ГКУ НТУ | ФСО | ЦУКБ Министерство обороны
15250200;;Массовые беспорядки;Пикет митинг шествие несанкционированный;;;Пикет митинг шествие несанкционированный;Митинг, шествие, пикетирование (несанкционированные);Police;;17;Классификатор МВД | Классификатор СМП | Классификатор ФСБ | Мосгортранс | ЦОДД | Департамент РБиПК             (ГКУ МОСБЕЗ) | Департамент РБиПК             (ГКУ МОСБЕЗ) | Аппарат МЭРА | Москоллектор | Росгвардия | Территориальные ОИВ | Территориальные ОИВ    ТиНАО | Департамент культуры | ГКУ НТУ | ФСО | ЦУКБ Министерство обороны | ГКУ Организатор перевозок
15250300;;Массовые беспорядки;Голодовка (3 и более человек);;;Голодовка;Проведение групповой (свыше 3 человек) голодовки в общественных местах;Police;;12;Классификатор МВД | Классификатор СМП | Классификатор ФСБ | Мосгортранс | Департамент РБиПК             (ГКУ МОСБЕЗ) | Департамент РБиПК             (ГКУ МОСБЕЗ) | Аппарат МЭРА | Территориальные ОИВ | Территориальные ОИВ    ТиНАО | Департамент культуры | ГКУ НТУ | ФСО
15250400;;Массовые беспорядки;Забастовка;;;Забастовка;Коллективные забастовки;Police;;14;Классификатор МВД | Классификатор СМП | Классификатор ФСБ | Мосгортранс | ЦОДД | Департамент РБиПК             (ГКУ МОСБЕЗ) | Департамент РБиПК             (ГКУ МОСБЕЗ) | Аппарат МЭРА | Росгвардия | Территориальные ОИВ | Территориальные ОИВ    ТиНАО | Департамент культуры | ГКУ НТУ | ФСО
15250501;;Массовые беспорядки;Драка;До 10 человек;Наличие оружия;Беспорядки - драка на улице;Драка в общественном месте;Police;;11;Классификатор МВД | Классификатор СМП | ЦОДД | Департамент РБиПК             (ГКУ МОСБЕЗ) | Департамент РБиПК             (ГКУ МОСБЕЗ) | Аппарат МЭРА | Росгвардия | Департамент культуры | ГКУ НТУ | ФСО | ЦУКБ Министерство обороны
15250502;;Массовые беспорядки;Драка;От 10 человек;Наличие оружия;Беспорядки - массовая драка;Драка массовая в общественном месте;Police;;18;Классификатор МВД | Классификатор СМП | ЦЭМП | ЦЭМП | ЦЭМП | ЦЭМП | Классификатор ФСБ | ЦОДД | Департамент РБиПК             (ГКУ МОСБЕЗ) | Департамент РБиПК             (ГКУ МОСБЕЗ) | Аппарат МЭРА | Росгвардия | Территориальные ОИВ | Территориальные ОИВ    ТиНАО | Департамент культуры | ГКУ НТУ | ФСО | ЦУКБ Министерство обороны
15250601;;Массовые беспорядки;Толпа;Агрессивное поведение оружие биты предметы;;Агрессивная толпа;Массовые беспорядки;Police;;20;Классификатор МВД | Классификатор СМП | ЦЭМП | ЦЭМП | ЦЭМП | ЦЭМП | Классификатор ФСБ | Мосгортранс | ЦОДД | Департамент РБиПК             (ГКУ МОСБЕЗ) | Департамент РБиПК             (ГКУ МОСБЕЗ) | Аппарат МЭРА | Росгвардия | Территориальные ОИВ | Территориальные ОИВ    ТиНАО | Департамент культуры | ГКУ НТУ | ФСО | ЦУКБ Министерство обороны | ГКУ Организатор перевозок
15250600;;Массовые беспорядки;Толпа;;;Толпа;Происшествие в месте массового скопления людей;Police;;18;Классификатор МВД | Классификатор СМП | ЦЭМП | ЦЭМП | ЦЭМП | ЦЭМП | Мосгортранс | ЦОДД | Департамент РБиПК             (ГКУ МОСБЕЗ) | Департамент РБиПК             (ГКУ МОСБЕЗ) | Аппарат МЭРА | Росгвардия | Территориальные ОИВ | Территориальные ОИВ    ТиНАО | Департамент культуры | ГКУ НТУ | ФСО | ЦУКБ Министерство обороны
15250602;;Массовые беспорядки;Толпа;Давка;;Давка;Происшествие в месте массового скопления людей;Police;;19;Классификатор МВД | Классификатор СМП | ЦЭМП | ЦЭМП | ЦЭМП | ЦЭМП | Классификатор ФСБ | Мосгортранс | ЦОДД | Департамент РБиПК             (ГКУ МОСБЕЗ) | Департамент РБиПК             (ГКУ МОСБЕЗ) | Аппарат МЭРА | Росгвардия | Территориальные ОИВ | Территориальные ОИВ    ТиНАО | Департамент культуры | ГКУ НТУ | ФСО | ЦУКБ Министерство обороны
15260000;Происшествия военного характера;Происшествия военного характера;;;;Происшествия военного характера;Происшествия военного характера;Police;;13;Классификатор МВД | Классификатор СМП | Классификатор СМП | ЦЭМП | Классификатор ФСБ | ЦОДД | Аппарат МЭРА | Территориальные ОИВ | Территориальные ОИВ    ТиНАО | Департамент культуры | ГКУ НТУ | ФСО | ЦУКБ Министерство обороны
16010000;Дорожное движение помеха;Автомашина аварийная;;;;Консультация - аварийная автомашина;;;;1;ГКУ НТУ
16010100;;Автомашина аварийная;Помеха, перекрыто движение;;;Аварийная автомашина на проезжей части;Помеха движению общественного транспорта (прочее);Police;;8;Классификатор МВД | Классификатор СМП | Мосгортранс | ЦОДД | Аппарат МЭРА | ГКУ НТУ | ФСО | ГКУ Организатор перевозок
16020000;;Автомашина неправильная парковка;;;;Неправильная парковка;Нарушение правил дорожного движения;;;4;Классификатор МВД | Мосгортранс | Аппарат МЭРА | ГКУ НТУ
16030000;;Автомашина брошенная;;;;Брошенная автомашина;Брошенная автомашина;;;9;Классификатор МВД | Классификатор СМП | Мосгортранс | Аппарат МЭРА | Росгвардия | Территориальные ОИВ | Территориальные ОИВ    ТиНАО | ГКУ НТУ | ЦУКБ Министерство обороны
16030100;;Автомашина брошенная;Трамвайные пути, ход движения троллейбусов;;;Брошенная автомашина (помеха трамвай, троллейбус);Оставлено транспортное средство мешающее проезду трамвая и тролейбуса;Police;;10;Классификатор МВД | Классификатор СМП | Мосгортранс | Метро | ЦОДД | Аппарат МЭРА | Территориальные ОИВ | Территориальные ОИВ    ТиНАО | ГКУ НТУ | ГКУ Организатор перевозок
16040000;;Дорожные работы (с 23:00 по 8:00 );;;;Дорожные работы в ночное время;Дорожно-строительные работы в ночное время;Police;;13;Классификатор МВД | Классификатор СМП | Автомобильные дороги | Мосгортранс | ЦОДД | Аппарат МЭРА | Департамент ППиООС | Территориальные ОИВ    ТиНАО | Автомобильные дороги АО г.Москвы | ГКУ НТУ | ДГП (Департамент градостроительной политики) | ДГП (Департамент градостроительной политики) | ГКУ Организатор перевозок
16050000;;Посторонний предмет (Мешает движению);;;;Посторонний предмет на проезжей части;Посторонний предмет на проезжей части;AUTOROADS;;11;Классификатор МВД | Автомобильные дороги | Мосгортранс | ЦОДД | Аппарат МЭРА | Территориальные ОИВ    ТиНАО | Автомобильные дороги АО г.Москвы | ГКУ НТУ | ФСО | ЦУКБ Министерство обороны | ГКУ Организатор перевозок
16060000;;Мусор;;;;Мусор на проезжей части;Неубранная проезжая часть/тротуар;Police;;11;Классификатор МВД | Классификатор СМП | Автомобильные дороги | Мосгортранс | Гор. Хозяйство | ЦОДД | Аппарат МЭРА | Территориальные ОИВ | Территориальные ОИВ    ТиНАО | Автомобильные дороги АО г.Москвы | ГКУ НТУ
16070000;;Гололед;;;;Гололед на проезжей части;Гололед на проезжей части/тротуаре;AUTOROADS;;10;Классификатор СМП | Автомобильные дороги | Гор. Хозяйство | ГОРМОСТ | ЦОДД | Аппарат МЭРА | Территориальные ОИВ | Территориальные ОИВ    ТиНАО | Автомобильные дороги АО г.Москвы | ГКУ НТУ
16080100;;Снег неубранный;На обочинах, На проезжей части;;;На обочинах, проезжей части снег;Снеговые кучи на обочинах;AUTOROADS;;9;Классификатор СМП | Автомобильные дороги | Гор. Хозяйство | ЦОДД | Аппарат МЭРА | Территориальные ОИВ | Территориальные ОИВ    ТиНАО | Автомобильные дороги АО г.Москвы | ГКУ НТУ
16080200;;Снег неубранный;На остановках общественного транспорта;;;На остановках снег;Неубранный снег на остановке;AUTOROADS;;10;Классификатор СМП | Автомобильные дороги | Мосгортранс | Гор. Хозяйство | ЦОДД | Аппарат МЭРА | Территориальные ОИВ | Территориальные ОИВ    ТиНАО | Автомобильные дороги АО г.Москвы | ГКУ НТУ
16080300;;Снег неубранный;"В парковочных ""карманах""";;;В парковочных карманах снег;Неочищенные от снега парковочные карманы на проезжей части;AUTOROADS;;9;Классификатор СМП | Автомобильные дороги | Гор. Хозяйство | ЦОДД | Аппарат МЭРА | Территориальные ОИВ | Территориальные ОИВ    ТиНАО | Автомобильные дороги АО г.Москвы | ГКУ НТУ
16090000;;Туман;;;В: 50 м и менее;Консультация - туман;;MCHS;прочие происшествия;4;Классификатор МЧС | Территориальные ОИВ | Территориальные ОИВ    ТиНАО | ГКУ НТУ
16100000;;Просадка, повреждение дорожного покрытия, сянт асфальт;;;;Повреждение дорожного покрытия (ямы, выступы);Ямы/выступы на проезжей части/тротуаре;AUTOROADS;;14;Классификатор МВД | Классификатор СМП | Автомобильные дороги | Мосгортранс | Гор. Хозяйство | ГОРМОСТ | ЦОДД | Аппарат МЭРА | Территориальные ОИВ | Территориальные ОИВ    ТиНАО | Автомобильные дороги АО г.Москвы | ГКУ НТУ | ФСО | ГКУ Организатор перевозок
16110100;;Провал грунта яма;До 2х2 метров;;;Проезжая часть - провал;Провал на проезжей части;AUTOROADS;;24;"Классификатор МВД | Классификатор МВД | Классификатор СМП | Автомобильные дороги | Мосгортранс | Гор. Хозяйство | ГОРМОСТ | Мосводоканал | МОЭК | МОЭСК (ПАО ""Россети Московский регион"") | ЦОДД | Аппарат МЭРА | Москоллектор | Мосводосток | Территориальные ОИВ | Территориальные ОИВ    ТиНАО | Автомобильные дороги АО г.Москвы | ГКУ НТУ | ФСО | ДГП (Департамент градостроительной политики) | ДГП (Департамент градостроительной политики) | ЦУКБ Министерство обороны | ГКУ Организатор перевозок | Депортамент гражданского строительства"
16110200;;Провал грунта яма;Более 2х2 метров;;;Проезжая часть - провал более 2*2 метров;Провал грунта (более 2х2 метров или с разрушением коммуникаций);MCHS;;34;"Классификатор МЧС | Классификатор МВД | Классификатор МВД | Классификатор СМП | Классификатор МОСГАЗ | ЦЭМП | ЦЭМП | ЦЭМП | ЦЭМП | Автомобильные дороги | Мосгортранс | Гор. Хозяйство | ГОРМОСТ | МГТС | Мосводоканал | МОЭК | МОЭСК (ПАО ""Россети Московский регион"") | ОЭК | ЦОДД | Аппарат МЭРА | Москоллектор | ОАТИ | Мосводосток | Территориальные ОИВ | Территориальные ОИВ    ТиНАО | Автомобильные дороги АО г.Москвы | ГКУ НТУ | ФСО | ДГП (Департамент градостроительной политики) | ДГП (Департамент градостроительной политики) | ЦУКБ Министерство обороны | ГКУ Организатор перевозок | ГПБУ Мосэкомониторинг | Депортамент гражданского строительства"
16110300;;Провал грунта яма;Коммуникации разрушение повреждение;;;Проезжая часть - провал с разрушением коммуникаций;Провал грунта (более 2х2 метров или с разрушением коммуникаций);MCHS;;32;"Классификатор МЧС | Классификатор МВД | Классификатор МВД | Классификатор СМП | Классификатор МОСГАЗ | ЦЭМП | ЦЭМП | ЦЭМП | ЦЭМП | Автомобильные дороги | Мосгортранс | Гор. Хозяйство | ГОРМОСТ | Мосводоканал | МОЭК | МОЭСК (ПАО ""Россети Московский регион"") | ОЭК | ЦОДД | Аппарат МЭРА | Москоллектор | Мосводосток | Территориальные ОИВ | Территориальные ОИВ    ТиНАО | Автомобильные дороги АО г.Москвы | ГКУ НТУ | ФСО | ДГП (Департамент градостроительной политики) | ДГП (Департамент градостроительной политики) | ЦУКБ Министерство обороны | ГКУ Организатор перевозок | ГПБУ Мосэкомониторинг | Депортамент гражданского строительства"
16110400;;Провал грунта яма;Вода фонтан;;;Проезжая часть - провал фонтан воды;Провал грунта (более 2х2 метров или с разрушением коммуникаций);;Провалы грунта;28;Классификатор МЧС | Классификатор МВД | Классификатор МВД | Классификатор СМП | Классификатор МОСГАЗ | ЦЭМП | ЦЭМП | ЦЭМП | ЦЭМП | Автомобильные дороги | Мосгортранс | Гор. Хозяйство | ГОРМОСТ | Мосводоканал | МОЭК | ЦОДД | Аппарат МЭРА | Москоллектор | ОАТИ | Мосводосток | Территориальные ОИВ | Территориальные ОИВ    ТиНАО | Автомобильные дороги АО г.Москвы | ГКУ НТУ | ФСО | ЦУКБ Министерство обороны | ГКУ Организатор перевозок | ГПБУ Мосэкомониторинг
16110500;;Провал грунта яма;Вода вытекает;;;Проезжая часть - провал утечка воды;Промоина;;Провалы грунта;25;Классификатор МЧС | Классификатор МВД | Классификатор МВД | Классификатор СМП | Классификатор МОСГАЗ | ЦЭМП | ЦЭМП | ЦЭМП | ЦЭМП | Автомобильные дороги | Мосгортранс | Гор. Хозяйство | ГОРМОСТ | Мосводоканал | МОЭК | ЦОДД | Аппарат МЭРА | Москоллектор | Территориальные ОИВ | Территориальные ОИВ    ТиНАО | Автомобильные дороги АО г.Москвы | ГКУ НТУ | ФСО | ГКУ Организатор перевозок | ГПБУ Мосэкомониторинг
16120000;;Подтопление;;;;Проезжая часть - подтопление;Подтопление проезжей части;;;18;Классификатор МЧС | Классификатор МВД | Классификатор СМП | Автомобильные дороги | Мосгортранс | Гор. Хозяйство | ГОРМОСТ | Мосводоканал | МОЭК | ЦОДД | Аппарат МЭРА | Москоллектор | Мосводосток | Территориальные ОИВ | Территориальные ОИВ    ТиНАО | Автомобильные дороги АО г.Москвы | ГКУ НТУ | ГКУ Организатор перевозок
16130000;;Светофор неисправен;;;В: на черном, на радуге, на желтом, на зеленом, сбит режим;Светофор (не работает, поврежден);Не работает светофор;ZODD;;6;Классификатор СМП | Мосгортранс | ЦОДД | Аппарат МЭРА | ГКУ НТУ | ЦУКБ Министерство обороны
16140000;;Дорожный знак;;;В: упал не виден испорчен;Дорожный знак поврежден;Нечитаемые дорожные знаки;AUTOROADS;;7;Классификатор СМП | Автомобильные дороги | ЦОДД | Аппарат МЭРА | Территориальные ОИВ    ТиНАО | Автомобильные дороги АО г.Москвы | ГКУ НТУ
16150000;;Дорожная разметка стерта;;;;Дорожная разметка стерта;Стертая дорожная разметка;AUTOROADS;;7;Классификатор СМП | Автомобильные дороги | ЦОДД | Аппарат МЭРА | Территориальные ОИВ    ТиНАО | Автомобильные дороги АО г.Москвы | ГКУ НТУ
16160000;;Транспорт скопление;;;;Скопление транспорта;Помеха движению общественного транспорта (прочее);;;5;Мосгортранс | ЦОДД | Аппарат МЭРА | ГКУ НТУ | ЦУКБ Министерство обороны
16170000;;Пробка затруднение движения;;;;Консультация - дорожная пробка;;;;2;Мосгортранс | ГКУ НТУ
16180000;;Животное;;;;Проезжая часть - животное;Посторонний предмет на проезжей части;;;4;Мосгортранс | ЦОДД | Аппарат МЭРА | ГКУ НТУ
16190000;;Труп животного;;;;Труп животного на проезжей части;Посторонний предмет на проезжей части;;;8;Автомобильные дороги | Мосгортранс | ЦОДД | Аппарат МЭРА | Территориальные ОИВ | Территориальные ОИВ    ТиНАО | Автомобильные дороги АО г.Москвы | ГКУ НТУ
16190100;;Труп животного;Крупное животное;;;Труп крупного животного на проезжей части;Посторонний предмет на проезжей части;AUTOROADS;;9;Классификатор МВД | Автомобильные дороги | Мосгортранс | ЦОДД | Аппарат МЭРА | Территориальные ОИВ | Территориальные ОИВ    ТиНАО | Автомобильные дороги АО г.Москвы | ГКУ НТУ
16200000;;Прочие помехи;;;;Прочие помехи на проезжей части;Посторонний предмет на проезжей части;AUTOROADS;;10;Классификатор МВД | Классификатор МВД | Автомобильные дороги | Мосгортранс | ЦОДД | Аппарат МЭРА | Территориальные ОИВ    ТиНАО | Автомобильные дороги АО г.Москвы | ГКУ НТУ | ГКУ Организатор перевозок
16210000;;Автомашина Опасный груз;;;;Помеха - опасный груз;МЧС: Прочие происшествия;;Прочие происшествия;5;Территориальные ОИВ | Территориальные ОИВ    ТиНАО | ГКУ НТУ | ФСО | ЦУКБ Министерство обороны
17010100;Человек в опасности;Человек в опасности;Человек лежит;;;Лежит человек;Лежит человек;Police;;9;Классификатор МЧС | Классификатор МВД | Классификатор СМП | Классификатор СМП | Департамент РБиПК             (ГКУ МОСБЕЗ) | Аппарат МЭРА | Росгвардия | Департамент культуры | ГКУ НТУ
17010200;;Человек в опасности;Человек в крови;;;Человек в крови;Человек в крови;Police;;11;Классификатор МЧС | Классификатор МВД | Классификатор СМП | Классификатор СМП | Департамент РБиПК             (ГКУ МОСБЕЗ) | Аппарат МЭРА | Росгвардия | Департамент культуры | ГКУ НТУ | ФСО | ЦУКБ Министерство обороны
17010300;;Человек в опасности;Человек избит, нанесение телесных повреждений;;;Нанесение телесных повреждений;Нанесение телесных повреждений;Police;;14;Классификатор МЧС | Классификатор МВД | Классификатор СМП | Классификатор СМП | ЦЭМП | МГТС | Департамент РБиПК             (ГКУ МОСБЕЗ) | Департамент РБиПК             (ГКУ МОСБЕЗ) | Аппарат МЭРА | Росгвардия | Департамент культуры | ГКУ НТУ | ФСО | ЦУКБ Министерство обороны
17010400;;Человек в опасности;Ранение огнестрельное;;;Огнестрельное ранение;Огнестрельное ранение;Police;;14;Классификатор МЧС | Классификатор МВД | Классификатор СМП | Классификатор СМП | Классификатор ФСБ | МГТС | Департамент РБиПК             (ГКУ МОСБЕЗ) | Департамент РБиПК             (ГКУ МОСБЕЗ) | Аппарат МЭРА | Росгвардия | Департамент культуры | ГКУ НТУ | ФСО | ЦУКБ Министерство обороны
17010500;;Человек в опасности;Ранение ножевое;;;Ножевое ранение;Ножевое ранение;Police;;13;Классификатор МЧС | Классификатор МВД | Классификатор СМП | Классификатор СМП | МГТС | Департамент РБиПК             (ГКУ МОСБЕЗ) | Департамент РБиПК             (ГКУ МОСБЕЗ) | Аппарат МЭРА | Росгвардия | Департамент культуры | ГКУ НТУ | ФСО | ЦУКБ Министерство обороны
17010600;;Человек в опасности;Прочее ранение;;;Ранение;Ножевое ранение;Police;;13;Классификатор МЧС | Классификатор МВД | Классификатор СМП | Классификатор СМП | МГТС | Департамент РБиПК             (ГКУ МОСБЕЗ) | Департамент РБиПК             (ГКУ МОСБЕЗ) | Аппарат МЭРА | Росгвардия | Департамент культуры | ГКУ НТУ | ФСО | ЦУКБ Министерство обороны
17010700;;Человек в опасности;Изнасилование;;;Изнасилование;Изнасилование;Police;;10;Классификатор МЧС | Классификатор МВД | Классификатор СМП | Департамент РБиПК             (ГКУ МОСБЕЗ) | Департамент РБиПК             (ГКУ МОСБЕЗ) | Аппарат МЭРА | Росгвардия | Департамент культуры | ГКУ НТУ | ФСО
17010800;;Человек в опасности;Человек кричит о помощи;;;Крики о помощи;Крики о помощи;Police;;10;Классификатор МЧС | Классификатор МВД | Классификатор СМП | Департамент РБиПК             (ГКУ МОСБЕЗ) | Аппарат МЭРА | Росгвардия | Департамент культуры | ГКУ НТУ | ФСО | ЦУКБ Министерство обороны
17010900;;Человек в опасности;Человека насильно удерживают;;;Насильно удерживают;Насильно удерживают;Police;;9;Классификатор МЧС | Классификатор МВД | Классификатор СМП | Департамент РБиПК             (ГКУ МОСБЕЗ) | Аппарат МЭРА | Росгвардия | Департамент культуры | ГКУ НТУ | ФСО
17011000;;Человек в опасности;Человеку угрожают убийством;;;Угрожают убийством;Угроза убийством;Police;;10;Классификатор МЧС | Классификатор МВД | Классификатор СМП | Департамент РБиПК             (ГКУ МОСБЕЗ) | Аппарат МЭРА | Росгвардия | Департамент культуры | ГКУ НТУ | ФСО | ЦУКБ Министерство обороны
17011100;;Человек в опасности;"Прочие опасности ( высоте делает селфи, ""зацеперы"", летел на воздушном шаре и зацепился за дерево и т.д.)";;;Человек прочие опасности;НЕТ в ЕКП -предложить МРГ внести новый тип происшествия в существующий ЕКП;Police;;10;Классификатор МЧС | Классификатор МЧС | Классификатор МЧС | Классификатор МВД | Классификатор СМП | Департамент РБиПК             (ГКУ МОСБЕЗ) | Департамент культуры | ГКУ НТУ | ФСО | ЦУКБ Министерство обороны
17020101;Пропал найден похищен человек;Пропал / найден / похищен;Заблудился в лесу в большом парке;Несовершеннолетний (до 18 лет);;Поиск в лесу (несовершеннолетний);Потерялся, пропал несовершеннолетний;MCHS;Проведение работ в лесопарковой зоне;7;Классификатор МЧС | Классификатор МВД | Классификатор СМП | Аппарат МЭРА | Росгвардия | Департамент культуры | ГКУ НТУ
17020102;;Пропал / найден / похищен;Заблудился в лесу в большом парке;Недееспособный (пожилой, инвалид, потеря памяти);;Поиск в лесу (недееспособный);Потерялся, пропал несовершеннолетний;MCHS;Проведение работ в лесопарковой зоне;7;Классификатор МЧС | Классификатор МВД | Классификатор СМП | Аппарат МЭРА | Росгвардия | Департамент культуры | ГКУ НТУ
17020103;;Пропал / найден / похищен;Заблудился в лесу в большом парке;Взрослый;;Поиск в лесу;Потерялся, пропал человек;MCHS;Проведение работ в лесопарковой зоне;5;Классификатор МЧС | Классификатор МВД | Классификатор СМП | Департамент культуры | ГКУ НТУ
17020201;;Пропал / найден / похищен;Потерялся (пропал);Несовершеннолетний (до 18 лет);;Пропал человек (несовершеннолетний);Потерялся, пропал несовершеннолетний;Police;;6;Классификатор МВД | Классификатор СМП | Аппарат МЭРА | Росгвардия | Департамент культуры | ГКУ НТУ
17020202;;Пропал / найден / похищен;Потерялся (пропал);Недееспособный (пожилой, инвалид, потеря памяти);;Пропал человек (недееспособный);Потерялся, пропал несовершеннолетний;Police;;6;Классификатор МВД | Классификатор СМП | Аппарат МЭРА | Росгвардия | Департамент культуры | ГКУ НТУ
17020203;;Пропал / найден / похищен;Потерялся (пропал);Взрослый;;Пропал человек;Потерялся, пропал человек;Police;;4;Классификатор МВД | Классификатор СМП | Департамент культуры | ГКУ НТУ
17020300;;Пропал / найден / похищен;Найден недееспособный (пожилой, инвалид, потеря памяти);;;Найден недееспособный (пожилой, инвалид);Потерялся, пропал человек;Police;;4;Классификатор МВД | Классификатор СМП | Департамент культуры | ГКУ НТУ
17020400;;Пропал / найден / похищен;найден ребенок без сопровождения взрослых;;;Найден беспризорный;Беспризорный;Police;;6;Классификатор МВД | Классификатор СМП | Территориальные ОИВ | Территориальные ОИВ    ТиНАО | Департамент культуры | ГКУ НТУ
17020500;;Пропал / найден / похищен;Младенец найден;;;Найден младенец;Беспризорный;Police;;7;Классификатор МВД | Классификатор СМП | Классификатор СМП | Территориальные ОИВ | Территориальные ОИВ    ТиНАО | Департамент культуры | ГКУ НТУ
17020600;;Пропал / найден / похищен;Похищен несовершеннолетний (до 18 лет);;;Похищен ребенок;Похищение человека;Police;;8;Классификатор МВД | Департамент РБиПК             (ГКУ МОСБЕЗ) | Департамент РБиПК             (ГКУ МОСБЕЗ) | Аппарат МЭРА | Росгвардия | Департамент культуры | ГКУ НТУ | ФСО
17020601;;Пропал / найден / похищен;Похищен несовершеннолетний (до 18 лет);Скрылись на автомашине;;Похищен ребенок, скрылись на автомашине;Похищение человека, скрылись на автомашине;Police;;10;Классификатор МВД | ЦОДД | Департамент РБиПК             (ГКУ МОСБЕЗ) | Департамент РБиПК             (ГКУ МОСБЕЗ) | Аппарат МЭРА | Росгвардия | Департамент культуры | ГКУ НТУ | ФСО | ЦУКБ Министерство обороны
17020700;;Пропал / найден / похищен;Похищен взрослый;;;Похищен человек;Похищение человека;Police;;8;Классификатор МВД | Департамент РБиПК             (ГКУ МОСБЕЗ) | Департамент РБиПК             (ГКУ МОСБЕЗ) | Аппарат МЭРА | Росгвардия | Департамент культуры | ГКУ НТУ | ФСО
17020701;;Пропал / найден / похищен;Похищен взрослый;Скрылись на автомашине;;Похищен человек, скрылись на автомашине;Похищение человека, скрылись на автомашине;Police;;10;Классификатор МВД | ЦОДД | Департамент РБиПК             (ГКУ МОСБЕЗ) | Департамент РБиПК             (ГКУ МОСБЕЗ) | Аппарат МЭРА | Росгвардия | Департамент культуры | ГКУ НТУ | ФСО | ЦУКБ Министерство обороны
17030100;Похищение человека;Похищение;Взрослый;;;Похищение человека;Похищение человека;Police;;8;Классификатор МВД | Департамент РБиПК             (ГКУ МОСБЕЗ) | Департамент РБиПК             (ГКУ МОСБЕЗ) | Аппарат МЭРА | Росгвардия | Департамент культуры | ГКУ НТУ | ФСО
17030101;;Похищение;Взрослый;Скрылись на автомашине;;Похищение человека, скрылись на автомашине;Похищение человека, скрылись на автомашине;Police;;10;Классификатор МВД | ЦОДД | Департамент РБиПК             (ГКУ МОСБЕЗ) | Департамент РБиПК             (ГКУ МОСБЕЗ) | Аппарат МЭРА | Росгвардия | Департамент культуры | ГКУ НТУ | ФСО | ЦУКБ Министерство обороны
17030200;;Похищение;Несовершеннолетний (до 18 лет);;;Похищение ребенка;Похищение человека;Police;;8;Классификатор МВД | Департамент РБиПК             (ГКУ МОСБЕЗ) | Департамент РБиПК             (ГКУ МОСБЕЗ) | Аппарат МЭРА | Росгвардия | Департамент культуры | ГКУ НТУ | ФСО
17030201;;Похищение;Несовершеннолетний (до 18 лет);Скрылись на автомашине;;Похищение ребенка, скрылись на автомашине;Похищение человека, скрылись на автомашине;Police;;10;Классификатор МВД | ЦОДД | Департамент РБиПК             (ГКУ МОСБЕЗ) | Департамент РБиПК             (ГКУ МОСБЕЗ) | Аппарат МЭРА | Росгвардия | Департамент культуры | ГКУ НТУ | ФСО | ЦУКБ Министерство обороны
17040100;Падение с высоты, в люки, колодцы, на рельсы;Падение;Падение человека с высоты (из окна с балкона на стройке в котлован на производстве );;"Из окна, с балкона / На стройке / В котлован / На производстве;";Падение с высоты;Падение с высоты;Police;;18;Классификатор МЧС | Классификатор МЧС | Классификатор МВД | Классификатор СМП | Классификатор СМП | ЦЭМП | ЦЭМП | МГТС | Аппарат МЭРА | ОАТИ | Территориальные ОИВ | Территориальные ОИВ    ТиНАО | Департамент строительства города Москвы | Департамент культуры | ГКУ НТУ | ДГП (Департамент градостроительной политики) | ДГП (Департамент градостроительной политики) | Депортамент гражданского строительства
17040200;;падение;Падение человека (в люки шахты колодцы подземные коммуникации);;;Падение в люк (колодец, шахту);Падение в люки, шахты;MCHS;Падение людей в колодцы, люки;26;"Классификатор МЧС | Классификатор МВД | Классификатор СМП | Классификатор СМП | Классификатор МОСГАЗ | ЦЭМП | ЦЭМП | МГТС | МГТС | Мосводоканал | МОЭК | МОЭСК (ПАО ""Россети Московский регион"") | ОЭК | ЦОДД | Аппарат МЭРА | Москоллектор | ОАТИ | Мосводосток | Территориальные ОИВ | Территориальные ОИВ    ТиНАО | Департамент строительства города Москвы | Департамент культуры | ГКУ НТУ | ДГП (Департамент градостроительной политики) | ДГП (Департамент градостроительной политики) | Депортамент гражданского строительства"
17040300;;падение;Падение человека  на рельсы метро;;;Падение на рельсы метро;Прочее;AMBULANCE;;15;Классификатор МЧС | Классификатор МЧС | Классификатор МВД | Классификатор СМП | Классификатор СМП | ЦЭМП | ЦЭМП | Классификатор ФСБ | МГТС | Метро | ЦОДД | Департамент культуры | ГКУ НТУ | ФСО | ЦУКБ Министерство обороны
17040400;;падение;Падение человека  на рельсы МЦК;;;Падение на рельсы МЦК;Прочее;AMBULANCE;;16;Классификатор МЧС | Классификатор МЧС | Классификатор МВД | Классификатор СМП | Классификатор СМП | ЦЭМП | ЦЭМП | Классификатор ФСБ | МГТС | Метро | ЦОДД | РЖД (МосковскаяЖД) | Департамент культуры | ГКУ НТУ | ФСО | ЦУКБ Министерство обороны
17040500;;падение;Падение человека  на рельсы ж/д;;;Падение на рельсы жд;Прочее;;;15;Классификатор МЧС | Классификатор МЧС | Классификатор МВД | Классификатор СМП | Классификатор СМП | ЦЭМП | ЦЭМП | Классификатор ФСБ | МГТС | ЦОДД | РЖД (МосковскаяЖД) | Департамент культуры | ГКУ НТУ | ФСО | ЦУКБ Министерство обороны
17040600;;падение;Падение с моста в воду;;;Падение с моста в воду;Падение человека в воду;Police;Спасение утопающих;13;Классификатор МЧС | Классификатор МЧС | Классификатор МВД | Классификатор СМП | Классификатор СМП | ЦЭМП | ЦЭМП | ГОРМОСТ | ЦОДД | Департамент культуры | ГКУ НТУ | ФСО | ЦУКБ Министерство обороны
17040700;;Падение;Падение с моста на проезжую часть;;;Падение с моста на проезжую часть;Падение с высоты;MCHS;;14;Классификатор МЧС | Классификатор МЧС | Классификатор МВД | Классификатор СМП | Классификатор СМП | ЦЭМП | ЦЭМП | МГТС | ЦОДД | Аппарат МЭРА | Департамент культуры | ГКУ НТУ | ФСО | ЦУКБ Министерство обороны
17040800;;Падение;Падение с моста наземлю;;;Падение с моста на землю;Падение с высоты;Police;;14;Классификатор МЧС | Классификатор МЧС | Классификатор МВД | Классификатор СМП | Классификатор СМП | ЦЭМП | ЦЭМП | МГТС | Аппарат МЭРА | Департамент строительства города Москвы | Департамент культуры | ГКУ НТУ | ФСО | ЦУКБ Министерство обороны
17040900;;Падение;Человек сбит поездом: Метро;;;Сбит поездом метро;Поездная;AMBULANCE;;15;Классификатор МЧС | Классификатор МЧС | Классификатор МВД | Классификатор СМП | Классификатор СМП | ЦЭМП | ЦЭМП | Классификатор ФСБ | Метро | ЦОДД | Аппарат МЭРА | Департамент культуры | ГКУ НТУ | ФСО | ЦУКБ Министерство обороны
17041000;;Падение;Человек сбит поездом: МЦК;;;Сбит поездом МЦК;Поездная;AMBULANCE;;16;Классификатор МЧС | Классификатор МЧС | Классификатор МВД | Классификатор СМП | Классификатор СМП | ЦЭМП | ЦЭМП | Классификатор ФСБ | Метро | ЦОДД | Аппарат МЭРА | РЖД (МосковскаяЖД) | Департамент культуры | ГКУ НТУ | ФСО | ЦУКБ Министерство обороны
17041100;;Падение;Человек сбит поездом: ж/д;;;Сбит поездом жд;Поездная;AMBULANCE;;14;Классификатор МЧС | Классификатор МЧС | Классификатор МВД | Классификатор СМП | Классификатор СМП | ЦЭМП | ЦЭМП | ЦОДД | Аппарат МЭРА | РЖД (МосковскаяЖД) | Департамент культуры | ГКУ НТУ | ФСО | ЦУКБ Министерство обороны
17041200;;Падение;Угроза падения с высоты ( на высоте делает селфи, летел на воздушном шаре и зацепился за дерево и т.д.);;Дети (до 18 лет);Угроза падения с высоты;НЕТ в ЕКП -предложить МРГ внести новый тип происшествия в существующий ЕКП;Police;;7;Классификатор МЧС | Классификатор МЧС | Классификатор МЧС | Классификатор МВД | Классификатор СМП | Департамент культуры | ГКУ НТУ
17041300;;Падение;"Угроза падения на рельсы ( ""зацеперы"")";;Дети (до 18 лет);Угроза падения на рельсы;НЕТ в ЕКП -предложить МРГ внести новый тип происшествия в существующий ЕКП;;;9;Классификатор МЧС | Классификатор МЧС | Классификатор МЧС | Классификатор МВД | Классификатор СМП | Метро | РЖД (МосковскаяЖД) | Департамент культуры | ГКУ НТУ
17050100;Поездная травма;Поездная;Метро;;;Поездная травма - метро;Поездная;AMBULANCE;;13;Классификатор МЧС | Классификатор МЧС | Классификатор МВД | Классификатор СМП | Классификатор СМП | ЦЭМП | ЦЭМП | Метро | ЦОДД | Аппарат МЭРА | Департамент культуры | ГКУ НТУ | ФСО
17050200;;Поездная;МЦК;;;Поездная травма - МЦК;Поездная;AMBULANCE;;14;Классификатор МЧС | Классификатор МЧС | Классификатор МВД | Классификатор СМП | Классификатор СМП | ЦЭМП | ЦЭМП | Метро | ЦОДД | Аппарат МЭРА | РЖД (МосковскаяЖД) | Департамент культуры | ГКУ НТУ | ФСО
17050300;;Поездная;Вокзал жд платформа жд станция жд пути жд;;;Поездная травма - жд;Поездная;AMBULANCE;;13;Классификатор МЧС | Классификатор МЧС | Классификатор МВД | Классификатор СМП | Классификатор СМП | ЦЭМП | ЦЭМП | ЦОДД | Аппарат МЭРА | РЖД (МосковскаяЖД) | Департамент культуры | ГКУ НТУ | ФСО
17060000;Зажало, придавило;Зажало, придавило, завалило, застрял человек;;;"взрослый ребенок человек (подробности не известны); квартира дом производство общественное место стройка прочее";Человека зажало придавило;Придавило;MCHS;Прочие происшествия;11;Классификатор МЧС | Классификатор МВД | Классификатор СМП | Классификатор СМП | ОАТИ | Департамент строительства города Москвы | Департамент культуры | ГКУ НТУ | ДГП (Департамент градостроительной политики) | ДГП (Департамент градостроительной политики) | Депортамент гражданского строительства
17060100;;Зажало, придавило, завалило, застрял человек;подземные коммуникации;;;Человека зажало придавило (подземные коммуникации;Извлечение пострадавших из подземных коммуникаций;MCHS;Извлечение пострадавших из подземных коммуникаций;22;"Классификатор МЧС | Классификатор МВД | Классификатор СМП | Классификатор СМП | МГТС | Мосводоканал | МОЭК | МОЭСК (ПАО ""Россети Московский регион"") | ОЭК | ЦОДД | Аппарат МЭРА | Москоллектор | ОАТИ | Мосводосток | Территориальные ОИВ | Территориальные ОИВ    ТиНАО | Департамент строительства города Москвы | Департамент культуры | ГКУ НТУ | ДГП (Департамент градостроительной политики) | ДГП (Департамент градостроительной политики) | Депортамент гражданского строительства"
17070100;Тонет, на льдине;Человек в воде, на льдине;Человек на льдине;;;Человек на льдине;Спасение утопающих;MCHS;Спасение утопающих;12;Классификатор МЧС | Классификатор МЧС | Классификатор МВД | Классификатор СМП | ЦЭМП | ЦЭМП | ЦЭМП | ЦЭМП | Аппарат МЭРА | Департамент культуры | ГКУ НТУ | ЦУКБ Министерство обороны
17070200;;Человек в воде, на льдине;Человек тонет (в настоящее время);;;Тонет человек;Спасение утопающих;MCHS;Спасение утопающих;15;Классификатор МЧС | Классификатор МЧС | Классификатор МВД | Классификатор СМП | Классификатор СМП | ЦЭМП | ЦЭМП | ЦЭМП | ЦЭМП | Аппарат МЭРА | Территориальные ОИВ | Территориальные ОИВ    ТиНАО | Департамент культуры | ГКУ НТУ | ЦУКБ Министерство обороны
17070300;;Человек в воде, на льдине;Человек утонул (ушел под воду и не выныривает);;;Утонул человек;Спасение утопающих;MCHS;Спасение утопающих;16;Классификатор МЧС | Классификатор МЧС | Классификатор МВД | Классификатор СМП | Классификатор СМП | ЦЭМП | ЦЭМП | ЦЭМП | ЦЭМП | Аппарат МЭРА | Территориальные ОИВ | Территориальные ОИВ    ТиНАО | Департамент культуры | ГКУ НТУ | ФСО | ЦУКБ Министерство обороны
17070400;;Человек в воде, на льдине;Падение с моста прыгнул с моста;;;Прыгнул с моста в воду;Падение человека в воду;MCHS;Спасение утопающих;14;Классификатор МЧС | Классификатор МЧС | Классификатор МВД | Классификатор СМП | Классификатор СМП | ЦЭМП | ЦЭМП | ЦЭМП | ЦЭМП | ГОРМОСТ | Аппарат МЭРА | Департамент культуры | ГКУ НТУ | ЦУКБ Министерство обороны
17070500;;Человек в воде, на льдине;Всплыл утопленник;;;Утопленник;Происшествия на воде:извлечение утопленников;MCHS;извлечение утопленников;16;Классификатор МЧС | Классификатор МЧС | Классификатор МВД | Классификатор СМП | Классификатор СМП | ЦЭМП | ЦЭМП | ЦЭМП | ЦЭМП | Классификатор ФСБ | ЦОДД | Аппарат МЭРА | Департамент культуры | ГКУ НТУ | ФСО | ЦУКБ Министерство обороны
17070600;;Человек в воде, на льдине;Части тела в воде;;;Части тела в воде;Происшествия на воде: извлечение фрагментов тела;MCHS;извлечение фрагментов тела;13;Классификатор МЧС | Классификатор МЧС | Классификатор МВД | ЦЭМП | ЦЭМП | ЦЭМП | ЦЭМП | ЦОДД | Аппарат МЭРА | Департамент культуры | ГКУ НТУ | ФСО | ЦУКБ Министерство обороны
17070700;;Человек в воде, на льдине;Падение автомашины в воду;;;Падение автомашины в воду;Падение автомобиля в воду;MCHS;Извлечение транспортных средств;18;Классификатор МЧС | Классификатор МЧС | Классификатор МВД | Классификатор СМП | Классификатор СМП | ЦЭМП | ЦЭМП | ЦЭМП | ЦЭМП | ГОРМОСТ | ЦОДД | Аппарат МЭРА | ОАТИ | Территориальные ОИВ | Территориальные ОИВ    ТиНАО | Департамент культуры | ГКУ НТУ | ЦУКБ Министерство обороны
17080100;Открыть дверь;Открыть дверь, поднять с пола, перенести в скорую;Требуется медицинская помощь;;;Открыть дверь (требуется мед. помощь);Вскрытие дверей (требуется медицинская помощь);MCHS;;6;Классификатор МЧС | Классификатор МВД | Классификатор СМП | Классификатор СМП | Департамент культуры | ГКУ НТУ
17080200;;Открыть дверь, поднять с пола, перенести в скорую;Не подает признаков жизни;;;Открыть дверь (не подает признаков жизни);Вскрытие дверей (не подает признаков жизни);MCHS;;9;Классификатор МЧС | Классификатор МВД | Классификатор СМП | Классификатор СМП | Аппарат МЭРА | Территориальные ОИВ | Территориальные ОИВ    ТиНАО | Департамент культуры | ГКУ НТУ
17080300;;Открыть дверь, поднять с пола, перенести в скорую;Трупный запах из-за двери;;;Открыть дверь (трупный запах);Трупный запах;MCHS;;12;Классификатор МЧС | Классификатор МВД | Гор. Хозяйство | Аппарат МЭРА | ДТУ_Р (Ритуал) | Росгвардия | Территориальные ОИВ | Территориальные ОИВ    ТиНАО | Департамент культуры | ГКУ НТУ | ЦУКБ Министерство обороны | Министерство обороны РХБЗ
17080400;;Открыть дверь, поднять с пола, перенести в скорую;До 7 лет - закрыт в квартире;;;Открыть дверь (ребенок);Вскрытие дверей (дети до 7 лет);MCHS;;6;Классификатор МЧС | Классификатор МВД | Классификатор СМП | Аппарат МЭРА | Департамент культуры | ГКУ НТУ
17080500;;Открыть дверь, поднять с пола, перенести в скорую;Взрослый или несовершеннолетний 8-18 лет;;;Открыть дверь (без ЧП);Нет в ЕКП;;;4;Территориальные ОИВ | Территориальные ОИВ    ТиНАО | Департамент культуры | ГКУ НТУ
17080600;;Открыть дверь, поднять с пола, перенести в скорую;Ребенок закрыт в машине;;;Открыть дверь (ребенок в машине);Вскрытие дверей (дети до 7 лет);MCHS;;6;Классификатор МЧС | Классификатор МВД | Классификатор СМП | Аппарат МЭРА | Департамент культуры | ГКУ НТУ
17080700;;Открыть дверь, поднять с пола, перенести в скорую;За дверью на плите готовится пища, включены электроприборы;;;За дверью на газовой плите готовится пища;Вскрытие дверей и конструкций (прочее);MCHS;;5;Классификатор МЧС | Классификатор СМП | Территориальные ОИВ | Департамент культуры | ГКУ НТУ
17080800;;Открыть дверь, поднять с пола, перенести в скорую;За дверью протечка воды;;;За дверью протечка воды;Вскрытие дверей и конструкций (прочее);;;5;Классификатор СМП | Территориальные ОИВ | Территориальные ОИВ    ТиНАО | Департамент культуры | ГКУ НТУ
17080900;;Открыть дверь, поднять с пола, перенести в скорую;Запах газа за дверью;;;Запах газа из закрытой квартиры;Запах газа из закрытой квартиры;MOSGAZ;Запах бытового газа;12;Классификатор МЧС | Классификатор МВД | Классификатор СМП | Классификатор МОСГАЗ | Классификатор Мособлгаз | Аппарат МЭРА | Территориальные ОИВ | Территориальные ОИВ    ТиНАО | Департамент культуры | ГКУ НТУ | ФСО | ЦУКБ Министерство обороны
17081000;;Открыть дверь, поднять с пола, перенести в скорую;НЕТ угрозы здоровью, жизни и имуществу;;;Дверь (нет угрозы);Нет в ЕКП;;;4;Территориальные ОИВ | Территориальные ОИВ    ТиНАО | Департамент культуры | ГКУ НТУ
17081101;;Открыть дверь, поднять с пола, перенести в скорую;Одинокий инвалид  пожилой человек или болен, ограничен в движении;Поднять с пола;;Поднять человека с пола;Поднять с пола;MCHS;Поднять с пола;4;Классификатор МЧС | Классификатор СМП | Департамент культуры | ГКУ НТУ
17081102;;Открыть дверь, поднять с пола, перенести в скорую;Одинокий инвалид  пожилой человек или болен, ограничен в движении;Открыть дверь в квартиру;;Открыть дверь (инвалид или одинокий пожилой человек);МЧС: Прочие происшествия;;;3;Классификатор СМП | Департамент культуры | ГКУ НТУ
17081103;;Открыть дверь, поднять с пола, перенести в скорую;Одинокий инвалид  пожилой человек или болен, ограничен в движении;Перенести в машину скорой;;Перенести больного в машину (из машины) скорой помощи;Медицинская эвакуация пострадавших;;;4;Классификатор МЧС | Аппарат МЭРА | Департамент культуры | ГКУ НТУ
17090000;Угроза убийством;Человеку угрожают убийством;;;;Угрозы убийством;Угроза убийством;Police;;9;Классификатор МВД | Классификатор СМП | Департамент РБиПК             (ГКУ МОСБЕЗ) | Аппарат МЭРА | Росгвардия | Департамент культуры | ГКУ НТУ | ФСО | ЦУКБ Министерство обороны
17100100;Суицид / самойбийство;Суицид;Повесился;;Нет доступа;Попытка суицида (повесился);Повесился;MCHS;;11;Классификатор МЧС | Классификатор МЧС | Классификатор МВД | Классификатор СМП | Классификатор СМП | ЦЭМП | ЦЭМП | ЦЭМП | Аппарат МЭРА | Департамент культуры | ГКУ НТУ
17100101;;Суицид;Повесился;летальный исход;Нет доступа;Суицид (повесился);Повесился;Police;;11;Классификатор МВД | Классификатор СМП | Классификатор СМП | ЦЭМП | ЦЭМП | ЦЭМП | Аппарат МЭРА | ДТУ_Р (Ритуал) | Департамент культуры | ГКУ НТУ | ФСО
17100200;;Суицид;Выпил таблетки;;Нет доступа;Попытка суицида (таблетки);Попытка суицида;MCHS;;12;Классификатор МЧС | Классификатор МЧС | Классификатор МВД | Классификатор СМП | Классификатор СМП | ЦЭМП | ЦЭМП | ЦЭМП | Аппарат МЭРА | МСППН | Департамент культуры | ГКУ НТУ
17100201;;Суицид;Выпил таблетки;летальный исход;Нет доступа;Суицид (таблетки);Попытка суицида;Police;;11;Классификатор МВД | Классификатор СМП | Классификатор СМП | ЦЭМП | ЦЭМП | ЦЭМП | Аппарат МЭРА | ДТУ_Р (Ритуал) | Департамент культуры | ГКУ НТУ | ФСО
17100300;;Суицид;Резаные вены;;Нет доступа;Попытка суицида (вены);Попытка суицида;MCHS;;12;Классификатор МЧС | Классификатор МЧС | Классификатор МВД | Классификатор СМП | Классификатор СМП | ЦЭМП | ЦЭМП | ЦЭМП | Аппарат МЭРА | МСППН | Департамент культуры | ГКУ НТУ
17100301;;Суицид;Резаные вены;летальный исход;Нет доступа;Суицид (вены);Попытка суицида;Police;;11;Классификатор МВД | Классификатор СМП | Классификатор СМП | ЦЭМП | ЦЭМП | ЦЭМП | Аппарат МЭРА | ДТУ_Р (Ритуал) | Департамент культуры | ГКУ НТУ | ФСО
17100400;;Суицид;Огнестрел;;Нет доступа;Попытка суицида (огнестрел);Попытка суицида;MCHS;;11;Классификатор МЧС | Классификатор МЧС | Классификатор МВД | Классификатор СМП | Классификатор СМП | ЦЭМП | ЦЭМП | ЦЭМП | Аппарат МЭРА | Департамент культуры | ГКУ НТУ
17100401;;Суицид;Огнестрел;летальный исход;Нет доступа;Суицид (огнестрел);Попытка суицида;Police;;11;Классификатор МВД | Классификатор СМП | Классификатор СМП | ЦЭМП | ЦЭМП | ЦЭМП | Аппарат МЭРА | ДТУ_Р (Ритуал) | Департамент культуры | ГКУ НТУ | ФСО
17100500;;Суицид;Запах бытового газа из закрытой квартиры;;Нет доступа;Запах газа из закрытой квартиры (суицид);Запах газа из закрытой квартиры;MOSGAZ;Запах бытового газа;15;Классификатор МЧС | Классификатор МВД | Классификатор СМП | Классификатор СМП | Классификатор МОСГАЗ | ЦЭМП | ЦЭМП | ЦЭМП | Классификатор Мособлгаз | Аппарат МЭРА | Территориальные ОИВ | Территориальные ОИВ    ТиНАО | Департамент культуры | ГКУ НТУ | ЦУКБ Министерство обороны
17100600;;Суицид;Без сознания;;Нет доступа;Попытка суицида (без сознания);Попытка суицида;MCHS;;11;Классификатор МЧС | Классификатор МЧС | Классификатор МВД | Классификатор СМП | Классификатор СМП | ЦЭМП | ЦЭМП | ЦЭМП | Аппарат МЭРА | Департамент культуры | ГКУ НТУ
17100700;;Суицид;Падение с высоты;;Нет доступа;Суицид (падение с высоты);Падение с высоты;Police;;16;Классификатор МЧС | Классификатор МЧС | Классификатор МВД | Классификатор СМП | Классификатор СМП | ЦЭМП | ЦЭМП | ЦЭМП | МГТС | Департамент РБиПК             (ГКУ МОСБЕЗ) | Департамент РБиПК             (ГКУ МОСБЕЗ) | Аппарат МЭРА | ДТУ_Р (Ритуал) | Департамент культуры | ГКУ НТУ | ЦУКБ Министерство обороны
17100801;;Суицид;Прочие действия самоубийцы, например застрелился, выпрыгнул из окна, с балкона;летальный исход;Нет доступа;Суицид;Суицид;Police;;11;Классификатор МВД | Классификатор СМП | Классификатор СМП | ЦЭМП | ЦЭМП | ЦЭМП | Аппарат МЭРА | ДТУ_Р (Ритуал) | Департамент культуры | ГКУ НТУ | ФСО
17100800;;Суицид;Прочие действия самоубийцы;;Нет доступа;Попытка суицида;Попытка суицида;MCHS;;11;Классификатор МЧС | Классификатор МЧС | Классификатор МВД | Классификатор СМП | Классификатор СМП | ЦЭМП | ЦЭМП | ЦЭМП | Аппарат МЭРА | Департамент культуры | ГКУ НТУ
17100900;;Суицид;Наблюдает приготовление к суициду (хочет спрыгнуть с моста, с крыши, отравиться, порезать вены и т.д.);;Нет доступа;Приготовление к суициду (свидетель);Попытка суицида;MCHS;;13;Классификатор МЧС | Классификатор МЧС | Классификатор МВД | Классификатор СМП | Классификатор СМП | ЦЭМП | ЦЭМП | ЦЭМП | Департамент РБиПК             (ГКУ МОСБЕЗ) | Департамент РБиПК             (ГКУ МОСБЕЗ) | Аппарат МЭРА | Департамент культуры | ГКУ НТУ
17101000;;Суицид;Не хочет жить помощь психолога;;;Помощь психолога (намерение суицида);НЕТ в ЕКП;AMBULANCE;;4;Классификатор СМП | МСППН | Департамент культуры | ГКУ НТУ
17110100;ранение;Человек ранен;Ранение огнестрельное;;;Ранение - огнестрельное;Огнестрельное ранение;Police;;17;Классификатор МЧС | Классификатор МВД | Классификатор СМП | Классификатор СМП | ЦЭМП | ЦЭМП | ЦЭМП | Классификатор ФСБ | МГТС | Департамент РБиПК             (ГКУ МОСБЕЗ) | Департамент РБиПК             (ГКУ МОСБЕЗ) | Аппарат МЭРА | Росгвардия | Департамент культуры | ГКУ НТУ | ФСО | ЦУКБ Министерство обороны
17110200;;Человек ранен;Ранение ножевое;;;Ранение - ножевое;Ножевое ранение;Police;;16;Классификатор МЧС | Классификатор МВД | Классификатор СМП | Классификатор СМП | ЦЭМП | ЦЭМП | ЦЭМП | МГТС | Департамент РБиПК             (ГКУ МОСБЕЗ) | Департамент РБиПК             (ГКУ МОСБЕЗ) | Аппарат МЭРА | Росгвардия | Департамент культуры | ГКУ НТУ | ФСО | ЦУКБ Министерство обороны
17110300;;Человек ранен;Прочее ранение;;;Ранение - прочее;Ножевое ранение;Police;;16;Классификатор МЧС | Классификатор МВД | Классификатор СМП | Классификатор СМП | ЦЭМП | ЦЭМП | ЦЭМП | МГТС | Департамент РБиПК             (ГКУ МОСБЕЗ) | Департамент РБиПК             (ГКУ МОСБЕЗ) | Аппарат МЭРА | Росгвардия | Департамент культуры | ГКУ НТУ | ФСО | ЦУКБ Министерство обороны
18010000;Ребенок в опасности;Найден ребенок без сопровождения взрослых;;;;Ребенок без сопровождения взрослых;Беспризорный;Police;;7;Классификатор МВД | Классификатор СМП | Классификатор СМП | Территориальные ОИВ | Территориальные ОИВ    ТиНАО | Департамент культуры | ГКУ НТУ
18020000;;Младенец найден;;;;Младенец найден;Беспризорный;Police;;7;Классификатор МВД | Классификатор СМП | Классификатор СМП | Территориальные ОИВ | Территориальные ОИВ    ТиНАО | Департамент культуры | ГКУ НТУ
18030000;;Систематическое жестокое обращение и насилие в семье;;;;Жестокое обращение с ребенком в семье;НЕТ в ЕКП;Police;;3;Классификатор МВД | Департамент культуры | ГКУ НТУ
18040000;;Жестокое обращение и насилие в данный момент;;;;Нанесение телесных повреждений детям;Нанесение телесных повреждений;Police;;6;Классификатор МВД | Классификатор СМП | Аппарат МЭРА | Росгвардия | Департамент культуры | ГКУ НТУ
18050000;;На высоте (на подоконнике и т.д.);;;;Ребенок один на высоте;НЕТ в ЕКП;MCHS;Прочие происшествия;6;Классификатор МЧС | Классификатор МВД | Классификатор СМП | Департамент культуры | ГКУ НТУ | ЦУКБ Министерство обороны
18060000;;Потерялся (пропал): В лесу (в большом парке);;;;Ребенок заблудился в лесу (в парке);Потерялся, пропал несовершеннолетний;MCHS;Проведение работ в лесопарковой зоне;7;Классификатор МЧС | Классификатор МВД | Классификатор СМП | Аппарат МЭРА | Росгвардия | Департамент культуры | ГКУ НТУ
18070000;;Потерялся (пропал): В городской среде;;;;Ребенок потерялся;Потерялся, пропал несовершеннолетний;Police;;6;Классификатор МВД | Классификатор СМП | Аппарат МЭРА | Росгвардия | Департамент культуры | ГКУ НТУ
18080000;;закрыт в автомашине;;;;Ребенок закрыт в машине;Вскрытие дверей (дети до 7 лет);MCHS;Вскрытие дверей социального характера;6;Классификатор МЧС | Классификатор МВД | Классификатор СМП | Аппарат МЭРА | Департамент культуры | ГКУ НТУ
18090000;;До 7 лет - закрыт в квартире;;;;Ребенок закрыт в квартире;Вскрытие дверей (дети до 7 лет);MCHS;Вскрытие дверей социального характера;6;Классификатор МЧС | Классификатор МВД | Классификатор СМП | Аппарат МЭРА | Департамент культуры | ГКУ НТУ
18100000;;Застрял: До 10 лет - в лифте без сопровождения взрослых;;;;Ребенок застрял в лифте;Застревание в лифте;MOSLIFT;Помощь лифтовым службам;11;Классификатор МЧС | Классификатор МВД | Классификатор СМП | Гор. Хозяйство | ГОРМОСТ | ГОРМОСТ | ГОРМОСТ | Мослифт | Аппарат МЭРА | Департамент культуры | ГКУ НТУ
18110000;;Застрял: после 10 лет - в лифте без сопровождения взрослых;;;;Застревание в лифте - несовершеннолетний;Застревание в лифте;MOSLIFT;;12;Классификатор МВД | Классификатор СМП | Гор. Хозяйство | ГОРМОСТ | ГОРМОСТ | ГОРМОСТ | Мослифт | Аппарат МЭРА | Территориальные ОИВ | Территориальные ОИВ    ТиНАО | Департамент культуры | ГКУ НТУ
18120000;;Застрял: Часть тела;;;;Ребенок застрял;Деблокация;MCHS;Деблокация;7;Классификатор МЧС | Классификатор МВД | Классификатор МВД | Классификатор СМП | Аппарат МЭРА | Департамент культуры | ГКУ НТУ
18130000;;Похищение ребенка;;;;Ребенок - похищение;Похищение человека;Police;;6;Классификатор МВД | Аппарат МЭРА | Росгвардия | Департамент культуры | ГКУ НТУ | ФСО
18130100;;Похищение ребенка;Скрылись на автомашине;;;Ребенок - похищение, скрылись на автомашине;Похищение человека, скрылись на автомашине;Police;;7;Классификатор МВД | ЦОДД | Аппарат МЭРА | Росгвардия | Департамент культуры | ГКУ НТУ | ФСО
18140000;;Развратные действия в отношении лиц до 16 лет;;;;Развратные действия в отношении детей;Развратные действия;Police;;6;Классификатор МВД | Классификатор СМП | Аппарат МЭРА | Росгвардия | Департамент культуры | ГКУ НТУ
18150000;;Другая опасность;;;Уточнить;Ребенок в опасности - другое;НЕТ в ЕКП;Police;;5;Классификатор МВД | Классификатор МВД | Классификатор СМП | Департамент культуры | ГКУ НТУ
19010000;;В квартире;;;;Труп в квартире;Труп (в квартире, общественном месте, на ж/д станции или у ж/д полотна);Police;;10;Классификатор МВД | Классификатор СМП | Классификатор СМП | Гор. Хозяйство | Аппарат МЭРА | ДТУ_Р (Ритуал) | Росгвардия | Департамент культуры | ГКУ НТУ | ЦУКБ Министерство обороны
19010101;Труп, констатация смерти в квартире;В квартире;Естественная смерть;день: с 8 до 17 часов;;Констатация смерти - день;Труп в квартире (естественная смерть);Police;;8;Классификатор МВД | Классификатор СМП | Гор. Хозяйство | Аппарат МЭРА | ДТУ_Р (Ритуал) | Росгвардия | Департамент культуры | ГКУ НТУ
19010102;;В квартире;Естественная смерть;ночь: с 17 до 08 часов;;Констатация смерти - ночь;Труп в квартире (естественная смерть);Police;;8;Классификатор МВД | Классификатор СМП | Классификатор СМП | Аппарат МЭРА | ДТУ_Р (Ритуал) | Росгвардия | Департамент культуры | ГКУ НТУ
19010200;;В квартире;Причина неизвестна;;;Труп в квартире - причина неизвестна;Труп (в квартире, общественном месте, на ж/д станции или у ж/д полотна);Police;;10;Классификатор МВД | Классификатор СМП | Классификатор СМП | Гор. Хозяйство | Аппарат МЭРА | ДТУ_Р (Ритуал) | Росгвардия | Департамент культуры | ГКУ НТУ | ЦУКБ Министерство обороны
19010300;;В квартире;Трупный запах;;;Трупный запах;Трупный запах;Police;;10;Классификатор МВД | Гор. Хозяйство | Аппарат МЭРА | ДТУ_Р (Ритуал) | Росгвардия | Территориальные ОИВ | Территориальные ОИВ    ТиНАО | Департамент культуры | ГКУ НТУ | ЦУКБ Министерство обороны
19010400;;В квартире;Части тела;;;Найдены части тела в квартире;Части тела человека;Police;;8;Классификатор МВД | Аппарат МЭРА | ДТУ_Р (Ритуал) | Росгвардия | Департамент культуры | ГКУ НТУ | ФСО | ЦУКБ Министерство обороны
19010500;;В квартире;Убийство;;;Убийство (в квартире);Убийство;Police;;11;Классификатор МВД | Классификатор СМП | Классификатор СМП | Классификатор ФСБ | Аппарат МЭРА | ДТУ_Р (Ритуал) | Росгвардия | Департамент культуры | ГКУ НТУ | ФСО | ЦУКБ Министерство обороны
19020100;;На улице;Улица общественное место;;;Труп на улице ( в общественном месте);Труп (в квартире, общественном месте, на ж/д станции или у ж/д полотна);Police;;15;Классификатор МВД | Классификатор СМП | Классификатор СМП | ЦЭМП | ЦЭМП | ЦЭМП | ЦЭМП | ЦОДД | Аппарат МЭРА | ДТУ_Р (Ритуал) | Росгвардия | Департамент культуры | ГКУ НТУ | ФСО | ЦУКБ Министерство обороны
19020101;Труп, констатация смерти на улице (в общественном месте);На улице;Улица общественное место;Труп;;Труп на улице ( в общественном месте) - причина неизвестна;Труп (в квартире, общественном месте, на ж/д станции или у ж/д полотна);Police;;15;Классификатор МВД | Классификатор СМП | Классификатор СМП | ЦЭМП | ЦЭМП | ЦЭМП | ЦЭМП | ЦОДД | Аппарат МЭРА | ДТУ_Р (Ритуал) | Росгвардия | Департамент культуры | ГКУ НТУ | ФСО | ЦУКБ Министерство обороны
19020102;;На улице;Улица общественное место;Части тела;;Найдены части тела на улице (в общественном месте);Части тела человека;Police;;13;Классификатор МВД | ЦЭМП | ЦЭМП | ЦЭМП | ЦЭМП | ЦОДД | Аппарат МЭРА | ДТУ_Р (Ритуал) | Росгвардия | Департамент культуры | ГКУ НТУ | ФСО | ЦУКБ Министерство обороны
19020103;;На улице;Улица общественное место;Убийство;;Убийство (общественное место);Убийство;Police;;16;Классификатор МВД | Классификатор СМП | Классификатор СМП | ЦЭМП | ЦЭМП | ЦЭМП | ЦЭМП | Классификатор ФСБ | ЦОДД | Аппарат МЭРА | ДТУ_Р (Ритуал) | Росгвардия | Департамент культуры | ГКУ НТУ | ФСО | ЦУКБ Министерство обороны
19020200;;На улице;ЖД вокзал, станция, платформа, полотно, пути;;;Труп на жд станции (у жд полотна);Труп (в квартире, общественном месте, на ж/д станции или у ж/д полотна);Police;;14;Классификатор МВД | Классификатор СМП | Классификатор СМП | ЦЭМП | ЦЭМП | ЦЭМП | ЦЭМП | ЦОДД | Аппарат МЭРА | РЖД (МосковскаяЖД) | ДТУ_Р (Ритуал) | Росгвардия | Департамент культуры | ГКУ НТУ
19020201;;На улице;ЖД вокзал, станция, платформа, полотно, пути;Труп;;Труп на жд станции (у жд полотна) - причина неизвестна;Труп (в квартире, общественном месте, на ж/д станции или у ж/д полотна);Police;;15;Классификатор МВД | Классификатор СМП | Классификатор СМП | ЦЭМП | ЦЭМП | ЦЭМП | ЦЭМП | ЦОДД | Аппарат МЭРА | РЖД (МосковскаяЖД) | ДТУ_Р (Ритуал) | Росгвардия | Департамент культуры | ГКУ НТУ | ЦУКБ Министерство обороны
19020202;;На улице;ЖД вокзал, станция, платформа, полотно, пути;Части тела;;Найдены части тела на жд станции (у жд полотна);Части тела человека;Police;;13;Классификатор МВД | ЦЭМП | ЦЭМП | ЦЭМП | ЦЭМП | ЦОДД | Аппарат МЭРА | РЖД (МосковскаяЖД) | ДТУ_Р (Ритуал) | Росгвардия | Департамент культуры | ГКУ НТУ | ЦУКБ Министерство обороны
19020203;;На улице;ЖД вокзал, станция, платформа, полотно, пути;Убийство;;Убийство (на жд станции, у жд полотна);Убийство;Police;;16;Классификатор МВД | Классификатор СМП | Классификатор СМП | ЦЭМП | ЦЭМП | ЦЭМП | ЦЭМП | Классификатор ФСБ | ЦОДД | Аппарат МЭРА | РЖД (МосковскаяЖД) | ДТУ_Р (Ритуал) | Росгвардия | Департамент культуры | ГКУ НТУ | ЦУКБ Министерство обороны
19020300;;На улице;Метро;;;Труп в метро;Труп (в квартире, общественном месте, на ж/д станции или у ж/д полотна);Police;;15;Классификатор МВД | Классификатор СМП | Классификатор СМП | ЦЭМП | ЦЭМП | ЦЭМП | ЦЭМП | Метро | ЦОДД | Аппарат МЭРА | ДТУ_Р (Ритуал) | Росгвардия | Департамент культуры | ГКУ НТУ | ЦУКБ Министерство обороны
19020301;;На улице;Метро;Труп;;Труп в метро - причина неизвестна;Труп (в квартире, общественном месте, на ж/д станции или у ж/д полотна);Police;;15;Классификатор МВД | Классификатор СМП | Классификатор СМП | ЦЭМП | ЦЭМП | ЦЭМП | ЦЭМП | Метро | ЦОДД | Аппарат МЭРА | ДТУ_Р (Ритуал) | Росгвардия | Департамент культуры | ГКУ НТУ | ЦУКБ Министерство обороны
19020302;;На улице;Метро;Части тела;;Найдены части тела в метро;Части тела человека;Police;;13;Классификатор МВД | ЦЭМП | ЦЭМП | ЦЭМП | ЦЭМП | Метро | ЦОДД | Аппарат МЭРА | ДТУ_Р (Ритуал) | Росгвардия | Департамент культуры | ГКУ НТУ | ЦУКБ Министерство обороны
19020303;;На улице;Метро;Убийство;;Убийство (метро);Убийство;Police;;17;Классификатор МВД | Классификатор СМП | Классификатор СМП | ЦЭМП | ЦЭМП | ЦЭМП | ЦЭМП | Классификатор ФСБ | Метро | ЦОДД | Аппарат МЭРА | ДТУ_Р (Ритуал) | Росгвардия | Департамент культуры | ГКУ НТУ | ФСО | ЦУКБ Министерство обороны
19020400;;На улице;МЦК;;;Труп МЦК;Труп (в квартире, общественном месте, на ж/д станции или у ж/д полотна);Police;;16;Классификатор МВД | Классификатор СМП | Классификатор СМП | ЦЭМП | ЦЭМП | ЦЭМП | ЦЭМП | Метро | ЦОДД | Аппарат МЭРА | РЖД (МосковскаяЖД) | ДТУ_Р (Ритуал) | Росгвардия | Департамент культуры | ГКУ НТУ | ЦУКБ Министерство обороны
19020401;;На улице;МЦК;Труп;;Труп МЦК - причина неизвестна;Труп (в квартире, общественном месте, на ж/д станции или у ж/д полотна);Police;;16;Классификатор МВД | Классификатор СМП | Классификатор СМП | ЦЭМП | ЦЭМП | ЦЭМП | ЦЭМП | Метро | ЦОДД | Аппарат МЭРА | РЖД (МосковскаяЖД) | ДТУ_Р (Ритуал) | Росгвардия | Департамент культуры | ГКУ НТУ | ЦУКБ Министерство обороны
19020402;;На улице;МЦК;Части тела;;Найдены части МЦК;Части тела человека;Police;;14;Классификатор МВД | ЦЭМП | ЦЭМП | ЦЭМП | ЦЭМП | Метро | ЦОДД | Аппарат МЭРА | РЖД (МосковскаяЖД) | ДТУ_Р (Ритуал) | Росгвардия | Департамент культуры | ГКУ НТУ | ЦУКБ Министерство обороны
19020403;;На улице;МЦК;Убийство;;Убийство (МЦК);Убийство;Police;;17;Классификатор МВД | Классификатор СМП | Классификатор СМП | ЦЭМП | ЦЭМП | ЦЭМП | ЦЭМП | Классификатор ФСБ | ЦОДД | Аппарат МЭРА | РЖД (МосковскаяЖД) | ДТУ_Р (Ритуал) | Росгвардия | Департамент культуры | ГКУ НТУ | ФСО | ЦУКБ Министерство обороны
19020500;;На улице;Люк (шахта, колодец);;;Труп в колодце (люке, шахте);Извлечение погибших из подземных коммуникаций;MCHS;;28;"Классификатор МЧС | Классификатор МЧС | Классификатор МВД | Классификатор СМП | Классификатор СМП | Классификатор МОСГАЗ | ЦЭМП | ЦЭМП | ЦЭМП | ЦЭМП | Классификатор ФСБ | МГТС | МГТС | Мосводоканал | МОЭК | МОЭСК (ПАО ""Россети Московский регион"") | ОЭК | ЦОДД | Аппарат МЭРА | Москоллектор | Мосводосток | ДТУ_Р (Ритуал) | Территориальные ОИВ | Территориальные ОИВ    ТиНАО | Департамент строительства города Москвы | Департамент культуры | ГКУ НТУ | ЦУКБ Министерство обороны"
19020501;;На улице;Люк (шахта, колодец);Труп;;Труп в колодце (люке, шахте) - причина неизвестна;Извлечение погибших из подземных коммуникаций;MCHS;;25;"Классификатор МЧС | Классификатор МЧС | Классификатор МВД | Классификатор СМП | Классификатор СМП | Классификатор МОСГАЗ | ЦЭМП | ЦЭМП | ЦЭМП | ЦЭМП | Классификатор ФСБ | МГТС | Мосводоканал | МОЭК | МОЭСК (ПАО ""Россети Московский регион"") | ЦОДД | Аппарат МЭРА | Москоллектор | ДТУ_Р (Ритуал) | Территориальные ОИВ | Территориальные ОИВ    ТиНАО | Департамент строительства города Москвы | Департамент культуры | ГКУ НТУ | ЦУКБ Министерство обороны"
19020502;;На улице;Люк (шахта, колодец);Части тела;;Найдены части тела в колодце (люке, шахте);Извлечение погибших из подземных коммуникаций;MCHS;;26;"Классификатор МЧС | Классификатор МЧС | Классификатор МВД | Классификатор СМП | Классификатор СМП | Классификатор МОСГАЗ | ЦЭМП | ЦЭМП | ЦЭМП | ЦЭМП | Классификатор ФСБ | МГТС | Мосводоканал | МОЭК | МОЭСК (ПАО ""Россети Московский регион"") | ЦОДД | Аппарат МЭРА | Москоллектор | ДТУ_Р (Ритуал) | Территориальные ОИВ | Территориальные ОИВ    ТиНАО | Департамент строительства города Москвы | Департамент культуры | ГКУ НТУ | ФСО | ЦУКБ Министерство обороны"
19020503;;На улице;Люк (шахта, колодец);Убийство;;Убийство (подземные коммуникации);Убийство;MCHS;;26;"Классификатор МЧС | Классификатор МЧС | Классификатор МВД | Классификатор СМП | Классификатор СМП | Классификатор МОСГАЗ | ЦЭМП | ЦЭМП | ЦЭМП | ЦЭМП | Классификатор ФСБ | МГТС | Мосводоканал | МОЭК | МОЭСК (ПАО ""Россети Московский регион"") | ЦОДД | Аппарат МЭРА | Москоллектор | ДТУ_Р (Ритуал) | Росгвардия | Территориальные ОИВ | Территориальные ОИВ    ТиНАО | Департамент культуры | ГКУ НТУ | ФСО | ЦУКБ Министерство обороны"
19020600;;На улице;В воде;;;Утопленник в воде;Происшествия на воде: извлечение утопленников;Police;извлечение утопленников;16;Классификатор МЧС | Классификатор МЧС | Классификатор МВД | Классификатор СМП | Классификатор СМП | ЦЭМП | ЦЭМП | ЦЭМП | ЦЭМП | Классификатор ФСБ | ЦОДД | Аппарат МЭРА | ДТУ_Р (Ритуал) | Департамент культуры | ГКУ НТУ | ЦУКБ Министерство обороны
19020601;;На улице;В воде;Труп;;Труп в воде;Происшествия на воде: извлечение утопленников;Police;извлечение утопленников;16;Классификатор МЧС | Классификатор МЧС | Классификатор МВД | Классификатор СМП | Классификатор СМП | ЦЭМП | ЦЭМП | ЦЭМП | ЦЭМП | Классификатор ФСБ | ЦОДД | Аппарат МЭРА | ДТУ_Р (Ритуал) | Департамент культуры | ГКУ НТУ | ЦУКБ Министерство обороны
19020602;;На улице;В воде;Части тела;;Труп в воде - части тела;Происшествия на воде: извлечение фрагментов тела;Police;извлечение фрагментов тела;14;Классификатор МЧС | Классификатор МЧС | Классификатор МВД | ЦЭМП | ЦЭМП | ЦЭМП | ЦЭМП | Классификатор ФСБ | ЦОДД | Аппарат МЭРА | ДТУ_Р (Ритуал) | Департамент культуры | ГКУ НТУ | ЦУКБ Министерство обороны
19020603;;На улице;В воде;Убийство;;Убийство (труп в воде);Убийство;Police;;16;Классификатор МВД | Классификатор СМП | Классификатор СМП | ЦЭМП | ЦЭМП | ЦЭМП | ЦЭМП | Классификатор ФСБ | ЦОДД | Аппарат МЭРА | ДТУ_Р (Ритуал) | Росгвардия | Департамент культуры | ГКУ НТУ | ФСО | ЦУКБ Министерство обороны
20010100;Социальная помощь;Одинокий инвалид  пожилой человек или болен, ограничен в движении;Поднять с пола;;;Социальная помощь: поднять с пола;Поднять с пола;MCHS;Поднять с пола;4;Классификатор МЧС | Классификатор СМП | ГКУ ЦСА имени Е.П.Глинки | ГКУ НТУ
20010200;;Одинокий инвалид  пожилой человек или болен, ограничен в движении;Открыть дверь в квартиру;;;Социальная помощь: открыть дверь в квартиру;Оказание помощи населению (общее);;;2;Классификатор СМП | ГКУ НТУ
20010300;;Одинокий инвалид  пожилой человек или болен, ограничен в движении;Перенести в машину скорой;;;Социальная помощь: перенести в машину скорой помощи;Медицинская эвакуация пострадавших;;;3;Классификатор МЧС | Аппарат МЭРА | ГКУ НТУ
20010400;;Одинокий инвалид  пожилой человек или болен, ограничен в движении;Нуждается в ночлеге;;;Социальная помощь: нуждается в ночлеге;НЕТ в ЕКП;Dep.tszn;;2;ОД Департамент ТСЗН | ГКУ НТУ
20020000;;Кольцо на пальце, наручники снять и т.д.;;;;Кольцо на пальце, наручники снять и т.д.;Оказание помощи населению (общее);MCHS;Оказание помощи населению (общее);2;Классификатор МЧС | ГКУ НТУ
20030000;;Помощь психолога;;;;Помощь психолога;НЕТ в ЕКП;MSPPN;;2;МСППН | ГКУ НТУ
20040000;;Нуждается в ночлеге;;;;Человек нуждается в ночлеге;НЕТ в ЕКП;Dep.tszn;;3;ОД Департамент ТСЗН | ГКУ ЦСА имени Е.П.Глинки | ГКУ НТУ
20050000;;Прочая помощь;;;;Помощь человеку (прочее);НЕТ в ЕКП;;;3;Классификатор МВД | Классификатор СМП | ГКУ НТУ
21010100;Животные;Животное угрожает людям;Нападает/Атакует;;;Агрессивное животное;нет в ЕКП;;;12;Классификатор МВД | Классификатор МВД | Классификатор СМП | ЦЭМП | ЦЭМП | ЦЭМП | ЦЭМП | Гор. Хозяйство | Территориальные ОИВ | Территориальные ОИВ    ТиНАО | Департамент культуры | ГКУ НТУ
21010200;;Животное угрожает людям;Укусило;;;Укус животного;Укусы животных;;;13;Классификатор МВД | Классификатор МВД | Классификатор СМП | ЦЭМП | ЦЭМП | ЦЭМП | ЦЭМП | Гор. Хозяйство | Аппарат МЭРА | Территориальные ОИВ | Территориальные ОИВ    ТиНАО | Департамент культуры | ГКУ НТУ
21010300;;Животное угрожает людям;Агрессивное животное в одном помещение с человеком;;;Агрессивное животное рядом с человеком;нет в ЕКП;;;12;Классификатор МВД | Классификатор МВД | Классификатор СМП | ЦЭМП | ЦЭМП | ЦЭМП | ЦЭМП | Гор. Хозяйство | Территориальные ОИВ | Территориальные ОИВ    ТиНАО | Департамент культуры | ГКУ НТУ
21020000;;Бродячее животное;;;;Бродячее животное;нет в ЕКП;;;5;Гор. Хозяйство | Территориальные ОИВ | Территориальные ОИВ    ТиНАО | Департамент культуры | ГКУ НТУ
21030000;;Движется по проезжей части;;;;Дикое животное в городе;нет в ЕКП;;Оказание помощи службам города (общее);6;Классификатор МВД | Гор. Хозяйство | ЦОДД | Департамент ППиООС | Департамент культуры | ГКУ НТУ
21040100;;Угроза животному;Придавило, зажало, застрял;;;Спасти животное;Спасение животных с применением аварийно-спасательных средств;;;7;Классификатор МЧС | Аппарат МЭРА | Департамент ППиООС | Территориальные ОИВ | Территориальные ОИВ    ТиНАО | Департамент культуры | ГКУ НТУ
21040200;;Угроза животному;Потерялось;;;Потерялось домашнее животное;нет в ЕКП;;;2;Департамент культуры | ГКУ НТУ
21040301;;Угроза животному;Жестокое обращение;В данный момент;;Жестокое обращени с животными в данный момент;нет в ЕКП;Police;;3;Классификатор МВД | Департамент культуры | ГКУ НТУ
21040300;;Угроза животному;Жестокое обращение;;;Жестокое обращени с животными;нет в ЕКП;;;2;Департамент культуры | ГКУ НТУ
21040400;;Угроза животному;На дереве, ветеринарная помощь, пристроить животное;;;Угроза животному - прочее;нет в ЕКП;;;2;Департамент культуры | ГКУ НТУ
21040401;;Угроза животному;На дереве, ветеринарная помощь, пристроить животное;Дикое, экзотическое;;Угроза животному - прочее (дикое, экзотическое);нет в ЕКП;DepEco;;3;Департамент ППиООС | Департамент культуры | ГКУ НТУ
21050000;;Труп животного (двор, тротуар;;;;Умершее животное;Неубранный тротуар;;;6;Гор. Хозяйство | Аппарат МЭРА | Территориальные ОИВ | Территориальные ОИВ    ТиНАО | Департамент культуры | ГКУ НТУ
21050100;;Труп животного (проезжая часть);Проезжая часть, крупное животное;;;Умершее животное (проезжая часть);Неубранная проезжая часть;;;7;Классификатор МВД | ЦОДД | Аппарат МЭРА | Территориальные ОИВ | Территориальные ОИВ    ТиНАО | Департамент культуры | ГКУ НТУ
22010000;Оказание медицинской скорой и неотложной помощи;Аллергия;;;;Аллергия;Аллергия;AMBULANCE;;5;Классификатор СМП | Классификатор СМП | Аппарат МЭРА | Департамент культуры | ГКУ НТУ
22020000;;Без сознания;;;;Без сознания;Без сознания;AMBULANCE;;4;Классификатор СМП | Классификатор СМП | Департамент культуры | ГКУ НТУ
22030000;;Беременность;;;;Беременность;Беременность;AMBULANCE;;4;Классификатор СМП | Классификатор СМП | Департамент культуры | ГКУ НТУ
22040000;;Найден беспризорный;;;;Беспризорный;Беспризорный;AMBULANCE;;5;Классификатор МВД | Классификатор СМП | Классификатор СМП | Департамент культуры | ГКУ НТУ
22050000;;Боль в глазу, нарушение зрения;;;;Боль в глазу, нарушение зрения;Боль в глазу, нарушение зрения;AMBULANCE;;4;Классификатор СМП | Классификатор СМП | Департамент культуры | ГКУ НТУ
22060000;;Боль в горле;;;;Боль в горле;Болит горло;AMBULANCE;;4;Классификатор СМП | Классификатор СМП | Департамент культуры | ГКУ НТУ
22070000;;Боль в грудной клетке;;;;Боль в грудной клетке;Боль в грудной клетке;AMBULANCE;;4;Классификатор СМП | Классификатор СМП | Департамент культуры | ГКУ НТУ
22080000;;Боль в животе;;;;Боль в животе;Болит живот;AMBULANCE;;4;Классификатор СМП | Классификатор СМП | Департамент культуры | ГКУ НТУ
22090000;;Боль в ноге;;;;Боль в ноге;Боль в ноге;AMBULANCE;;4;Классификатор СМП | Классификатор СМП | Департамент культуры | ГКУ НТУ
22100000;;Боли в пояснице;;;;Боли в пояснице;Боли в пояснице;AMBULANCE;;4;Классификатор СМП | Классификатор СМП | Департамент культуры | ГКУ НТУ
22110000;;Боль в руке;;;;Боль в руке;Боль в руке;AMBULANCE;;4;Классификатор СМП | Классификатор СМП | Департамент культуры | ГКУ НТУ
22120000;;Боль в ухе, нарушение слуха;;;;Боль в ухе, нарушение слуха;Боль в ухе, нарушение слуха;AMBULANCE;;4;Классификатор СМП | Классификатор СМП | Департамент культуры | ГКУ НТУ
22130000;;Гемофилия;;;;Гемофилия;Гемофилия;AMBULANCE;;4;Классификатор СМП | Классификатор СМП | Департамент культуры | ГКУ НТУ
22140000;;Гинекология;;;;Гинекология;Гинекология;AMBULANCE;;4;Классификатор СМП | Классификатор СМП | Департамент культуры | ГКУ НТУ
22150000;;Головная боль;;;;Головная боль;Головная боль;AMBULANCE;;4;Классификатор СМП | Классификатор СМП | Департамент культуры | ГКУ НТУ
22160000;;Головокружение;;;;Головокружение;Головокружение;AMBULANCE;;4;Классификатор СМП | Классификатор СМП | Департамент культуры | ГКУ НТУ
22170000;;Задыхается;;;;Задыхается;Задыхается;AMBULANCE;;4;Классификатор СМП | Классификатор СМП | Департамент культуры | ГКУ НТУ
22180000;;Зубная боль;;;;Зубная боль;Зубная боль;AMBULANCE;;4;Классификатор СМП | Классификатор СМП | Департамент культуры | ГКУ НТУ
22190000;;Инородное тело (глаз пищевод ухо нос);;;;Инородное тело;Инородное тело;AMBULANCE;;4;Классификатор СМП | Классификатор СМП | Департамент культуры | ГКУ НТУ
22200000;;Кашель;;;;Кашель;Кашель;AMBULANCE;;4;Классификатор СМП | Классификатор СМП | Департамент культуры | ГКУ НТУ
22210000;;Медицинская консультация;;;;Медицинская консультация;Консультация медицинская;AMBULANCE;;4;Классификатор СМП | Классификатор СМП | Департамент культуры | ГКУ НТУ
22220000;;Кормящая;;;;Кормящая;Кормящая;AMBULANCE;;4;Классификатор СМП | Классификатор СМП | Департамент культуры | ГКУ НТУ
22230000;;Кровотечение;;;;Кровотечение;Кровотечение;AMBULANCE;;4;Классификатор СМП | Классификатор СМП | Департамент культуры | ГКУ НТУ
22240000;;Наркомания (передозировка);;;;Наркомания;Наркомания;AMBULANCE;;6;Классификатор СМП | Классификатор СМП | Департамент РБиПК             (ГКУ МОСБЕЗ) | Департамент культуры | ГКУ НТУ | ФСО
22250000;;Нарушение дыхания тяжело дышать;;;;Тяжело дышать;Тяжело дышать;AMBULANCE;;4;Классификатор СМП | Классификатор СМП | Департамент культуры | ГКУ НТУ
22260000;;Нарушение дефекации;;;;Нарушение дефекации;Нарушение дефекации;AMBULANCE;;4;Классификатор СМП | Классификатор СМП | Департамент культуры | ГКУ НТУ
22270000;;Нарушение мочеиспускания;;;;Нарушение мочеиспускания;Нарушение мочеиспускания;AMBULANCE;;4;Классификатор СМП | Классификатор СМП | Департамент культуры | ГКУ НТУ
22280000;;Нарушение ритма сердца;;;;Нарушение ритма сердца;Нарушение ритма сердца;AMBULANCE;;4;Классификатор СМП | Классификатор СМП | Департамент культуры | ГКУ НТУ
22290000;;Новорожденный (дом роды);;;;Новорожденный (дом роды);Новорожденный (дом роды);AMBULANCE;;4;Классификатор СМП | Классификатор СМП | Департамент культуры | ГКУ НТУ
22300000;;Ожог;;;;Ожог;Ожог;AMBULANCE;;4;Классификатор СМП | Классификатор СМП | Департамент культуры | ГКУ НТУ
22310000;;Онкология;;;;Онкология;Онкология;AMBULANCE;;4;Классификатор СМП | Классификатор СМП | Департамент культуры | ГКУ НТУ
22320000;;Отморожение;;;;Отморожение;Отморожение;AMBULANCE;;8;Классификатор СМП | Классификатор СМП | ЦЭМП | ЦЭМП | ЦЭМП | ЦЭМП | Департамент культуры | ГКУ НТУ
22330000;;Переохлаждение;;;;Переохлаждение;Переохлаждение;AMBULANCE;;8;Классификатор СМП | Классификатор СМП | ЦЭМП | ЦЭМП | ЦЭМП | ЦЭМП | Департамент культуры | ГКУ НТУ
22340000;;Отравление;;;;Отравление;Отравление;AMBULANCE;;4;Классификатор СМП | Классификатор СМП | Департамент культуры | ГКУ НТУ
22340100;;Отравление;в результате криминальных действий;;;Отравление в результате криминальных действий;Отравление в результате криминальных действий;AMBULANCE;;8;Классификатор МВД | Классификатор СМП | Классификатор СМП | ЦЭМП | Росгвардия | Департамент культуры | ГКУ НТУ | ФСО
22340200;;Отравление;угарным газом;;;Отравление угарным газом;Предполагаемое отравление угарным газом;AMBULANCE;;6;Классификатор МВД | Классификатор СМП | Классификатор СМП | Классификатор Мособлгаз | Департамент культуры | ГКУ НТУ
22350000;;Парализовало;;;;Парализовало;Парализовало;AMBULANCE;;4;Классификатор СМП | Классификатор СМП | Департамент культуры | ГКУ НТУ
22360000;;Плохо;;;;Плохо;Плохо;AMBULANCE;;4;Классификатор СМП | Классификатор СМП | Департамент культуры | ГКУ НТУ
22370000;;Плохо с сердцем;;;;Плохо с сердцем;Плохо с сердцем;AMBULANCE;;4;Классификатор СМП | Классификатор СМП | Департамент культуры | ГКУ НТУ
22380000;;Плохо парализованному;;;;Плохо парализованному;Плохо парализованному;AMBULANCE;;4;Классификатор СМП | Классификатор СМП | Департамент культуры | ГКУ НТУ
22390000;;Повышенное АД;;;;Повышенное АД;Повышенное АД;AMBULANCE;;4;Классификатор СМП | Классификатор СМП | Департамент культуры | ГКУ НТУ
22400000;;Подавился;;;;Подавился;Подавился;AMBULANCE;;4;Классификатор СМП | Классификатор СМП | Департамент культуры | ГКУ НТУ
22410000;;Пониженное АД;;;;Пониженное АД;Пониженное АД;AMBULANCE;;4;Классификатор СМП | Классификатор СМП | Департамент культуры | ГКУ НТУ
22420000;;Психиатрия;;;;Психиатрия;Психииатрия;AMBULANCE;;4;Классификатор СМП | Классификатор СМП | Департамент культуры | ГКУ НТУ
22430000;;Психические нарушения;;;;Психические нарушения;Психические нарушения;AMBULANCE;;4;Классификатор СМП | Классификатор СМП | Департамент культуры | ГКУ НТУ
22440000;;Послеродовый период (до42д);;;;Послеродовый период (до42д);Послеродовый период(до42д);AMBULANCE;;4;Классификатор СМП | Классификатор СМП | Департамент культуры | ГКУ НТУ
22450000;;Рвота;;;;Рвота;Рвота;AMBULANCE;;4;Классификатор СМП | Классификатор СМП | Департамент культуры | ГКУ НТУ
22460000;;Роды;;;;Роды;Роды;AMBULANCE;;4;Классификатор СМП | Классификатор СМП | Департамент культуры | ГКУ НТУ
22470000;;Сахарный диабет;;;;Сахарный диабет;Сахарный диабет;AMBULANCE;;4;Классификатор СМП | Классификатор СМП | Департамент культуры | ГКУ НТУ
22480000;;Слабость;;;;Слабость;Слабость;AMBULANCE;;4;Классификатор СМП | Классификатор СМП | Департамент культуры | ГКУ НТУ
22490000;;Состояние после обморока;;;;Состояние после обморока;Состояние после обморока;AMBULANCE;;4;Классификатор СМП | Классификатор СМП | Департамент культуры | ГКУ НТУ
22500000;;Судороги;;;;Судороги;Судороги;AMBULANCE;;4;Классификатор СМП | Классификатор СМП | Департамент культуры | ГКУ НТУ
22510000;;Сыпь;;;;Сыпь;Сыпь;AMBULANCE;;4;Классификатор СМП | Классификатор СМП | Департамент культуры | ГКУ НТУ
22520000;;Температура;;;;Температура;Температура;AMBULANCE;;4;Классификатор СМП | Классификатор СМП | Департамент культуры | ГКУ НТУ
22530000;;Травма;;;;Травма;Травма;AMBULANCE;;5;Классификатор СМП | Классификатор СМП | Департамент культуры | ГКУ НТУ | ФСО
22540000;;Туберкулез;;;;Туберкулез;Туберкулез;AMBULANCE;;5;Классификатор СМП | Классификатор СМП | Аппарат МЭРА | Департамент культуры | ГКУ НТУ
22550000;;Умирает;;;;Умирает;Умирает;AMBULANCE;;5;Классификатор СМП | Классификатор СМП | Аппарат МЭРА | Департамент культуры | ГКУ НТУ
22560000;;Электротравма;;;;Электротравма;Электротравма;AMBULANCE;;8;Классификатор МЧС | Классификатор МЧС | Классификатор МВД | Классификатор СМП | Классификатор СМП | Аппарат МЭРА | Департамент культуры | ГКУ НТУ
22570000;;Инфекционные заболевания;;;;Инфекционные заболевания;Инфекционные заболевания;ZEMP;;7;Классификатор СМП | ЦЭМП | ЦЭМП | ЦЭМП | ЦЭМП | Департамент культуры | ГКУ НТУ
23010000;Благодарность службам;Благодарность;101 102 103 104 112 прочие службы;В части касающейся службы;;Благодарность;;;"Без оповещения (регистрация как ""справка"", заявителю предоставлять телефон для самостоятельного обращения  84956372222)";4;Классификатор МЧС | Классификатор МВД | Классификатор СМП | Классификатор МОСГАЗ
23020000;Жалоба на действие или бездействие служб;Жалоба;101 102 103 104 112 прочие службы;В части касающейся службы;;Жалоба;;;"Без оповещения (регистрация как ""справка"", заявителю предоставлять телефон для самостоятельного обращения  84956372222)";6;Классификатор МЧС | Классификатор МВД | Классификатор СМП | Классификатор МОСГАЗ | ГКУ НТУ | ФСО
23030000;Справочно-консультационная помощь;Справка консультация;101 102 103 104 112 прочие службы;В части касающейся службы;;Справка;;;"Без оповещения (регистрация как ""справка"", заявителю предоставлять телефон для самостоятельного обращения  84956372222)";4;Классификатор МЧС | Классификатор МВД | Классификатор СМП | ГКУ НТУ
23040000;Тренировки;Тренировка;101 102 103 104 112 прочие службы;Учебная тревога оповещение тренировка;;Тренировка;;;;8;Классификатор МЧС | Классификатор МВД | Классификатор СМП | Классификатор МОСГАЗ | ГКУ НТУ | ЦУКБ Министерство обороны | Министерство обороны РХБЗ | Министерство обороны РХБЗ
23050000;Помощь службам;Помощь службам;;;;Помощь службам;;;;2;ГКУ НТУ | ФСО
23060000;Прочие происшествия;Прочие происшествия;Оператор-112 назначает службы по согласованию с руководством дежурной смены;;;Прочие происшествия;;;;1;ГКУ НТУ
23060001;Прочие происшествия (от 102);Прочие происшествия (от 102);Для простомотра операторов ОКр;;;Прочие происшествия (от 102);;;;0;
24010000;БПЛА;готовят к запуску, летит;;;;БПЛА;;Police;;18;Классификатор МВД | Классификатор ФСБ | ЦОДД | Департамент РБиПК             (ГКУ МОСБЕЗ) | Департамент РБиПК             (ГКУ МОСБЕЗ) | Аппарат МЭРА | Военная комендатура | Росгвардия | Территориальные ОИВ | Территориальные ОИВ    ТиНАО | ГКУ НТУ | ФСО | ГУП МСР | ЦУКБ Министерство обороны | ЦУКБ.БПЛА Министерство обороны | Министерство обороны РХБЗ | Министерство обороны РХБЗ | ООО Ситиэнерго
24020000;БПЛА;упал/ столкнулся, нет взрыва возгорания;жилой дом/административное здание;;;БПЛА здание;;Police;;26;"Классификатор МВД | Классификатор СМП | Классификатор МОСГАЗ | Классификатор ФСБ | Мосводоканал | МОЭК | МОЭСК (ПАО ""Россети Московский регион"") | ОЭК | ЦОДД | Департамент РБиПК             (ГКУ МОСБЕЗ) | Департамент РБиПК             (ГКУ МОСБЕЗ) | Аппарат МЭРА | Военная комендатура | ОАТИ | Росгвардия | Территориальные ОИВ | Территориальные ОИВ    ТиНАО | ГКУ НТУ | ФСО | ГУП МСР | ДГП (Департамент градостроительной политики) | ДГП (Департамент градостроительной политики) | ЦУКБ Министерство обороны | ЦУКБ.БПЛА Министерство обороны | ООО Ситиэнерго | Депортамент гражданского строительства"
24030000;БПЛА;упал/ столкнулся, нет взрыва возгорания;проезжая часть/тоннель/Мост/Эстакада/Подземный переход/Наземный переход;;;БПЛА проезжая часть;;Police;;23;Классификатор МВД | Классификатор СМП | Классификатор МОСГАЗ | Классификатор ФСБ | Автомобильные дороги | ГОРМОСТ | ЦОДД | Департамент РБиПК             (ГКУ МОСБЕЗ) | Департамент РБиПК             (ГКУ МОСБЕЗ) | Аппарат МЭРА | Военная комендатура | ОАТИ | Росгвардия | Территориальные ОИВ | Территориальные ОИВ    ТиНАО | Автомобильные дороги АО г.Москвы | ГКУ НТУ | ФСО | ГУП МСР | ЦУКБ Министерство обороны | ЦУКБ.БПЛА Министерство обороны | ГКУ Организатор перевозок | ООО Ситиэнерго
24040000;БПЛА;упал/ столкнулся, нет взрыва возгорания;Учебное;;;БПЛА учебное заведение;;Police;;22;"Классификатор МВД | Классификатор СМП | Классификатор МОСГАЗ | Классификатор ФСБ | Мосводоканал | МОЭСК (ПАО ""Россети Московский регион"") | ОЭК | ЦОДД | Департамент РБиПК             (ГКУ МОСБЕЗ) | Департамент РБиПК             (ГКУ МОСБЕЗ) | Аппарат МЭРА | Департамент образования | Военная комендатура | ОАТИ | Росгвардия | Территориальные ОИВ | Территориальные ОИВ    ТиНАО | ГКУ НТУ | ФСО | ГУП МСР | ЦУКБ Министерство обороны | ЦУКБ.БПЛА Министерство обороны"
24050000;БПЛА;упал/ столкнулся, нет взрыва возгорания;Лечебное;;;БПЛА лечебное заведение;;Police;;22;"Классификатор МВД | Классификатор СМП | Классификатор МОСГАЗ | ЦЭМП | Классификатор ФСБ | Мосводоканал | МОЭСК (ПАО ""Россети Московский регион"") | ОЭК | ЦОДД | Департамент РБиПК             (ГКУ МОСБЕЗ) | Департамент РБиПК             (ГКУ МОСБЕЗ) | Аппарат МЭРА | Военная комендатура | ОАТИ | Росгвардия | Территориальные ОИВ | Территориальные ОИВ    ТиНАО | ГКУ НТУ | ФСО | ГУП МСР | ЦУКБ Министерство обороны | ЦУКБ.БПЛА Министерство обороны"
24060000;БПЛА;упал/ столкнулся, нет взрыва возгорания;Коммуникации/Объект связи;;;БПЛА коммуникации, объект связи;;Police;;25;"Классификатор МВД | Классификатор СМП | Классификатор МОСГАЗ | Классификатор ФСБ | МГТС | Мосводоканал | МОЭК | МОЭСК (ПАО ""Россети Московский регион"") | ОЭК | ЦОДД | Департамент РБиПК             (ГКУ МОСБЕЗ) | Департамент РБиПК             (ГКУ МОСБЕЗ) | Аппарат МЭРА | Москоллектор | Военная комендатура | ОАТИ | Мосводосток | Росгвардия | Территориальные ОИВ | Территориальные ОИВ    ТиНАО | ГКУ НТУ | ФСО | ГУП МСР | ЦУКБ Министерство обороны | ЦУКБ.БПЛА Министерство обороны"
24070000;БПЛА;упал/ столкнулся, нет взрыва возгорания;Опасный объект/Газопровод;;;БПЛА Опасный объект, газопровод;;Police;БПЛА;29;"Классификатор МЧС | Классификатор МВД | Классификатор СМП | Классификатор МОСГАЗ | Классификатор ФСБ | МГТС | Мосводоканал | МОЭК | МОЭСК (ПАО ""Россети Московский регион"") | ОЭК | ЦОДД | Департамент РБиПК             (ГКУ МОСБЕЗ) | Департамент РБиПК             (ГКУ МОСБЕЗ) | Аппарат МЭРА | Москоллектор | Военная комендатура | ОАТИ | Мосводосток | Росгвардия | Территориальные ОИВ | Территориальные ОИВ    ТиНАО | ГКУ НТУ | ФСО | ГУП МСР | ЦУКБ Министерство обороны | ЦУКБ.БПЛА Министерство обороны | Министерство обороны РХБЗ | Министерство обороны РХБЗ | ООО Ситиэнерго"
24080000;БПЛА;упал/ столкнулся, нет взрыва возгорания;ЛЭП/Провода/ Контактная сеть;;;БПЛА ЛЭП/Провода/контактная сеть;;Police;;22;"Классификатор МВД | Классификатор СМП | Классификатор МОСГАЗ | Классификатор ФСБ | Метро | МОЭСК (ПАО ""Россети Московский регион"") | ОЭК | ЦОДД | Департамент РБиПК             (ГКУ МОСБЕЗ) | Департамент РБиПК             (ГКУ МОСБЕЗ) | Аппарат МЭРА | РЖД (МосковскаяЖД) | Военная комендатура | ОАТИ | Росгвардия | Территориальные ОИВ | Территориальные ОИВ    ТиНАО | ГКУ НТУ | ФСО | ГУП МСР | ЦУКБ Министерство обороны | ЦУКБ.БПЛА Министерство обороны"
24090000;БПЛА;упал/ столкнулся, нет взрыва возгорания;Транспортный объект;;;БПЛА Транспорный объект;;Police;;27;"Классификатор МВД | Классификатор СМП | Классификатор МОСГАЗ | Классификатор ФСБ | Мосгортранс | МГТС | Метро | Мосводоканал | МОЭК | МОЭСК (ПАО ""Россети Московский регион"") | ОЭК | ЦОДД | Департамент РБиПК             (ГКУ МОСБЕЗ) | Департамент РБиПК             (ГКУ МОСБЕЗ) | Аппарат МЭРА | РЖД (МосковскаяЖД) | Военная комендатура | ОАТИ | Росгвардия | Территориальные ОИВ | Территориальные ОИВ    ТиНАО | ГКУ НТУ | ФСО | ГУП МСР | ЦУКБ Министерство обороны | ЦУКБ.БПЛА Министерство обороны | ГКУ Организатор перевозок"
24100000;БПЛА;упал/ столкнулся, нет взрыва возгорания;Военный объект;;;БПЛА Военный объект;;Police;;24;"Классификатор МВД | Классификатор СМП | Классификатор МОСГАЗ | Классификатор ФСБ | МГТС | Мосводоканал | МОЭК | МОЭСК (ПАО ""Россети Московский регион"") | ОЭК | ЦОДД | Департамент РБиПК             (ГКУ МОСБЕЗ) | Департамент РБиПК             (ГКУ МОСБЕЗ) | Аппарат МЭРА | Военная комендатура | ОАТИ | Мосводосток | Росгвардия | Территориальные ОИВ | Территориальные ОИВ    ТиНАО | ГКУ НТУ | ФСО | ГУП МСР | ЦУКБ Министерство обороны | ЦУКБ.БПЛА Министерство обороны"
24110000;БПЛА;упал/ столкнулся, нет взрыва возгорания;Прочее;;;БПЛА Прочее;;Police;;26;"Классификатор МВД | Классификатор СМП | Классификатор МОСГАЗ | Классификатор ФСБ | МГТС | Мосводоканал | МОЭК | МОЭСК (ПАО ""Россети Московский регион"") | ОЭК | ЦОДД | Департамент РБиПК             (ГКУ МОСБЕЗ) | Департамент РБиПК             (ГКУ МОСБЕЗ) | Аппарат МЭРА | Москоллектор | Военная комендатура | ОАТИ | Мосводосток | Росгвардия | Территориальные ОИВ | Территориальные ОИВ    ТиНАО | ГКУ НТУ | ФСО | ГУП МСР | ЦУКБ Министерство обороны | ЦУКБ.БПЛА Министерство обороны | ООО Ситиэнерго"
24120100;БПЛА;летит, готовят к запуску,упал/ столкнулся, нет взрыва возгорания;Регион;;;БПЛА Регион;;Police;;9;Классификатор МВД | Классификатор ФСБ | Аппарат МЭРА | ГКУ НТУ | ФСО | ГУП МСР | ЦУКБ.БПЛА Министерство обороны | Министерство обороны РХБЗ | ООО Ситиэнерго
24120200;БПЛА;летит, готовят к запуску,упал/ столкнулся, нет взрыва возгорания;Регион;;;БВС Регион;;МСР;;1;ГУП МСР
